date_key,full_date,year,quarter,month,month_name,week_of_year,total_orders,delivered_orders,gross_revenue,net_revenue,avg_order_value,total_shipments,delivered_shipments,on_time_shipments,sla_breach_shipments,sla_breach_pct,shipping_cost,avg_shipping_cost,avg_transit_days,avg_delay_days
20230621,2023-06-21,2023,2,6,June,25,253,202,657298.94,590149.64,2332.61,276,235,213,24,8.7,54386.61,197.05,4.88,0.04
20251211,2025-12-11,2025,4,12,December,50,460,388,1051504.63,969440.07,2107.48,439,361,335,28,6.38,88675.56,201.99,4.91,-0.02
20250416,2025-04-16,2025,2,4,April,16,266,212,627763.0,567779.46,2134.51,261,226,209,17,6.51,51127.47,195.89,4.99,0.06
20240804,2024-08-04,2024,3,8,August,31,329,267,767592.51,706121.58,2146.27,293,253,237,16,5.46,55170.2,188.29,4.48,-0.06
20241211,2024-12-11,2024,4,12,December,50,456,386,1054176.8,940930.07,2063.44,472,395,358,39,8.26,91715.75,194.31,5.0,0.02
20241024,2024-10-24,2024,4,10,October,43,581,493,1460998.23,1328036.22,2285.78,542,450,414,36,6.64,106830.75,197.1,4.97,0.04
20250324,2025-03-24,2025,1,3,March,13,241,203,694984.59,632174.74,2623.13,242,196,175,21,8.68,45688.63,188.8,5.21,0.14
20220815,2022-08-15,2022,3,8,August,33,272,226,690233.04,625150.08,2298.35,274,232,210,22,8.03,54352.18,198.37,4.75,-0.0
20241018,2024-10-18,2024,4,10,October,42,580,491,1353453.61,1233346.63,2126.46,561,471,441,30,5.35,110458.23,196.9,4.77,-0.09
20220317,2022-03-17,2022,1,3,March,11,225,181,538703.25,489749.32,2176.66,238,201,181,20,8.4,49640.04,208.57,4.94,0.0
20230414,2023-04-14,2023,2,4,April,15,250,209,611391.4,550124.57,2200.5,231,198,185,15,6.49,40918.12,177.13,4.78,0.01
20250226,2025-02-26,2025,1,2,February,9,247,201,583920.25,545502.35,2208.51,214,179,167,12,5.61,40696.22,190.17,4.8,-0.02
20231102,2023-11-02,2023,4,11,November,44,764,619,1916718.32,1747292.38,2287.03,625,531,489,42,6.72,120470.32,192.75,4.8,-0.01
20221103,2022-11-03,2022,4,11,November,44,729,590,1766185.62,1598953.79,2193.35,710,602,551,54,7.61,134554.8,189.51,4.97,0.04
20240622,2024-06-22,2024,2,6,June,25,235,192,602817.13,541663.7,2304.95,249,199,179,22,8.84,49823.18,200.09,4.98,0.07
20230723,2023-07-23,2023,3,7,July,29,298,244,747696.0,674620.52,2263.83,282,249,229,21,7.45,53730.71,190.53,4.6,-0.02
20231201,2023-12-01,2023,4,12,December,48,501,412,1329971.58,1214863.06,2424.88,642,554,517,39,6.07,127989.05,199.36,5.01,0.04
20220727,2022-07-27,2022,3,7,July,30,285,227,638192.19,577767.48,2027.25,260,220,203,18,6.92,51069.17,196.42,4.81,-0.06
20221016,2022-10-16,2022,4,10,October,41,576,470,1462026.95,1320888.94,2293.21,629,552,514,40,6.36,120699.35,191.89,4.93,0.0
20230413,2023-04-13,2023,2,4,April,15,233,188,525289.21,475995.18,2042.9,237,186,170,18,7.59,51577.52,217.63,5.43,-0.03
20250706,2025-07-06,2025,3,7,July,27,268,212,605614.53,549325.71,2049.72,253,220,202,18,7.11,46850.78,185.18,4.72,-0.0
20240415,2024-04-15,2024,2,4,April,16,229,176,586960.69,529530.31,2312.36,245,205,187,18,7.35,48530.72,198.08,4.77,0.01
20240620,2024-06-20,2024,2,6,June,25,248,203,668919.45,598260.58,2412.34,249,211,198,13,5.22,44186.18,177.45,4.61,-0.0
20220419,2022-04-19,2022,2,4,April,16,260,199,642643.55,572811.55,2203.12,259,215,201,14,5.41,52220.99,201.63,4.92,-0.05
20230806,2023-08-06,2023,3,8,August,31,294,256,760668.7,698085.39,2374.44,296,250,240,10,3.38,56621.58,191.29,4.61,-0.08
20221207,2022-12-07,2022,4,12,December,49,443,366,1128088.82,1022571.25,2308.29,467,399,364,35,7.49,94540.2,202.44,4.96,-0.01
20220203,2022-02-03,2022,1,2,February,5,216,179,503814.9,449572.92,2081.36,243,200,187,13,5.35,48014.37,197.59,5.0,0.0
20231031,2023-10-31,2023,4,10,October,44,541,439,1312394.25,1188050.33,2196.03,549,465,420,46,8.38,109624.43,199.68,5.03,0.01
20240529,2024-05-29,2024,2,5,May,22,252,206,575467.93,525806.77,2086.53,266,230,210,20,7.52,49262.43,185.2,4.77,0.0
20240828,2024-08-28,2024,3,8,August,35,291,227,690051.96,626689.23,2153.57,284,242,218,24,8.45,58592.93,206.31,5.19,0.07
20250918,2025-09-18,2025,3,9,September,38,310,263,833454.39,745406.57,2404.54,314,263,243,21,6.69,63715.49,202.92,5.09,-0.0
20250816,2025-08-16,2025,3,8,August,33,311,256,757745.23,681196.06,2190.34,291,245,222,23,7.9,55829.62,191.85,4.93,0.02
20250801,2025-08-01,2025,3,8,August,31,285,244,714796.26,654520.82,2296.56,288,240,219,22,7.64,55732.24,193.51,4.83,-0.02
20231013,2023-10-13,2023,4,10,October,41,560,445,1389056.28,1268118.98,2264.5,542,464,430,36,6.64,108100.26,199.45,4.89,0.0
20250731,2025-07-31,2025,3,7,July,31,300,248,728101.71,659668.88,2198.9,277,237,222,16,5.78,58354.86,210.67,5.28,-0.01
20220416,2022-04-16,2022,2,4,April,15,248,208,552467.96,503180.1,2028.95,247,207,185,22,8.91,53548.47,216.8,5.09,0.03
20250104,2025-01-04,2025,1,1,January,1,233,189,561120.57,503078.14,2159.13,229,199,183,17,7.42,45868.57,200.3,4.94,0.03
20221221,2022-12-21,2022,4,12,December,51,473,396,1188946.11,1081386.5,2286.23,464,395,360,35,7.54,93115.52,200.68,5.05,-0.0
20231220,2023-12-20,2023,4,12,December,51,466,368,1109895.58,1008075.04,2163.25,488,410,380,32,6.56,96267.65,197.27,4.97,-0.08
20251227,2025-12-27,2025,4,12,December,52,442,360,1014831.14,910469.67,2059.89,461,392,359,35,7.59,89923.08,195.06,4.86,0.06
20231101,2023-11-01,2023,4,11,November,44,704,590,1772925.48,1601959.72,2275.51,575,483,438,48,8.35,114488.42,199.11,4.89,0.04
20231118,2023-11-18,2023,4,11,November,46,748,615,1850942.02,1665330.37,2226.38,790,676,624,52,6.58,157325.44,199.15,4.96,-0.0
20240617,2024-06-17,2024,2,6,June,25,271,227,643249.92,581260.84,2144.87,254,209,183,26,10.24,51821.14,204.02,5.14,0.06
20221228,2022-12-28,2022,4,12,December,52,450,366,1080553.17,980764.39,2179.48,463,380,348,35,7.56,92038.1,198.79,4.9,0.02
20250325,2025-03-25,2025,1,3,March,13,259,209,640427.7,576100.01,2224.32,257,230,210,21,8.17,49240.72,191.6,5.0,0.02
20250928,2025-09-28,2025,3,9,September,39,307,259,739630.87,667993.51,2175.87,308,257,230,29,9.42,61302.51,199.03,4.81,0.04
20220308,2022-03-08,2022,1,3,March,10,255,211,669273.15,607159.08,2381.02,242,205,188,18,7.44,50702.62,209.51,5.26,0.05
20250519,2025-05-19,2025,2,5,May,21,256,201,642597.91,585275.69,2286.23,278,238,217,21,7.55,55499.61,199.64,5.08,0.02
20230601,2023-06-01,2023,2,6,June,22,266,228,676120.99,603945.26,2270.47,269,229,213,19,7.06,54985.19,204.41,5.12,-0.01
20241003,2024-10-03,2024,4,10,October,40,557,459,1383434.07,1246913.52,2238.62,561,454,420,35,6.24,108468.42,193.35,4.82,0.01
20220515,2022-05-15,2022,2,5,May,19,289,238,758649.16,696099.36,2408.65,278,226,205,22,7.91,53339.46,191.87,4.84,0.05
20231218,2023-12-18,2023,4,12,December,51,458,366,1184220.47,1068074.98,2332.04,445,368,341,29,6.52,87888.52,197.5,4.92,-0.01
20251123,2025-11-23,2025,4,11,November,47,690,572,1718954.14,1552760.97,2250.38,667,558,519,39,5.85,132954.32,199.33,4.81,-0.04
20241112,2024-11-12,2024,4,11,November,46,721,597,1745192.38,1583998.17,2196.95,674,554,516,40,5.93,133578.68,198.19,4.81,-0.03
20230714,2023-07-14,2023,3,7,July,28,291,241,718536.68,650821.12,2236.5,279,240,224,16,5.73,52438.09,187.95,4.61,-0.01
20231029,2023-10-29,2023,4,10,October,43,547,445,1278700.74,1160085.21,2120.81,596,512,465,47,7.89,112346.87,188.5,4.65,0.02
20220222,2022-02-22,2022,1,2,February,8,217,182,574066.84,515841.01,2377.15,213,180,171,9,4.23,41747.76,196.0,4.88,-0.08
20250723,2025-07-23,2025,3,7,July,30,279,234,655361.61,590326.43,2115.87,279,231,215,16,5.73,54706.87,196.08,4.82,-0.07
20230518,2023-05-18,2023,2,5,May,20,255,210,607268.18,556817.86,2183.6,273,227,208,19,6.96,52452.67,192.13,4.88,-0.02
20240221,2024-02-21,2024,1,2,February,8,218,180,523602.57,474229.26,2175.36,226,195,183,12,5.31,42598.66,188.49,4.89,-0.01
20251114,2025-11-14,2025,4,11,November,46,716,584,1597713.72,1441384.49,2013.11,699,584,539,49,7.01,142167.23,203.39,4.94,-0.02
20230105,2023-01-05,2023,1,1,January,1,230,194,660524.64,599724.95,2607.5,229,191,171,21,9.17,47224.97,206.22,5.17,0.01
20221031,2022-10-31,2022,4,10,October,44,581,484,1527375.19,1383230.81,2380.78,590,478,438,41,6.95,116003.84,196.62,4.81,0.0
20230521,2023-05-21,2023,2,5,May,20,265,218,710666.89,635163.05,2396.84,279,228,208,21,7.53,51617.97,185.01,4.7,-0.02
20240113,2024-01-13,2024,1,1,January,2,227,181,545271.4,489569.36,2156.69,218,182,174,8,3.67,43659.78,200.27,4.84,-0.14
20250308,2025-03-08,2025,1,3,March,10,250,213,625682.58,572448.52,2289.79,249,202,185,18,7.23,49497.51,198.79,4.91,0.01
20251130,2025-11-30,2025,4,11,November,48,722,597,1798494.75,1627570.33,2254.25,727,605,563,44,6.05,138470.92,190.47,4.78,-0.0
20231020,2023-10-20,2023,4,10,October,42,515,430,1306990.47,1190358.39,2311.38,566,475,432,47,8.3,110006.19,194.36,4.96,0.03
20240319,2024-03-19,2024,1,3,March,12,228,181,567189.31,517762.35,2270.89,242,191,171,21,8.68,48021.51,198.44,4.9,0.02
20220823,2022-08-23,2022,3,8,August,34,292,235,800705.37,729452.33,2498.12,320,268,243,25,7.81,62412.95,195.04,4.62,-0.0
20250628,2025-06-28,2025,2,6,June,26,271,214,673984.37,610783.16,2253.81,228,191,169,24,10.53,43887.27,192.49,4.99,0.07
20240812,2024-08-12,2024,3,8,August,33,321,266,817375.26,737242.57,2296.71,277,229,212,20,7.22,54023.96,195.03,4.78,-0.01
20221003,2022-10-03,2022,4,10,October,40,590,485,1487083.34,1356259.33,2298.74,540,451,420,36,6.67,108333.39,200.62,5.07,0.02
20241020,2024-10-20,2024,4,10,October,42,557,460,1330621.88,1197390.56,2149.71,571,482,444,41,7.18,109992.34,192.63,4.87,0.02
20240119,2024-01-19,2024,1,1,January,3,222,179,510101.02,465538.63,2097.02,216,179,166,13,6.02,41248.93,190.97,4.85,-0.12
20220912,2022-09-12,2022,3,9,September,37,297,257,773688.91,697461.67,2348.36,324,279,247,32,9.88,60858.97,187.84,4.91,0.01
20231011,2023-10-11,2023,4,10,October,41,502,415,1221976.32,1100845.45,2192.92,552,460,415,46,8.33,113679.71,205.94,5.02,0.05
20230212,2023-02-12,2023,1,2,February,6,222,189,543709.3,486191.38,2190.05,240,206,190,19,7.92,47136.73,196.4,5.02,0.04
20250905,2025-09-05,2025,3,9,September,36,287,239,752948.43,674829.7,2351.32,325,267,248,19,5.85,65916.78,202.82,5.23,-0.05
20241212,2024-12-12,2024,4,12,December,50,445,356,1072091.78,965415.36,2169.47,425,354,328,28,6.59,88855.9,209.07,5.12,-0.04
20240109,2024-01-09,2024,1,1,January,2,209,173,550290.02,500557.34,2395.01,231,192,180,14,6.06,46143.31,199.75,4.84,0.0
20220126,2022-01-26,2022,1,1,January,4,238,197,528457.52,478799.73,2011.76,221,194,173,21,9.5,45691.24,206.75,5.71,0.07
20220424,2022-04-24,2022,2,4,April,16,279,237,652327.28,587351.53,2105.2,262,228,219,10,3.82,50033.21,190.97,4.6,-0.06
20220902,2022-09-02,2022,3,9,September,35,335,282,902071.81,815212.21,2433.47,308,269,247,22,7.14,62211.67,201.99,5.04,0.02
20221229,2022-12-29,2022,4,12,December,52,482,396,1092156.59,981529.66,2036.37,449,372,336,39,8.69,86436.98,192.51,5.0,0.07
20230317,2023-03-17,2023,1,3,March,11,250,203,691364.35,620498.31,2481.99,240,200,188,14,5.83,46698.67,194.58,4.7,-0.04
20231122,2023-11-22,2023,4,11,November,47,733,597,1793933.52,1626510.45,2218.98,736,625,570,56,7.61,151779.76,206.22,5.02,-0.02
20230412,2023-04-12,2023,2,4,April,15,268,219,677175.55,613789.95,2290.26,260,217,188,31,11.92,52002.15,200.01,4.96,0.13
20220415,2022-04-15,2022,2,4,April,15,216,176,570262.82,513458.44,2377.12,271,224,209,18,6.64,56394.0,208.1,4.85,-0.01
20230312,2023-03-12,2023,1,3,March,10,231,196,577092.03,526318.59,2278.44,200,164,156,9,4.5,37210.1,186.05,4.68,-0.03
20230206,2023-02-06,2023,1,2,February,6,191,158,431619.24,394155.47,2063.64,223,190,169,22,9.87,43381.59,194.54,4.96,0.04
20240926,2024-09-26,2024,3,9,September,39,345,289,837724.76,769984.87,2231.84,310,247,228,19,6.13,58839.26,189.8,4.69,0.01
20241004,2024-10-04,2024,4,10,October,40,598,503,1502907.48,1365901.92,2284.12,524,440,406,39,7.44,98874.04,188.69,4.84,-0.02
20221120,2022-11-20,2022,4,11,November,46,719,592,1786140.68,1623288.74,2257.7,729,637,584,57,7.82,141771.65,194.47,4.92,0.02
20220504,2022-05-04,2022,2,5,May,18,260,206,677581.63,611601.27,2352.31,274,234,217,17,6.2,54188.14,197.77,5.12,-0.03
20230623,2023-06-23,2023,2,6,June,25,247,210,600230.28,541381.07,2191.83,249,211,197,14,5.62,48321.02,194.06,4.8,-0.05
20221220,2022-12-20,2022,4,12,December,51,450,370,1220309.33,1114105.47,2475.79,434,370,345,25,5.76,83766.61,193.01,4.88,-0.03
20250629,2025-06-29,2025,2,6,June,26,250,203,596582.38,538131.0,2152.52,283,238,223,15,5.3,60123.78,212.45,5.1,-0.14
20220615,2022-06-15,2022,2,6,June,24,249,212,598739.78,538600.48,2163.05,237,206,179,28,11.81,43545.23,183.74,4.85,0.13
20241010,2024-10-10,2024,4,10,October,41,537,419,1366230.69,1232131.67,2294.47,541,454,423,34,6.28,107298.64,198.33,4.88,-0.02
20231003,2023-10-03,2023,4,10,October,40,581,478,1393554.63,1281201.2,2205.17,535,434,394,42,7.85,106533.15,199.13,5.05,0.03
20240224,2024-02-24,2024,1,2,February,8,234,193,590235.64,531627.92,2271.91,222,187,171,17,7.66,41753.63,188.08,4.78,-0.08
20240816,2024-08-16,2024,3,8,August,33,284,237,680713.43,620459.03,2184.71,302,247,226,21,6.95,58291.14,193.02,4.92,0.04
20251003,2025-10-03,2025,4,10,October,40,622,536,1441187.01,1307033.19,2101.34,488,405,371,36,7.38,99365.64,203.62,5.03,0.0
20230305,2023-03-05,2023,1,3,March,9,245,201,591106.67,539564.33,2202.3,249,205,196,9,3.61,52294.52,210.02,4.82,-0.09
20220127,2022-01-27,2022,1,1,January,4,254,213,647356.01,591843.11,2330.09,252,202,194,8,3.17,49708.22,197.25,4.94,-0.06
20250227,2025-02-27,2025,1,2,February,9,236,183,582772.65,524918.91,2224.23,219,183,169,15,6.85,43378.59,198.08,5.18,0.01
20250902,2025-09-02,2025,3,9,September,36,360,298,957530.18,866863.25,2407.95,332,263,237,26,7.83,63463.1,191.15,4.76,-0.01
20221216,2022-12-16,2022,4,12,December,50,447,361,1097365.21,995726.46,2227.58,466,384,358,26,5.58,94806.93,203.45,5.11,-0.05
20251230,2025-12-30,2025,4,12,December,1,486,399,1279230.42,1142893.76,2351.63,435,357,335,24,5.52,89629.33,206.04,4.93,-0.04
20241215,2024-12-15,2024,4,12,December,50,440,369,1088264.96,986753.47,2242.62,417,358,332,26,6.24,76840.66,184.27,4.6,-0.04
20250608,2025-06-08,2025,2,6,June,23,263,217,616860.03,567268.08,2156.91,224,188,170,18,8.04,41687.95,186.11,4.86,0.01
20220803,2022-08-03,2022,3,8,August,31,291,242,764674.55,693272.12,2382.38,270,232,211,21,7.78,53314.97,197.46,4.58,-0.02
20241216,2024-12-16,2024,4,12,December,51,484,385,1308305.88,1187230.92,2452.96,437,377,350,27,6.18,82329.82,188.4,4.79,-0.05
20230802,2023-08-02,2023,3,8,August,31,338,279,912998.63,826949.98,2446.6,281,239,229,11,3.91,55399.15,197.15,4.9,-0.09
20230107,2023-01-07,2023,1,1,January,1,230,189,549335.03,498299.29,2166.52,209,176,163,14,6.7,42081.9,201.35,4.78,-0.01
20220831,2022-08-31,2022,3,8,August,35,314,261,851647.91,765424.99,2437.66,305,270,246,24,7.87,59845.02,196.21,4.91,0.02
20250409,2025-04-09,2025,2,4,April,15,267,206,619255.47,560924.21,2100.84,262,225,209,16,6.11,54294.46,207.23,5.25,-0.03
20220921,2022-09-21,2022,3,9,September,38,312,250,778507.88,703951.87,2256.26,313,275,252,24,7.67,59577.56,190.34,4.99,0.03
20221123,2022-11-23,2022,4,11,November,47,722,586,1762685.04,1592626.42,2205.85,734,617,549,71,9.67,145837.93,198.69,4.78,0.06
20241121,2024-11-21,2024,4,11,November,47,751,607,1782718.34,1617213.9,2153.41,748,640,579,64,8.56,148485.47,198.51,5.0,0.0
20231216,2023-12-16,2023,4,12,December,50,452,368,1112145.87,1009805.11,2234.08,460,387,354,33,7.17,86601.18,188.26,4.86,-0.03
20230920,2023-09-20,2023,3,9,September,38,312,251,778038.78,705213.78,2260.3,305,249,232,17,5.57,56352.42,184.76,4.77,-0.01
20220121,2022-01-21,2022,1,1,January,3,223,180,579851.15,517961.66,2322.7,221,185,169,17,7.69,43371.96,196.25,5.24,-0.02
20220807,2022-08-07,2022,3,8,August,31,269,215,762170.75,680098.58,2528.25,304,252,236,16,5.26,59212.39,194.78,4.89,0.01
20251111,2025-11-11,2025,4,11,November,46,730,615,1856676.9,1677181.8,2297.51,719,607,555,52,7.23,139911.54,194.59,4.98,0.01
20240606,2024-06-06,2024,2,6,June,23,265,219,702717.86,627431.87,2367.67,258,217,202,16,6.2,48859.06,189.38,4.93,-0.01
20220618,2022-06-18,2022,2,6,June,24,269,223,633422.83,573730.41,2132.83,242,198,181,17,7.02,50754.12,209.73,5.18,0.02
20241221,2024-12-21,2024,4,12,December,51,468,372,1159763.71,1058929.62,2262.67,470,402,375,28,5.96,92282.66,196.35,4.82,-0.05
20230524,2023-05-24,2023,2,5,May,21,285,244,680895.77,621881.84,2182.04,271,224,197,27,9.96,52562.66,193.96,4.85,0.11
20220530,2022-05-30,2022,2,5,May,22,266,224,680589.54,604227.98,2271.53,283,237,211,26,9.19,56149.14,198.41,4.99,0.08
20240625,2024-06-25,2024,2,6,June,26,263,209,652772.45,594526.57,2260.56,261,208,188,21,8.05,52359.91,200.61,4.85,0.03
20230731,2023-07-31,2023,3,7,July,31,267,212,678560.8,618544.05,2316.64,267,226,207,19,7.12,52809.33,197.79,4.7,0.0
20230506,2023-05-06,2023,2,5,May,18,259,216,611121.71,553504.71,2137.08,258,221,204,20,7.75,48187.5,186.77,4.74,0.06
20241001,2024-10-01,2024,4,10,October,40,552,468,1416592.89,1274888.2,2309.58,358,293,265,28,7.82,67547.85,188.68,4.74,-0.03
20240418,2024-04-18,2024,2,4,April,16,264,203,615368.06,564934.83,2139.9,271,228,207,22,8.12,54462.95,200.97,5.25,0.06
20250306,2025-03-06,2025,1,3,March,10,238,193,550577.99,505615.13,2124.43,268,224,213,11,4.1,53004.57,197.78,4.79,-0.08
20220626,2022-06-26,2022,2,6,June,25,236,193,555901.83,512745.7,2172.65,249,203,188,16,6.43,46902.82,188.36,4.68,-0.02
20220713,2022-07-13,2022,3,7,July,28,291,237,730945.11,665526.67,2287.03,310,256,234,23,7.42,64004.94,206.47,5.08,0.1
20240729,2024-07-29,2024,3,7,July,31,280,228,658904.07,601030.07,2146.54,259,216,193,23,8.88,50661.12,195.6,5.03,0.01
20220302,2022-03-02,2022,1,3,March,9,223,189,586817.2,525508.22,2356.54,238,202,183,19,7.98,48087.11,202.05,5.18,0.06
20240327,2024-03-27,2024,1,3,March,13,273,232,697131.25,619387.35,2268.82,233,197,185,14,6.01,45505.78,195.3,4.8,-0.02
20240304,2024-03-04,2024,1,3,March,10,236,196,530022.74,478982.62,2029.59,221,190,175,16,7.24,42823.25,193.77,4.75,-0.01
20221215,2022-12-15,2022,4,12,December,50,488,399,1208394.28,1093948.64,2241.7,463,385,360,26,5.62,90248.52,194.92,4.67,-0.06
20230609,2023-06-09,2023,2,6,June,23,238,200,572771.7,516438.21,2169.91,252,220,211,11,4.37,50823.42,201.68,4.98,-0.07
20220423,2022-04-23,2022,2,4,April,16,268,222,591915.83,546876.18,2040.58,272,216,198,21,7.72,53004.71,194.87,5.05,0.02
20240116,2024-01-16,2024,1,1,January,3,240,202,561408.74,508406.02,2118.36,229,187,169,18,7.86,46336.49,202.34,4.99,0.01
20230627,2023-06-27,2023,2,6,June,26,270,222,702244.59,632107.04,2341.14,262,217,201,17,6.49,53533.57,204.33,5.16,-0.04
20240228,2024-02-28,2024,1,2,February,9,229,197,596695.72,537565.23,2347.45,221,195,181,14,6.33,43795.67,198.17,4.92,0.0
20250808,2025-08-08,2025,3,8,August,32,288,241,723600.46,652985.74,2267.31,311,268,238,31,9.97,58335.46,187.57,4.93,0.05
20220122,2022-01-22,2022,1,1,January,3,223,181,576765.98,525192.33,2355.12,225,179,158,22,9.78,44273.9,196.77,4.91,-0.01
20240623,2024-06-23,2024,2,6,June,25,263,216,658849.01,596168.72,2266.8,233,189,170,19,8.15,45086.53,193.5,5.03,0.01
20240106,2024-01-06,2024,1,1,January,1,218,187,517100.07,466151.9,2138.31,225,196,176,20,8.89,46416.65,206.3,5.19,0.08
20240627,2024-06-27,2024,2,6,June,26,274,226,688878.54,620943.7,2266.22,273,231,206,25,9.16,54381.95,199.2,5.22,0.06
20230313,2023-03-13,2023,1,3,March,11,239,203,619833.4,556236.47,2327.35,259,216,199,17,6.56,49894.22,192.64,4.97,0.02
20230503,2023-05-03,2023,2,5,May,18,261,210,651264.51,595826.92,2282.86,281,238,221,17,6.05,56452.17,200.9,5.11,-0.06
20250601,2025-06-01,2025,2,6,June,22,247,189,656418.43,594089.26,2405.22,278,237,210,28,10.07,49625.97,178.51,4.81,0.11
20230303,2023-03-03,2023,1,3,March,9,251,216,673684.35,606648.87,2416.93,226,191,177,17,7.52,45153.69,199.8,4.82,0.03
20230808,2023-08-08,2023,3,8,August,32,262,212,640295.6,580320.18,2214.96,278,222,210,13,4.68,56974.86,204.95,5.07,-0.06
20240208,2024-02-08,2024,1,2,February,6,204,161,475848.74,436147.55,2137.98,191,164,149,16,8.38,41069.5,215.02,5.11,-0.02
20220708,2022-07-08,2022,3,7,July,27,265,227,664347.4,600339.36,2265.43,293,247,232,16,5.46,54417.57,185.73,4.84,-0.02
20240222,2024-02-22,2024,1,2,February,8,208,176,604885.69,553567.01,2661.38,240,198,176,22,9.17,46188.28,192.45,4.87,0.0
20230409,2023-04-09,2023,2,4,April,14,250,212,611154.12,554013.89,2216.06,263,218,199,22,8.37,51076.22,194.21,4.88,0.09
20240530,2024-05-30,2024,2,5,May,22,248,203,591714.69,536885.85,2164.86,276,240,222,18,6.52,56371.02,204.24,4.83,-0.02
20240122,2024-01-22,2024,1,1,January,4,231,184,572035.63,525421.31,2274.55,243,205,188,17,7.0,46386.77,190.89,4.91,-0.04
20240216,2024-02-16,2024,1,2,February,7,237,196,577217.58,524184.39,2211.75,219,187,171,17,7.76,43793.96,199.97,4.88,-0.02
20220227,2022-02-27,2022,1,2,February,8,235,194,621768.4,555778.71,2365.02,212,189,172,17,8.02,45180.3,213.11,5.17,-0.03
20250704,2025-07-04,2025,3,7,July,27,264,208,709528.74,650088.82,2462.46,263,218,197,21,7.98,52653.76,200.2,4.9,0.02
20230804,2023-08-04,2023,3,8,August,31,271,212,693519.86,623609.84,2301.14,296,253,229,25,8.45,59157.51,199.86,5.02,0.06
20250425,2025-04-25,2025,2,4,April,17,236,191,640530.15,575347.54,2437.91,236,202,191,11,4.66,46272.44,196.07,4.81,-0.01
20220601,2022-06-01,2022,2,6,June,22,267,211,657575.46,597326.88,2237.18,245,207,186,21,8.57,48932.25,199.72,4.96,-0.02
20220711,2022-07-11,2022,3,7,July,28,275,229,684460.78,612404.83,2226.93,327,284,256,29,8.87,60260.97,184.28,4.74,0.09
20220206,2022-02-06,2022,1,2,February,5,172,144,409641.79,364916.46,2121.61,205,175,158,18,8.78,38829.71,189.41,4.93,0.1
20250718,2025-07-18,2025,3,7,July,29,278,233,729262.03,662866.32,2384.41,290,241,219,23,7.93,59152.99,203.98,4.96,0.04
20250407,2025-04-07,2025,2,4,April,15,250,203,567223.74,519721.22,2078.88,245,213,200,13,5.31,51905.93,211.86,5.11,-0.09
20250630,2025-06-30,2025,2,6,June,27,266,218,689859.93,622477.48,2340.14,254,214,202,13,5.12,48758.83,191.96,4.66,-0.0
20240218,2024-02-18,2024,1,2,February,7,215,173,536032.66,480704.22,2235.83,224,187,174,14,6.25,43457.42,194.01,5.12,0.01
20231204,2023-12-04,2023,4,12,December,49,468,399,1168216.12,1065234.23,2276.14,515,428,398,32,6.21,96960.89,188.27,4.75,-0.07
20221227,2022-12-27,2022,4,12,December,52,488,408,1163475.73,1051087.32,2153.87,431,350,329,22,5.1,89913.96,208.62,4.87,-0.06
20250605,2025-06-05,2025,2,6,June,23,244,198,590564.86,542086.98,2221.67,244,199,188,11,4.51,49699.31,203.69,4.96,-0.13
20220505,2022-05-05,2022,2,5,May,18,274,230,715333.12,649693.83,2371.15,254,213,187,27,10.63,53714.86,211.48,5.26,0.06
20250614,2025-06-14,2025,2,6,June,24,247,203,627749.09,568421.52,2301.3,235,195,185,10,4.26,45745.71,194.66,5.04,-0.06
20240403,2024-04-03,2024,2,4,April,14,242,200,580409.54,520503.51,2150.84,255,212,197,16,6.27,47488.26,186.23,4.66,-0.02
20221115,2022-11-15,2022,4,11,November,46,722,604,1786900.49,1613703.51,2235.05,728,629,576,55,7.55,144761.53,198.85,4.89,-0.01
20241219,2024-12-19,2024,4,12,December,51,441,359,1066064.31,967544.14,2193.98,438,373,344,31,7.08,82217.18,187.71,4.73,0.0
20231023,2023-10-23,2023,4,10,October,43,554,470,1454451.61,1314101.12,2372.02,566,486,456,30,5.3,116452.67,205.75,5.0,-0.08
20240711,2024-07-11,2024,3,7,July,28,260,218,668705.03,604309.57,2324.27,288,255,231,24,8.33,59359.57,206.11,5.01,0.0
20240911,2024-09-11,2024,3,9,September,37,324,257,905677.06,811670.95,2505.16,285,247,231,16,5.61,53590.78,188.04,5.06,0.01
20230831,2023-08-31,2023,3,8,August,35,282,243,715300.99,641960.39,2276.46,291,242,228,15,5.15,57015.45,195.93,4.66,-0.03
20240417,2024-04-17,2024,2,4,April,16,260,207,663403.01,598733.77,2302.82,260,222,201,23,8.85,51457.36,197.91,4.85,0.0
20230529,2023-05-29,2023,2,5,May,22,272,215,646554.72,586855.5,2157.56,269,227,210,17,6.32,54574.55,202.88,5.04,-0.05
20231004,2023-10-04,2023,4,10,October,40,546,441,1262800.42,1154835.59,2115.08,511,427,397,30,5.87,98265.88,192.3,4.85,-0.08
20250619,2025-06-19,2025,2,6,June,25,251,206,688734.39,630576.63,2512.26,249,209,192,17,6.83,48386.82,194.32,4.61,0.03
20250824,2025-08-24,2025,3,8,August,34,289,243,682211.74,619437.93,2143.38,316,272,244,29,9.18,65408.5,206.99,5.1,0.02
20220619,2022-06-19,2022,2,6,June,24,243,205,694168.28,628981.33,2588.4,271,227,213,16,5.9,54327.63,200.47,4.93,0.0
20220403,2022-04-03,2022,2,4,April,13,245,192,614948.35,553890.21,2260.78,240,200,188,12,5.0,47497.69,197.91,4.74,-0.04
20251226,2025-12-26,2025,4,12,December,52,483,404,1227622.9,1110653.92,2299.49,456,378,349,29,6.36,87609.39,192.13,4.91,-0.02
20250815,2025-08-15,2025,3,8,August,33,305,244,809592.03,749969.42,2458.92,268,229,212,17,6.34,55326.94,206.44,5.13,0.02
20250118,2025-01-18,2025,1,1,January,3,221,185,551629.38,500138.87,2263.07,223,192,177,17,7.62,43154.52,193.52,4.87,0.05
20250822,2025-08-22,2025,3,8,August,34,304,241,796417.05,731337.82,2405.72,273,230,215,15,5.49,55851.41,204.58,4.96,0.02
20221127,2022-11-27,2022,4,11,November,47,720,597,1802160.08,1620577.84,2250.8,749,635,584,54,7.21,141287.26,188.63,4.75,0.02
20221027,2022-10-27,2022,4,10,October,43,584,472,1468150.4,1324595.05,2268.14,568,462,429,34,5.99,110677.42,194.85,4.96,-0.06
20241017,2024-10-17,2024,4,10,October,42,552,447,1322381.23,1211564.25,2194.86,564,471,442,29,5.14,112327.3,199.16,4.92,-0.06
20220220,2022-02-20,2022,1,2,February,7,221,183,564480.11,514595.07,2328.48,218,192,176,16,7.34,42651.4,195.65,4.79,0.02
20230224,2023-02-24,2023,1,2,February,8,207,183,536267.72,474704.71,2293.26,237,207,191,17,7.17,46966.6,198.17,4.99,0.04
20221204,2022-12-04,2022,4,12,December,48,492,404,1187446.81,1070601.38,2176.02,476,403,364,40,8.4,95867.94,201.4,5.08,0.04
20230515,2023-05-15,2023,2,5,May,20,230,189,550067.36,497155.15,2161.54,273,236,221,16,5.86,56104.02,205.51,5.11,-0.07
20241012,2024-10-12,2024,4,10,October,41,592,481,1528693.92,1386638.37,2342.29,531,440,397,45,8.47,101975.8,192.04,4.84,0.1
20220513,2022-05-13,2022,2,5,May,19,282,226,649461.98,593169.48,2103.44,281,229,211,18,6.41,56892.09,202.46,4.95,-0.01
20220806,2022-08-06,2022,3,8,August,31,293,244,747860.93,674415.43,2301.76,270,233,218,16,5.93,50978.62,188.81,4.86,0.04
20221130,2022-11-30,2022,4,11,November,48,704,580,1825648.4,1646308.21,2338.51,684,584,539,48,7.02,133511.66,195.19,4.86,-0.01
20221210,2022-12-10,2022,4,12,December,49,447,369,1112671.52,1010201.5,2259.96,414,347,323,25,6.04,81706.8,197.36,5.0,0.0
20230426,2023-04-26,2023,2,4,April,17,258,203,678646.98,610597.75,2366.66,238,205,191,14,5.88,45903.16,192.87,4.81,0.01
20241128,2024-11-28,2024,4,11,November,48,703,565,1882617.4,1703284.29,2422.88,689,570,519,52,7.55,135194.0,196.22,4.79,-0.03
20230904,2023-09-04,2023,3,9,September,36,283,236,679915.62,611448.85,2160.6,299,248,230,18,6.02,59888.83,200.3,5.03,-0.02
20230214,2023-02-14,2023,1,2,February,7,210,161,551311.16,498254.92,2372.64,224,190,170,21,9.38,45807.09,204.5,5.15,-0.01
20251010,2025-10-10,2025,4,10,October,41,515,406,1264292.54,1131150.05,2196.41,557,478,448,30,5.39,108947.79,195.6,4.76,-0.09
20240127,2024-01-27,2024,1,1,January,4,224,181,523627.19,472670.93,2110.14,236,186,170,17,7.2,46969.3,199.02,5.01,0.06
20221114,2022-11-14,2022,4,11,November,46,635,523,1597915.81,1469035.17,2313.44,693,583,531,53,7.65,140515.77,202.76,4.95,0.02
20221102,2022-11-02,2022,4,11,November,44,756,621,1894349.41,1719896.95,2275.0,699,571,520,52,7.44,139665.04,199.81,5.09,-0.02
20220712,2022-07-12,2022,3,7,July,28,292,252,809956.7,751685.09,2574.26,261,217,203,14,5.36,51843.18,198.63,5.14,-0.09
20250715,2025-07-15,2025,3,7,July,29,283,236,693699.73,631141.05,2230.18,266,229,204,25,9.4,53935.95,202.77,5.15,-0.0
20220726,2022-07-26,2022,3,7,July,30,287,230,779404.38,711573.55,2479.35,248,212,194,18,7.26,45155.14,182.08,4.51,0.02
20220611,2022-06-11,2022,2,6,June,23,259,213,709567.52,633295.68,2445.16,241,203,185,18,7.47,50172.55,208.18,5.17,0.03
20220225,2022-02-25,2022,1,2,February,8,201,177,546612.46,495641.26,2465.88,202,173,163,12,5.94,39936.22,197.7,4.89,-0.06
20251027,2025-10-27,2025,4,10,October,44,570,461,1416551.1,1298400.12,2277.89,522,446,411,37,7.09,102265.1,195.91,4.95,0.04
20230514,2023-05-14,2023,2,5,May,19,278,232,721064.18,647206.64,2328.08,242,188,173,16,6.61,50474.63,208.57,5.01,0.01
20240114,2024-01-14,2024,1,1,January,2,244,200,682743.74,614728.25,2519.38,223,191,172,19,8.52,44852.27,201.13,5.47,0.02
20241205,2024-12-05,2024,4,12,December,49,445,370,1055412.52,936714.73,2104.98,437,365,334,32,7.32,84784.73,194.02,5.03,-0.02
20241204,2024-12-04,2024,4,12,December,49,456,377,1213985.56,1101567.81,2415.72,449,375,350,26,5.79,85949.9,191.43,4.7,-0.02
20230419,2023-04-19,2023,2,4,April,16,233,189,594032.66,538884.25,2312.81,250,216,194,24,9.6,49536.82,198.15,4.98,0.06
20240520,2024-05-20,2024,2,5,May,21,293,241,724951.61,663098.87,2263.14,276,236,223,14,5.07,59433.16,215.34,4.79,-0.04
20251128,2025-11-28,2025,4,11,November,48,731,604,1789810.41,1621865.87,2218.69,704,567,520,52,7.39,138671.24,196.98,5.0,0.01
20250921,2025-09-21,2025,3,9,September,38,294,239,742778.23,685431.64,2331.4,334,282,260,22,6.59,65434.92,195.91,4.96,0.02
20231002,2023-10-02,2023,4,10,October,40,534,429,1393425.52,1255929.25,2351.93,492,410,374,37,7.52,92449.94,187.91,4.71,0.01
20240210,2024-02-10,2024,1,2,February,6,224,194,580613.45,523439.14,2336.78,231,198,182,17,7.36,45073.78,195.12,5.15,0.0
20220904,2022-09-04,2022,3,9,September,35,283,230,689199.74,624374.64,2206.27,325,271,243,29,8.92,64086.19,197.19,4.89,0.05
20220329,2022-03-29,2022,1,3,March,13,234,198,569763.57,508894.25,2174.76,239,209,191,20,8.37,43579.73,182.34,4.9,0.0
20231126,2023-11-26,2023,4,11,November,47,734,607,1906685.64,1726646.52,2352.38,715,598,542,57,7.97,135237.26,189.14,4.86,0.03
20220627,2022-06-27,2022,2,6,June,26,279,225,664058.32,609163.11,2183.38,234,196,185,11,4.7,47258.35,201.96,4.8,-0.01
20251102,2025-11-02,2025,4,11,November,44,701,565,1740215.05,1584795.63,2260.76,633,528,487,42,6.64,126746.61,200.23,5.09,-0.0
20231120,2023-11-20,2023,4,11,November,47,755,623,1770528.81,1622449.66,2148.94,685,573,539,35,5.11,134181.07,195.88,4.87,-0.07
20240829,2024-08-29,2024,3,8,August,35,287,235,675926.3,607578.8,2117.0,276,228,215,15,5.43,55593.57,201.43,4.95,-0.07
20231016,2023-10-16,2023,4,10,October,42,556,455,1431372.01,1306962.67,2350.65,543,446,409,37,6.81,108842.51,200.45,4.9,-0.03
20241104,2024-11-04,2024,4,11,November,45,731,602,1894312.36,1715809.24,2347.21,684,577,531,47,6.87,135374.76,197.92,5.0,0.04
20230815,2023-08-15,2023,3,8,August,33,278,230,712291.61,653253.2,2349.83,300,269,251,18,6.0,55695.15,185.65,4.89,0.03
20251013,2025-10-13,2025,4,10,October,42,556,457,1410812.9,1287433.05,2315.53,539,433,403,31,5.75,110948.96,205.84,4.75,-0.05
20220728,2022-07-28,2022,3,7,July,30,301,246,751469.07,685511.03,2277.45,298,245,223,23,7.72,62442.01,209.54,5.14,-0.03
20221025,2022-10-25,2022,4,10,October,43,556,465,1510140.72,1367855.9,2460.17,588,501,453,49,8.33,114779.65,195.2,5.03,0.09
20240621,2024-06-21,2024,2,6,June,25,259,207,574394.85,515837.89,1991.65,258,212,196,17,6.59,49957.82,193.63,4.93,0.05
20241025,2024-10-25,2024,4,10,October,43,568,482,1351209.09,1221965.11,2151.35,585,482,429,55,9.4,114312.19,195.41,5.06,0.07
20220305,2022-03-05,2022,1,3,March,9,230,190,549186.68,494914.18,2151.8,228,192,179,13,5.7,44410.93,194.78,4.79,-0.02
20230908,2023-09-08,2023,3,9,September,36,307,258,760096.38,693696.95,2259.6,334,283,255,29,8.68,64500.34,193.11,4.99,0.05
20231223,2023-12-23,2023,4,12,December,51,441,349,1089195.72,980606.94,2223.6,440,368,342,26,5.91,84715.81,192.54,4.83,-0.05
20240305,2024-03-05,2024,1,3,March,10,235,197,608886.05,541368.94,2303.7,252,207,195,13,5.16,47575.93,188.79,4.94,-0.01
20250113,2025-01-13,2025,1,1,January,3,234,200,590911.76,540218.35,2308.63,209,180,172,9,4.31,40053.49,191.64,4.79,-0.08
20220506,2022-05-06,2022,2,5,May,18,251,207,646921.83,591744.16,2357.55,243,207,191,16,6.58,46397.71,190.94,4.96,-0.05
20250512,2025-05-12,2025,2,5,May,20,249,193,602655.54,544381.72,2186.27,254,213,194,20,7.87,55157.3,217.15,5.11,0.03
20251126,2025-11-26,2025,4,11,November,48,737,592,1794994.06,1626502.83,2206.92,719,611,571,42,5.84,138266.53,192.3,4.87,-0.03
20240509,2024-05-09,2024,2,5,May,19,236,196,640131.83,574069.45,2432.5,255,214,197,18,7.06,48474.34,190.1,4.47,-0.09
20241005,2024-10-05,2024,4,10,October,40,574,465,1486551.33,1338814.72,2332.43,595,507,474,33,5.55,117012.5,196.66,4.9,-0.0
20240215,2024-02-15,2024,1,2,February,7,211,167,485870.81,434533.67,2059.4,201,162,150,12,5.97,37207.77,185.11,4.59,-0.08
20230618,2023-06-18,2023,2,6,June,24,250,191,650687.32,591291.5,2365.17,259,219,205,16,6.18,51903.76,200.4,5.0,0.0
20250930,2025-09-30,2025,3,9,September,40,292,253,704245.65,642374.0,2199.91,299,243,232,11,3.68,56979.86,190.57,4.56,-0.08
20251109,2025-11-09,2025,4,11,November,45,712,566,1691209.76,1544581.46,2169.36,715,589,551,40,5.59,142302.56,199.02,4.94,-0.02
20250710,2025-07-10,2025,3,7,July,28,278,229,689460.87,630526.04,2268.08,286,242,220,25,8.74,55768.32,194.99,4.93,0.05
20240910,2024-09-10,2024,3,9,September,37,308,260,803056.77,726396.05,2358.43,308,256,242,15,4.87,59899.12,194.48,4.55,-0.05
20221119,2022-11-19,2022,4,11,November,46,747,602,1851584.99,1668222.61,2233.23,733,608,552,57,7.78,146286.67,199.57,4.98,0.01
20250711,2025-07-11,2025,3,7,July,28,276,218,658449.12,594334.33,2153.39,293,250,233,17,5.8,59144.81,201.86,5.03,-0.02
20231210,2023-12-10,2023,4,12,December,49,428,354,1013799.3,915254.09,2138.44,462,388,363,26,5.63,96850.44,209.63,5.12,-0.02
20220201,2022-02-01,2022,1,2,February,5,230,188,561927.1,510646.81,2220.2,227,191,166,25,11.01,47127.74,207.61,4.99,0.11
20240713,2024-07-13,2024,3,7,July,28,260,214,687825.51,624748.26,2402.88,269,223,194,31,11.52,50099.07,186.24,4.74,0.12
20241031,2024-10-31,2024,4,10,October,44,597,492,1565686.37,1429527.69,2394.52,550,457,422,36,6.55,108587.04,197.43,4.83,-0.0
20220916,2022-09-16,2022,3,9,September,37,295,261,648021.89,592684.29,2009.1,285,250,232,18,6.32,58607.46,205.64,5.03,-0.02
20241218,2024-12-18,2024,4,12,December,51,472,387,1177203.25,1074857.72,2277.24,468,392,353,41,8.76,94404.86,201.72,5.07,0.0
20250404,2025-04-04,2025,2,4,April,14,232,181,585172.63,531897.28,2292.66,241,199,186,13,5.39,48081.32,199.51,4.83,0.0
20240322,2024-03-22,2024,1,3,March,12,235,205,606063.2,554467.78,2359.44,241,209,183,28,11.62,45913.61,190.51,4.74,0.12
20241108,2024-11-08,2024,4,11,November,45,723,607,1922117.99,1741044.04,2408.08,699,583,532,52,7.44,140748.36,201.36,4.99,0.03
20230602,2023-06-02,2023,2,6,June,22,253,204,657719.8,603384.63,2384.92,248,212,188,24,9.68,47867.72,193.02,4.79,0.02
20220603,2022-06-03,2022,2,6,June,22,242,198,615377.13,562162.27,2322.98,236,199,177,22,9.32,47710.17,202.16,5.03,0.07
20250402,2025-04-02,2025,2,4,April,14,270,214,675598.1,612877.81,2269.92,243,211,198,14,5.76,46155.49,189.94,4.97,-0.05
20230102,2023-01-02,2023,1,1,January,1,199,155,483996.22,438657.53,2204.31,297,252,225,27,9.09,56917.05,191.64,4.96,0.06
20250802,2025-08-02,2025,3,8,August,31,305,248,768054.49,693138.1,2272.58,301,252,231,22,7.31,57940.26,192.49,4.8,0.03
20240316,2024-03-16,2024,1,3,March,11,263,211,646218.04,592803.3,2254.0,245,204,175,29,11.84,46270.09,188.86,4.89,0.11
20240722,2024-07-22,2024,3,7,July,30,272,222,652788.8,600164.13,2206.49,271,233,213,21,7.75,54548.22,201.28,4.99,0.0
20230919,2023-09-19,2023,3,9,September,38,306,257,705644.94,636652.24,2080.56,323,262,242,20,6.19,62794.14,194.41,4.81,-0.02
20221104,2022-11-04,2022,4,11,November,44,732,588,1902611.2,1716668.05,2345.17,721,601,555,47,6.52,139112.79,192.94,4.98,0.01
20241013,2024-10-13,2024,4,10,October,41,595,469,1514541.57,1380471.52,2320.12,526,437,396,41,7.79,101644.21,193.24,4.89,0.04
20250225,2025-02-25,2025,1,2,February,9,211,180,475522.54,435061.5,2061.9,206,174,164,10,4.85,40342.14,195.84,4.69,-0.05
20230818,2023-08-18,2023,3,8,August,33,280,224,712281.21,649840.28,2320.86,300,260,243,18,6.0,56634.11,188.78,4.73,-0.04
20230125,2023-01-25,2023,1,1,January,4,246,196,657885.6,593881.83,2414.15,219,184,173,11,5.02,42420.55,193.7,4.79,-0.03
20230512,2023-05-12,2023,2,5,May,19,292,235,648511.07,585789.23,2006.13,268,231,209,23,8.58,53236.52,198.64,5.16,0.07
20230510,2023-05-10,2023,2,5,May,19,251,207,601294.97,538233.28,2144.36,243,199,183,16,6.58,49312.91,202.93,5.06,0.02
20220414,2022-04-14,2022,2,4,April,15,254,218,559592.27,509425.02,2005.61,280,233,215,21,7.5,56704.91,202.52,5.15,0.03
20220731,2022-07-31,2022,3,7,July,30,275,222,658140.19,588090.55,2138.51,269,228,210,18,6.69,55710.58,207.1,5.14,0.01
20250803,2025-08-03,2025,3,8,August,31,319,272,805478.65,730329.61,2289.43,278,230,216,14,5.04,51333.47,184.65,4.93,-0.04
20240905,2024-09-05,2024,3,9,September,36,317,271,771034.2,706744.84,2229.48,315,264,240,25,7.94,61826.06,196.27,4.95,0.04
20230430,2023-04-30,2023,2,4,April,17,275,229,729804.98,652369.16,2372.25,255,224,204,22,8.63,50453.81,197.86,5.01,0.05
20221010,2022-10-10,2022,4,10,October,41,588,461,1584714.05,1425177.15,2423.77,558,462,417,45,8.06,105045.67,188.25,4.93,0.05
20250729,2025-07-29,2025,3,7,July,31,286,228,686103.31,616938.61,2157.13,279,245,227,19,6.81,53861.78,193.05,4.85,-0.04
20250424,2025-04-24,2025,2,4,April,17,276,222,718169.28,661656.38,2397.31,243,205,184,21,8.64,47445.2,195.25,4.77,0.08
20220805,2022-08-05,2022,3,8,August,31,295,241,768884.35,693410.09,2350.54,295,245,224,24,8.14,55877.34,189.41,4.91,0.04
20250423,2025-04-23,2025,2,4,April,17,267,220,683925.59,616835.69,2310.25,249,209,191,19,7.63,52990.7,212.81,5.1,0.01
20230402,2023-04-02,2023,2,4,April,13,263,221,704153.18,641547.58,2439.34,245,214,205,11,4.49,45071.56,183.97,4.69,-0.07
20220309,2022-03-09,2022,1,3,March,10,240,205,569577.04,517625.19,2156.77,266,220,200,21,7.89,55768.56,209.66,5.14,0.0
20230421,2023-04-21,2023,2,4,April,16,285,235,650378.5,589357.92,2067.92,238,205,187,18,7.56,47065.95,197.76,4.93,-0.04
20250129,2025-01-29,2025,1,1,January,5,207,169,560027.31,507578.62,2452.07,233,201,192,10,4.29,46548.55,199.78,5.0,-0.05
20230207,2023-02-07,2023,1,2,February,6,206,175,533972.12,493727.58,2396.74,190,154,143,11,5.79,39957.91,210.3,4.94,-0.05
20251026,2025-10-26,2025,4,10,October,43,574,467,1403379.62,1270629.33,2213.64,573,489,456,34,5.93,113129.7,197.43,4.94,0.0
20220922,2022-09-22,2022,3,9,September,38,311,256,776309.49,702391.73,2258.49,295,247,229,18,6.1,56709.67,192.24,4.75,0.01
20230511,2023-05-11,2023,2,5,May,19,261,205,614291.01,561193.25,2150.17,255,213,197,17,6.67,49226.21,193.04,4.84,0.03
20250701,2025-07-01,2025,3,7,July,27,267,217,663074.76,605540.33,2267.94,241,204,189,17,7.05,47982.26,199.1,4.91,-0.0
20220905,2022-09-05,2022,3,9,September,36,305,252,675051.49,613752.03,2012.3,292,257,234,24,8.22,57972.6,198.54,4.92,0.08
20221105,2022-11-05,2022,4,11,November,44,732,597,1824542.76,1665286.65,2274.98,734,619,567,53,7.22,148136.85,201.82,5.05,-0.02
20220919,2022-09-19,2022,3,9,September,38,292,237,762427.35,691944.86,2369.67,301,241,227,15,4.98,57524.98,191.11,4.78,-0.06
20220111,2022-01-11,2022,1,1,January,2,248,205,583515.79,520214.59,2097.64,243,208,187,21,8.64,46175.64,190.02,4.84,0.01
20240831,2024-08-31,2024,3,8,August,35,299,255,689788.95,627212.32,2097.7,316,259,237,23,7.28,61315.28,194.04,4.71,0.01
20240901,2024-09-01,2024,3,9,September,35,303,262,740688.59,663664.7,2190.31,307,253,232,21,6.84,58012.77,188.97,4.77,0.03
20240416,2024-04-16,2024,2,4,April,16,259,210,638107.32,568456.28,2194.81,234,202,181,21,8.97,44381.06,189.66,5.0,0.05
20240209,2024-02-09,2024,1,2,February,6,219,176,640430.02,591504.02,2700.93,195,160,146,15,7.69,37525.02,192.44,4.86,0.07
20240915,2024-09-15,2024,3,9,September,37,312,259,796685.94,723390.51,2318.56,295,247,236,12,4.07,57006.85,193.24,4.9,-0.09
20250730,2025-07-30,2025,3,7,July,31,283,234,658501.68,601559.87,2125.65,285,238,224,15,5.26,57048.02,200.17,5.09,-0.0
20250215,2025-02-15,2025,1,2,February,7,230,182,561906.6,508929.12,2212.74,240,195,180,18,7.5,45905.38,191.27,4.71,-0.04
20230626,2023-06-26,2023,2,6,June,26,264,221,640494.72,584701.55,2214.78,252,209,196,13,5.16,45406.22,180.18,4.76,-0.06
20240321,2024-03-21,2024,1,3,March,12,210,164,536371.99,489158.11,2329.32,229,195,173,23,10.04,45749.1,199.78,5.1,0.1
20250216,2025-02-16,2025,1,2,February,7,194,157,534694.95,483395.32,2491.73,233,203,178,25,10.73,42532.69,182.54,5.05,0.1
20250827,2025-08-27,2025,3,8,August,35,299,234,711878.22,653501.14,2185.62,282,236,212,24,8.51,58292.11,206.71,5.2,-0.01
20230401,2023-04-01,2023,2,4,April,13,251,211,601174.19,542463.69,2161.21,253,212,191,22,8.7,52883.94,209.03,5.3,-0.03
20230617,2023-06-17,2023,2,6,June,24,276,238,728659.31,653951.29,2369.39,246,198,188,11,4.47,51373.13,208.83,4.73,-0.01
20220507,2022-05-07,2022,2,5,May,18,266,217,675154.19,609891.82,2292.83,259,218,205,13,5.02,52955.29,204.46,4.92,-0.02
20220609,2022-06-09,2022,2,6,June,23,266,217,650160.93,588570.78,2212.67,266,226,211,16,6.02,52209.64,196.28,5.0,0.01
20230711,2023-07-11,2023,3,7,July,28,274,224,659463.03,598310.46,2183.61,280,228,210,19,6.79,56701.57,202.51,4.76,-0.01
20250604,2025-06-04,2025,2,6,June,23,259,206,624646.82,565636.46,2183.92,257,223,208,15,5.84,50144.77,195.12,4.76,-0.03
20221224,2022-12-24,2022,4,12,December,51,420,340,1027223.27,923221.79,2198.15,446,375,348,27,6.05,87077.61,195.24,4.92,-0.09
20220205,2022-02-05,2022,1,2,February,5,214,175,546271.44,499289.27,2333.13,206,170,161,9,4.37,41822.68,203.02,4.82,-0.07
20230427,2023-04-27,2023,2,4,April,17,272,225,747735.76,678429.3,2494.23,258,218,188,31,12.02,52413.77,203.15,5.25,0.15
20250315,2025-03-15,2025,1,3,March,11,236,196,549517.24,497621.55,2108.57,249,211,195,17,6.83,53644.42,215.44,5.2,-0.04
20220524,2022-05-24,2022,2,5,May,21,270,226,662169.63,599210.18,2219.3,272,234,213,23,8.46,54221.73,199.34,4.85,0.1
20250222,2025-02-22,2025,1,2,February,8,222,190,544833.32,496930.61,2238.43,220,189,170,19,8.64,43752.89,198.88,4.91,0.0
20220720,2022-07-20,2022,3,7,July,29,278,221,611708.2,565529.63,2034.28,295,246,231,19,6.44,55621.73,188.55,4.85,-0.02
20220207,2022-02-07,2022,1,2,February,6,204,161,504402.92,461133.04,2260.46,191,161,142,19,9.95,38290.77,200.48,5.09,0.1
20240306,2024-03-06,2024,1,3,March,10,233,188,610350.66,544839.12,2338.37,249,223,206,17,6.83,50434.73,202.55,4.91,-0.01
20240525,2024-05-25,2024,2,5,May,21,248,194,642719.42,581235.21,2343.69,267,232,211,21,7.87,50672.88,189.79,4.97,0.06
20241223,2024-12-23,2024,4,12,December,52,483,392,1196699.14,1082652.44,2241.52,436,379,348,31,7.11,80715.27,185.13,4.75,0.0
20240720,2024-07-20,2024,3,7,July,29,265,218,716977.62,650662.86,2455.33,301,252,236,17,5.65,65012.98,215.99,5.03,-0.01
20220910,2022-09-10,2022,3,9,September,36,306,246,800070.91,726712.12,2374.88,282,233,213,20,7.09,54371.72,192.81,4.99,0.02
20240528,2024-05-28,2024,2,5,May,22,261,218,643393.67,585809.65,2244.48,268,233,218,16,5.97,51231.88,191.16,4.84,-0.05
20220523,2022-05-23,2022,2,5,May,21,263,204,608733.67,553437.42,2104.32,268,213,196,17,6.34,51471.36,192.06,4.86,-0.04
20250609,2025-06-09,2025,2,6,June,24,272,223,690086.35,625581.74,2299.93,269,225,205,20,7.43,51303.1,190.72,4.92,-0.02
20220924,2022-09-24,2022,3,9,September,38,292,243,792164.27,725277.07,2483.83,319,262,246,19,5.96,68430.9,214.52,5.19,-0.01
20220929,2022-09-29,2022,3,9,September,39,303,248,796313.08,725271.43,2393.64,303,257,238,19,6.27,64237.19,212.0,4.99,-0.01
20240202,2024-02-02,2024,1,2,February,5,198,169,494032.3,448492.03,2265.11,220,191,173,20,9.09,47303.99,215.02,5.1,-0.01
20220820,2022-08-20,2022,3,8,August,33,299,254,715416.68,653236.33,2184.74,306,257,238,20,6.54,62380.79,203.86,4.93,-0.03
20220209,2022-02-09,2022,1,2,February,6,199,159,517476.03,466579.04,2344.62,201,172,161,11,5.47,39398.76,196.01,4.85,-0.08
20230523,2023-05-23,2023,2,5,May,21,269,222,686890.12,626042.69,2327.3,267,222,204,18,6.74,55352.75,207.31,4.85,0.0
20230126,2023-01-26,2023,1,1,January,4,214,174,522011.57,473073.21,2210.62,257,213,189,24,9.34,49494.49,192.59,5.14,0.09
20231001,2023-10-01,2023,4,10,October,39,552,453,1386404.33,1255162.89,2273.85,357,309,276,33,9.24,71430.13,200.08,5.21,0.02
20240312,2024-03-12,2024,1,3,March,11,234,201,615516.13,558218.59,2385.55,236,200,184,16,6.78,44681.79,189.33,5.21,0.01
20250102,2025-01-02,2025,1,1,January,1,237,185,547005.85,497105.78,2097.49,316,267,248,20,6.33,63416.26,200.68,4.83,-0.03
20250330,2025-03-30,2025,1,3,March,13,237,197,534214.57,478104.52,2017.32,260,216,201,16,6.15,51776.6,199.14,4.91,-0.02
20230416,2023-04-16,2023,2,4,April,15,270,218,685556.05,627865.38,2325.43,259,222,207,16,6.18,52901.87,204.25,4.54,-0.02
20220411,2022-04-11,2022,2,4,April,15,253,209,699400.48,636904.74,2517.41,248,211,194,18,7.26,52456.78,211.52,5.16,0.0
20250521,2025-05-21,2025,2,5,May,21,259,216,658771.43,604496.82,2333.96,275,239,228,12,4.36,54557.55,198.39,4.92,-0.12
20230216,2023-02-16,2023,1,2,February,7,190,159,472305.22,426390.02,2244.16,215,184,164,21,9.77,41476.68,192.91,5.12,0.04
20250530,2025-05-30,2025,2,5,May,22,313,253,752189.99,680686.06,2174.72,245,204,191,14,5.71,49818.37,203.34,5.19,0.07
20230417,2023-04-17,2023,2,4,April,16,259,217,615243.6,555101.76,2143.25,257,210,198,13,5.06,48101.63,187.17,4.7,-0.08
20250611,2025-06-11,2025,2,6,June,24,242,193,614734.67,551807.41,2280.2,235,198,182,18,7.66,49517.3,210.71,5.11,0.02
20220623,2022-06-23,2022,2,6,June,25,261,213,617498.08,556706.47,2132.97,256,208,196,12,4.69,51452.42,200.99,5.09,-0.09
20240703,2024-07-03,2024,3,7,July,27,283,236,633090.43,572434.99,2022.74,281,226,209,18,6.41,53281.23,189.61,4.78,-0.06
20220816,2022-08-16,2022,3,8,August,33,302,250,774169.72,706455.49,2339.26,287,239,213,27,9.41,56163.45,195.69,5.0,0.05
20220510,2022-05-10,2022,2,5,May,19,268,217,630301.87,571089.77,2130.93,275,224,210,16,5.82,53171.6,193.35,5.0,0.04
20250116,2025-01-16,2025,1,1,January,3,236,200,647839.57,581213.77,2462.77,223,196,180,16,7.17,47876.98,214.69,5.25,-0.02
20250422,2025-04-22,2025,2,4,April,17,250,205,581805.26,520864.12,2083.46,268,225,214,12,4.48,52877.7,197.3,4.92,-0.1
20220830,2022-08-30,2022,3,8,August,35,302,242,820638.78,742775.94,2459.52,275,223,197,26,9.45,53968.44,196.25,4.87,0.07
20230810,2023-08-10,2023,3,8,August,32,298,250,731284.28,666794.82,2237.57,294,242,225,17,5.78,57136.18,194.34,5.01,-0.02
20220115,2022-01-15,2022,1,1,January,2,218,177,540190.91,490519.58,2250.09,207,169,152,17,8.21,36939.68,178.45,4.53,0.04
20220323,2022-03-23,2022,1,3,March,12,237,207,644927.73,580424.54,2449.05,259,221,206,18,6.95,49395.3,190.72,5.11,0.02
20240801,2024-08-01,2024,3,8,August,31,286,233,674905.47,604242.07,2112.73,277,230,208,23,8.3,55557.83,200.57,5.06,-0.0
20230131,2023-01-31,2023,1,1,January,5,227,189,597527.65,541288.39,2384.53,246,211,194,17,6.91,48812.04,198.42,4.76,-0.01
20230204,2023-02-04,2023,1,2,February,5,226,187,567951.83,512980.45,2269.83,182,161,150,11,6.04,33244.45,182.66,4.9,0.0
20240906,2024-09-06,2024,3,9,September,36,315,258,772032.95,695364.36,2207.51,334,275,253,22,6.59,64732.05,193.81,4.82,0.0
20250212,2025-02-12,2025,1,2,February,7,198,156,492263.25,457416.41,2310.18,199,170,147,23,11.56,40264.61,202.33,4.92,0.06
20250414,2025-04-14,2025,2,4,April,16,250,205,689694.69,627883.64,2511.53,241,202,182,21,8.71,48511.22,201.29,4.95,-0.02
20231009,2023-10-09,2023,4,10,October,41,557,463,1495226.04,1359511.2,2440.77,540,448,402,48,8.89,104468.53,193.46,4.85,0.03
20240307,2024-03-07,2024,1,3,March,10,232,193,537117.15,489898.99,2111.63,220,186,171,15,6.82,43814.08,199.15,5.01,0.01
20241116,2024-11-16,2024,4,11,November,46,714,598,1828120.13,1648146.57,2308.33,713,606,554,52,7.29,147522.69,206.9,5.16,0.0
20250916,2025-09-16,2025,3,9,September,38,344,285,872183.13,790041.52,2296.63,342,290,274,16,4.68,65001.21,190.06,4.67,-0.08
20241126,2024-11-26,2024,4,11,November,48,699,581,1821617.18,1661323.0,2376.71,696,589,531,62,8.91,136475.97,196.09,4.89,0.06
20241122,2024-11-22,2024,4,11,November,47,694,551,1699335.85,1548304.1,2230.99,758,630,578,54,7.12,148767.64,196.26,4.97,0.03
20250922,2025-09-22,2025,3,9,September,39,323,257,830491.49,758894.1,2349.52,289,248,227,24,8.3,62419.09,215.98,5.03,-0.11
20240504,2024-05-04,2024,2,5,May,18,283,231,781940.92,715698.48,2528.97,273,231,210,22,8.06,54164.02,198.4,4.87,0.04
20250210,2025-02-10,2025,1,2,February,7,217,174,560347.77,505087.82,2327.59,209,179,163,16,7.66,43599.87,208.61,4.94,0.02
20230726,2023-07-26,2023,3,7,July,30,304,251,778351.39,710397.49,2336.83,260,215,201,15,5.77,49213.06,189.28,4.88,-0.04
20220106,2022-01-06,2022,1,1,January,1,217,191,592732.99,540011.0,2488.53,219,180,166,14,6.39,44947.97,205.24,5.16,0.04
20241120,2024-11-20,2024,4,11,November,47,766,632,1928272.3,1753670.3,2289.39,719,599,543,58,8.07,140643.92,195.61,4.92,0.04
20240718,2024-07-18,2024,3,7,July,29,295,237,747781.71,685958.79,2325.28,252,221,203,19,7.54,47682.05,189.21,5.0,-0.04
20250326,2025-03-26,2025,1,3,March,13,234,172,606087.68,541546.88,2314.3,223,188,169,19,8.52,40953.75,183.65,4.79,0.07
20221009,2022-10-09,2022,4,10,October,40,588,483,1509489.11,1361089.54,2314.78,571,480,442,41,7.18,108644.86,190.27,4.78,0.04
20251030,2025-10-30,2025,4,10,October,44,580,490,1352613.22,1239360.11,2136.83,574,485,452,34,5.92,114400.28,199.3,4.91,-0.02
20250709,2025-07-09,2025,3,7,July,28,286,243,692194.32,625894.26,2188.44,270,228,214,15,5.56,52297.48,193.69,4.86,0.0
20221011,2022-10-11,2022,4,10,October,41,552,446,1328459.34,1203351.63,2179.98,602,498,460,40,6.64,117738.57,195.58,4.82,-0.0
20251108,2025-11-08,2025,4,11,November,45,698,572,1879934.98,1700162.25,2435.76,692,571,520,54,7.8,137657.03,198.93,4.94,0.0
20240521,2024-05-21,2024,2,5,May,21,261,202,696621.47,627420.38,2403.91,289,244,223,22,7.61,55301.18,191.35,5.03,-0.02
20230225,2023-02-25,2023,1,2,February,8,225,192,544926.22,500021.92,2222.32,195,169,152,19,9.74,39719.28,203.69,4.92,0.05
20230502,2023-05-02,2023,2,5,May,18,282,225,720890.07,658803.33,2336.18,280,240,221,21,7.5,51614.49,184.34,4.71,-0.01
20230827,2023-08-27,2023,3,8,August,34,286,234,700346.55,633968.9,2216.67,288,249,230,20,6.94,60316.61,209.43,5.13,0.03
20230607,2023-06-07,2023,2,6,June,23,254,202,639408.39,584079.0,2299.52,247,216,200,16,6.48,49133.57,198.92,4.83,-0.01
20251023,2025-10-23,2025,4,10,October,43,569,450,1325767.93,1210305.45,2127.07,563,472,436,37,6.57,109976.87,195.34,4.89,-0.01
20250119,2025-01-19,2025,1,1,January,3,218,193,633763.71,583493.2,2676.57,211,191,181,10,4.74,42863.33,203.14,4.74,-0.06
20240427,2024-04-27,2024,2,4,April,17,277,226,702751.3,637298.69,2300.72,275,237,220,17,6.18,50413.54,183.32,4.97,-0.09
20240203,2024-02-03,2024,1,2,February,5,214,182,558420.09,501498.15,2343.45,204,169,151,18,8.82,40038.32,196.27,4.92,0.02
20250107,2025-01-07,2025,1,1,January,2,225,191,586303.92,526995.74,2342.2,227,197,176,23,10.13,45675.2,201.21,4.9,0.03
20221013,2022-10-13,2022,4,10,October,41,528,420,1301590.66,1184045.99,2242.51,581,484,456,30,5.16,110932.3,190.93,4.82,-0.05
20220819,2022-08-19,2022,3,8,August,33,296,238,663480.46,595769.98,2012.74,297,248,232,16,5.39,58980.03,198.59,4.83,-0.06
20240821,2024-08-21,2024,3,8,August,34,323,265,780061.37,707831.42,2191.43,292,247,233,15,5.14,58091.92,198.94,4.72,0.01
20250109,2025-01-09,2025,1,1,January,2,218,176,520978.81,473646.14,2172.69,232,200,181,19,8.19,47461.37,204.57,5.09,0.02
20230906,2023-09-06,2023,3,9,September,36,280,220,664313.79,607113.67,2168.26,279,235,217,19,6.81,51582.74,184.88,4.56,-0.02
20220426,2022-04-26,2022,2,4,April,17,259,227,648693.9,586924.01,2266.12,283,231,207,27,9.54,58579.55,206.99,5.26,0.07
20250427,2025-04-27,2025,2,4,April,17,273,226,657991.08,590415.99,2162.7,263,221,208,16,6.08,49211.34,187.12,4.67,-0.09
20241202,2024-12-02,2024,4,12,December,49,461,379,1282210.95,1158387.27,2512.77,545,457,419,39,7.16,110264.55,202.32,4.99,-0.04
20250606,2025-06-06,2025,2,6,June,23,235,187,567958.53,517174.08,2200.74,247,206,186,20,8.1,50027.53,202.54,4.99,0.05
20250517,2025-05-17,2025,2,5,May,20,261,218,661670.23,597710.37,2290.08,283,231,205,27,9.54,54447.07,192.39,4.78,0.03
20240907,2024-09-07,2024,3,9,September,36,275,220,795067.35,717776.65,2610.1,271,229,207,22,8.12,53104.07,195.96,5.01,0.02
20220829,2022-08-29,2022,3,8,August,35,297,255,668089.72,613636.54,2066.12,299,241,215,26,8.7,58171.35,194.55,4.7,0.02
20230117,2023-01-17,2023,1,1,January,3,214,172,519124.85,469256.56,2192.79,258,226,208,18,6.98,49630.1,192.36,4.81,0.03
20231025,2023-10-25,2023,4,10,October,43,567,463,1376249.9,1249329.88,2203.4,541,466,426,43,7.95,104607.29,193.36,4.78,-0.01
20241127,2024-11-27,2024,4,11,November,48,733,602,1870193.69,1697059.52,2315.22,728,604,569,38,5.22,146439.94,201.15,5.04,-0.04
20221128,2022-11-28,2022,4,11,November,48,729,594,1853956.67,1672654.09,2294.45,757,652,595,59,7.79,145461.57,192.16,4.94,0.03
20221205,2022-12-05,2022,4,12,December,49,478,383,1176612.06,1082642.34,2264.94,481,405,378,29,6.03,97150.83,201.98,5.1,-0.02
20240126,2024-01-26,2024,1,1,January,4,244,191,648296.75,590295.25,2419.24,246,216,204,13,5.28,48160.36,195.77,4.98,-0.06
20251216,2025-12-16,2025,4,12,December,51,437,360,1145076.96,1030308.97,2357.69,435,374,338,36,8.28,89968.35,206.82,5.19,0.02
20250208,2025-02-08,2025,1,2,February,6,211,187,539573.72,485250.43,2299.77,226,189,170,20,8.85,46884.55,207.45,5.09,0.1
20230830,2023-08-30,2023,3,8,August,35,298,248,826660.98,739515.71,2481.6,286,242,224,20,6.99,55114.9,192.71,4.79,0.04
20231117,2023-11-17,2023,4,11,November,46,771,630,2057772.83,1873427.1,2429.87,689,587,541,46,6.68,132664.78,192.55,4.83,0.01
20230120,2023-01-20,2023,1,1,January,3,222,186,513088.11,464510.34,2092.39,213,175,162,14,6.57,41799.42,196.24,4.79,-0.05
20250510,2025-05-10,2025,2,5,May,19,283,223,667195.02,602408.91,2128.65,282,244,223,21,7.45,58080.82,205.96,5.24,0.01
20231215,2023-12-15,2023,4,12,December,50,457,369,1105179.69,1005527.57,2200.28,461,387,355,32,6.94,89982.69,195.19,4.97,0.01
20240227,2024-02-27,2024,1,2,February,9,219,174,518281.32,468711.23,2140.23,208,172,161,11,5.29,40329.3,193.89,4.79,-0.07
20250221,2025-02-21,2025,1,2,February,8,195,169,486280.63,438500.44,2248.72,216,181,167,14,6.48,42786.6,198.09,4.83,-0.01
20240225,2024-02-25,2024,1,2,February,8,222,191,564135.89,508857.17,2292.15,213,182,167,15,7.04,40634.66,190.77,4.64,0.05
20221021,2022-10-21,2022,4,10,October,42,552,438,1478867.25,1350962.56,2447.4,557,460,426,36,6.46,107357.6,192.74,4.92,-0.06
20220224,2022-02-24,2022,1,2,February,8,208,177,519086.59,469117.13,2255.37,194,164,150,14,7.22,40960.47,211.14,5.03,-0.08
20240927,2024-09-27,2024,3,9,September,39,304,239,817213.17,743212.07,2444.78,361,308,281,27,7.48,73521.2,203.66,4.93,-0.02
20221014,2022-10-14,2022,4,10,October,41,581,462,1587908.04,1442323.08,2482.48,574,488,448,42,7.32,107557.23,187.38,4.67,-0.01
20231005,2023-10-05,2023,4,10,October,40,564,457,1404509.65,1281465.31,2272.1,575,481,457,24,4.17,112594.57,195.82,4.83,-0.11
20220128,2022-01-28,2022,1,1,January,4,230,187,527542.4,475850.77,2068.92,236,199,180,19,8.05,47149.25,199.78,4.83,-0.0
20230116,2023-01-16,2023,1,1,January,3,240,203,578930.94,525745.64,2190.61,242,202,185,18,7.44,48481.86,200.34,4.86,-0.05
20240615,2024-06-15,2024,2,6,June,24,282,224,719250.46,647734.78,2296.93,247,208,191,17,6.88,46500.82,188.26,4.83,-0.0
20220418,2022-04-18,2022,2,4,April,16,266,224,731043.76,661702.64,2487.6,262,227,212,15,5.73,50627.54,193.23,4.77,-0.04
20230910,2023-09-10,2023,3,9,September,36,316,262,770482.23,695699.14,2201.58,286,240,222,18,6.29,52691.24,184.24,4.65,-0.04
20240130,2024-01-30,2024,1,1,January,5,221,196,488769.56,444035.24,2009.21,233,196,181,15,6.44,45836.21,196.72,4.99,-0.01
20230309,2023-03-09,2023,1,3,March,10,227,186,486530.84,445832.03,1964.02,239,194,183,12,5.02,46413.56,194.2,4.76,-0.03
20240630,2024-06-30,2024,2,6,June,26,268,225,641623.0,571384.34,2132.03,250,209,197,12,4.8,50013.99,200.06,4.89,-0.02
20230921,2023-09-21,2023,3,9,September,38,290,235,729650.31,666493.87,2298.25,302,245,225,20,6.62,57267.13,189.63,4.97,0.04
20240107,2024-01-07,2024,1,1,January,1,248,197,584810.9,535446.15,2159.06,200,167,154,14,7.0,36065.43,180.33,4.5,-0.05
20240610,2024-06-10,2024,2,6,June,24,253,203,691599.52,623736.61,2465.36,260,225,213,12,4.62,49676.08,191.06,4.59,-0.06
20221124,2022-11-24,2022,4,11,November,47,710,569,1719881.77,1555665.81,2191.08,719,600,546,55,7.65,145708.78,202.65,5.04,0.05
20230219,2023-02-19,2023,1,2,February,7,221,173,528198.94,476597.32,2156.55,188,157,140,17,9.04,35803.23,190.44,4.82,0.09
20240702,2024-07-02,2024,3,7,July,27,296,240,722255.74,651604.38,2201.37,257,222,205,19,7.39,51777.51,201.47,5.0,-0.04
20251223,2025-12-23,2025,4,12,December,52,444,357,1157865.81,1048153.5,2360.71,434,372,345,30,6.91,83237.59,191.79,4.86,0.01
20241021,2024-10-21,2024,4,10,October,43,574,468,1422774.67,1290046.99,2247.47,566,472,428,45,7.95,107623.12,190.15,4.8,0.09
20231125,2023-11-25,2023,4,11,November,47,786,633,1926820.46,1744515.56,2219.49,745,625,558,68,9.13,145977.49,195.94,4.99,0.02
20240117,2024-01-17,2024,1,1,January,3,234,195,591051.54,535795.54,2289.72,230,201,183,19,8.26,47607.12,206.99,5.05,0.03
20240830,2024-08-30,2024,3,8,August,35,358,303,900231.52,813088.61,2271.2,301,251,231,21,6.98,57756.98,191.88,4.72,0.02
20240220,2024-02-20,2024,1,2,February,8,246,196,620397.29,567299.27,2306.09,222,190,169,21,9.46,45433.01,204.65,5.26,0.06
20231130,2023-11-30,2023,4,11,November,48,744,636,1952063.14,1782752.69,2396.17,742,612,557,57,7.68,145582.79,196.2,4.92,0.03
20220522,2022-05-22,2022,2,5,May,20,287,238,739910.65,666238.46,2321.39,276,224,208,17,6.16,50388.95,182.57,4.81,-0.05
20220129,2022-01-29,2022,1,1,January,4,236,200,653288.03,597302.36,2530.94,239,193,183,13,5.44,47959.15,200.67,4.67,-0.03
20220608,2022-06-08,2022,2,6,June,23,253,207,615771.4,553677.16,2188.45,268,228,204,25,9.33,55119.77,205.67,5.16,0.07
20230825,2023-08-25,2023,3,8,August,34,291,242,688770.81,621237.09,2134.84,289,250,224,27,9.34,57165.57,197.8,4.89,0.02
20250927,2025-09-27,2025,3,9,September,39,300,245,758130.01,687625.5,2292.08,302,253,238,16,5.3,59173.09,195.94,4.86,-0.03
20250220,2025-02-20,2025,1,2,February,8,213,181,568680.95,510631.95,2397.33,227,196,174,22,9.69,44804.48,197.38,4.78,0.04
20240918,2024-09-18,2024,3,9,September,38,303,253,732440.11,664124.16,2191.83,290,236,215,21,7.24,57094.95,196.88,5.1,-0.02
20220306,2022-03-06,2022,1,3,March,9,247,204,607320.62,551687.96,2233.55,236,205,184,22,9.32,47305.31,200.45,4.94,0.05
20220113,2022-01-13,2022,1,1,January,2,226,180,593648.94,539992.01,2389.35,212,181,169,12,5.66,38865.14,183.33,4.71,0.01
20240917,2024-09-17,2024,3,9,September,38,319,256,817280.2,733208.65,2298.46,344,292,269,23,6.69,70018.78,203.54,4.91,-0.01
20240510,2024-05-10,2024,2,5,May,19,254,203,622506.3,559487.53,2202.71,225,191,173,18,8.0,45437.87,201.95,4.84,0.03
20240408,2024-04-08,2024,2,4,April,15,248,204,594201.57,533658.0,2151.85,237,213,194,20,8.44,46891.8,197.86,4.73,0.05
20231103,2023-11-03,2023,4,11,November,44,693,584,1728520.67,1565177.38,2258.55,729,612,567,46,6.31,147633.07,202.51,4.86,-0.04
20240326,2024-03-26,2024,1,3,March,13,244,193,597107.79,540890.41,2216.76,245,207,193,14,5.71,51522.86,210.3,5.07,-0.0
20251224,2025-12-24,2025,4,12,December,52,450,362,1154747.64,1049019.32,2331.15,436,372,339,33,7.57,84985.96,194.92,5.1,0.02
20251016,2025-10-16,2025,4,10,October,42,550,459,1307850.67,1179966.38,2145.39,543,440,411,30,5.52,111593.0,205.51,4.83,-0.03
20251217,2025-12-17,2025,4,12,December,51,451,361,1123855.98,1019076.19,2259.59,461,379,339,41,8.89,92479.49,200.61,4.94,0.08
20230819,2023-08-19,2023,3,8,August,33,285,224,735935.88,666250.22,2337.72,301,250,233,20,6.64,58397.94,194.01,5.02,0.0
20230324,2023-03-24,2023,1,3,March,12,246,205,603497.62,549181.85,2232.45,251,216,197,19,7.57,51140.57,203.75,5.2,0.06
20231127,2023-11-27,2023,4,11,November,48,716,596,1809669.82,1656521.24,2313.58,734,613,555,61,8.31,147544.98,201.01,5.03,0.07
20240318,2024-03-18,2024,1,3,March,12,246,201,591965.66,527789.41,2145.49,240,200,190,10,4.17,50434.16,210.14,5.03,-0.03
20220131,2022-01-31,2022,1,1,January,5,233,187,647361.61,576566.28,2474.53,235,197,175,24,10.21,46037.67,195.9,4.82,0.05
20250825,2025-08-25,2025,3,8,August,35,302,245,792398.13,721697.26,2389.73,305,247,229,18,5.9,59220.45,194.17,5.04,0.0
20251229,2025-12-29,2025,4,12,December,1,435,357,1035053.41,958179.59,2202.71,460,385,360,25,5.43,90607.62,196.97,5.03,-0.05
20220108,2022-01-08,2022,1,1,January,1,227,188,546242.85,497905.31,2193.42,238,201,185,17,7.14,49651.6,208.62,5.04,-0.02
20230824,2023-08-24,2023,3,8,August,34,287,227,701658.23,632091.24,2202.41,290,223,204,21,7.24,56721.22,195.59,4.93,-0.01
20220313,2022-03-13,2022,1,3,March,10,259,216,619993.09,558416.38,2156.05,259,210,199,11,4.25,50257.25,194.04,5.01,-0.08
20221005,2022-10-05,2022,4,10,October,40,588,475,1488098.77,1332599.04,2266.32,594,486,444,44,7.41,119794.93,201.67,4.94,0.04
20220502,2022-05-02,2022,2,5,May,18,258,217,658102.04,600761.09,2328.53,246,214,202,12,4.88,45013.54,182.98,4.59,-0.07
20220801,2022-08-01,2022,3,8,August,31,269,220,695035.1,628143.15,2335.1,274,234,216,18,6.57,53772.54,196.25,5.0,-0.09
20250702,2025-07-02,2025,3,7,July,27,258,211,636700.19,576724.14,2235.36,281,246,224,22,7.83,54068.43,192.41,4.98,0.01
20250515,2025-05-15,2025,2,5,May,20,280,228,656404.67,594462.89,2123.08,273,237,218,19,6.96,58148.76,213.0,5.15,0.01
20220729,2022-07-29,2022,3,7,July,30,277,238,734784.43,668159.65,2412.13,269,226,207,20,7.43,52686.13,195.86,4.96,-0.0
20241231,2024-12-31,2024,4,12,December,1,455,362,1127819.35,1018557.64,2238.59,473,398,368,34,7.19,94254.98,199.27,4.9,0.0
20250615,2025-06-15,2025,2,6,June,24,284,235,728318.0,666353.29,2346.31,243,196,173,24,9.88,45785.29,188.42,4.66,0.04
20250120,2025-01-20,2025,1,1,January,4,251,209,667182.7,604674.03,2409.06,202,184,170,14,6.93,39101.3,193.57,4.63,-0.06
20230209,2023-02-09,2023,1,2,February,6,214,170,501836.32,462633.81,2161.84,197,168,153,15,7.61,41461.19,210.46,5.11,-0.07
20250121,2025-01-21,2025,1,1,January,4,216,171,553657.42,489839.95,2267.78,240,208,188,20,8.33,49374.36,205.73,5.27,0.06
20220821,2022-08-21,2022,3,8,August,33,287,236,791367.32,705553.68,2458.38,285,233,206,28,9.82,56473.29,198.15,5.05,0.04
20231205,2023-12-05,2023,4,12,December,49,445,369,1073185.46,972984.45,2186.48,456,393,362,32,7.02,93563.72,205.18,4.94,-0.0
20240814,2024-08-14,2024,3,8,August,33,297,236,727960.68,662115.14,2229.34,285,229,212,17,5.96,55726.85,195.53,4.86,0.01
20220925,2022-09-25,2022,3,9,September,38,303,251,753206.15,685780.43,2263.3,279,235,214,23,8.24,52763.89,189.12,4.94,0.04
20250108,2025-01-08,2025,1,1,January,2,231,191,586585.18,527639.39,2284.15,222,192,182,12,5.41,44697.31,201.34,4.89,-0.03
20220208,2022-02-08,2022,1,2,February,6,196,155,504072.66,456100.0,2327.04,205,165,152,13,6.34,42949.03,209.51,5.17,-0.02
20251208,2025-12-08,2025,4,12,December,50,450,360,1232246.36,1119384.66,2487.52,462,392,362,30,6.49,94196.42,203.89,5.3,0.03
20230114,2023-01-14,2023,1,1,January,2,230,190,567622.09,523315.27,2275.28,235,204,187,17,7.23,43131.1,183.54,4.77,0.03
20221004,2022-10-04,2022,4,10,October,40,524,421,1413215.95,1286600.47,2455.34,539,455,418,38,7.05,100225.88,185.95,4.83,0.01
20220413,2022-04-13,2022,2,4,April,15,306,255,716154.69,652025.51,2130.8,241,211,191,20,8.3,44715.52,185.54,4.7,-0.03
20240823,2024-08-23,2024,3,8,August,34,283,222,677165.97,622105.66,2198.25,319,266,244,24,7.52,59568.7,186.74,4.64,0.01
20230110,2023-01-10,2023,1,1,January,2,227,179,561972.65,504537.97,2222.63,234,204,184,20,8.55,47601.94,203.43,4.98,0.05
20220503,2022-05-03,2022,2,5,May,18,265,225,659747.4,599982.7,2264.09,272,231,209,22,8.09,53118.21,195.29,5.01,0.08
20240929,2024-09-29,2024,3,9,September,39,317,261,736672.71,674533.55,2127.87,305,259,228,31,10.16,64264.31,210.7,5.13,0.1
20231228,2023-12-28,2023,4,12,December,52,483,420,1272293.14,1166535.37,2415.19,445,380,347,35,7.87,84604.35,190.12,5.06,0.01
20220531,2022-05-31,2022,2,5,May,22,239,194,643416.55,588035.89,2460.4,265,233,208,25,9.43,54121.11,204.23,5.3,-0.01
20220318,2022-03-18,2022,1,3,March,11,257,204,652166.61,597265.36,2323.99,235,199,186,14,5.96,46297.11,197.01,4.97,-0.06
20240601,2024-06-01,2024,2,6,June,22,245,198,629531.54,566078.49,2310.52,268,230,213,19,7.09,53057.36,197.98,5.06,0.03
20231010,2023-10-10,2023,4,10,October,41,565,476,1373739.39,1256032.3,2223.07,542,456,418,38,7.01,106382.32,196.28,4.93,-0.0
20250205,2025-02-05,2025,1,2,February,6,224,181,560306.63,516179.41,2304.37,236,206,193,14,5.93,45946.97,194.69,4.94,-0.03
20220118,2022-01-18,2022,1,1,January,3,261,214,665870.09,604353.56,2315.53,203,167,160,7,3.45,38085.6,187.61,4.77,-0.09
20250814,2025-08-14,2025,3,8,August,33,282,224,755393.47,679692.33,2410.26,321,263,238,28,8.72,62895.44,195.94,5.12,0.09
20230321,2023-03-21,2023,1,3,March,12,249,198,571828.73,510871.67,2051.69,223,187,171,17,7.62,44624.41,200.11,4.73,0.05
20220725,2022-07-25,2022,3,7,July,30,233,197,553120.04,498831.22,2140.91,260,221,204,17,6.54,53621.79,206.24,4.99,-0.08
20230707,2023-07-07,2023,3,7,July,27,288,243,696922.03,629140.77,2184.52,283,224,207,17,6.01,57800.44,204.24,5.25,-0.0
20250311,2025-03-11,2025,1,3,March,11,263,202,657699.87,593599.06,2257.03,275,243,221,24,8.73,53917.67,196.06,4.88,0.06
20240920,2024-09-20,2024,3,9,September,38,292,236,760223.74,682324.0,2336.73,296,234,218,16,5.41,55662.56,188.05,4.65,-0.0
20220204,2022-02-04,2022,1,2,February,5,215,179,540449.44,481415.28,2239.14,225,191,180,11,4.89,46346.92,205.99,5.09,-0.0
20220620,2022-06-20,2022,2,6,June,25,263,224,606215.95,560766.05,2132.19,236,199,180,20,8.47,48682.51,206.28,4.96,0.08
20230909,2023-09-09,2023,3,9,September,36,299,236,707548.83,643881.77,2153.45,296,250,237,15,5.07,56352.56,190.38,4.61,-0.02
20240413,2024-04-13,2024,2,4,April,15,271,234,658483.9,596738.42,2201.99,270,220,201,19,7.04,56370.8,208.78,5.34,0.05
20220328,2022-03-28,2022,1,3,March,13,240,190,643225.34,585778.41,2440.74,220,188,177,12,5.45,42640.12,193.82,4.75,-0.04
20230615,2023-06-15,2023,2,6,June,24,223,185,609259.67,547681.22,2455.97,257,212,198,14,5.45,47904.93,186.4,4.85,-0.06
20241019,2024-10-19,2024,4,10,October,42,588,479,1409485.19,1272805.16,2164.63,593,507,469,39,6.58,117055.13,197.39,4.98,0.04
20250610,2025-06-10,2025,2,6,June,24,240,193,664453.65,604255.28,2517.73,255,213,198,15,5.88,49680.08,194.82,4.65,-0.09
20220812,2022-08-12,2022,3,8,August,32,280,235,667376.62,608992.52,2174.97,278,248,230,18,6.47,56829.57,204.42,4.96,-0.02
20230405,2023-04-05,2023,2,4,April,14,229,187,590690.36,537129.93,2345.55,257,218,200,18,7.0,50341.58,195.88,4.91,-0.1
20230306,2023-03-06,2023,1,3,March,10,235,188,622849.23,568243.15,2418.06,226,196,179,18,7.96,46636.8,206.36,5.08,0.04
20230926,2023-09-26,2023,3,9,September,39,305,237,726776.86,658403.55,2158.7,341,286,256,31,9.09,64986.32,190.58,4.84,0.08
20240229,2024-02-29,2024,1,2,February,9,234,196,592913.45,535997.71,2290.59,234,197,181,16,6.84,44216.73,188.96,4.72,0.02
20250211,2025-02-11,2025,1,2,February,7,214,173,593191.78,532141.46,2486.64,213,169,160,9,4.23,40723.95,191.19,4.83,-0.1
20240419,2024-04-19,2024,2,4,April,16,270,214,666688.92,600893.99,2225.53,244,193,178,15,6.15,46207.08,189.37,4.75,-0.01
20230112,2023-01-12,2023,1,1,January,2,226,195,526063.99,476481.08,2108.32,238,199,186,14,5.88,47986.62,201.62,4.86,-0.04
20230507,2023-05-07,2023,2,5,May,18,299,244,725180.79,668694.76,2236.44,247,202,181,21,8.5,52361.34,211.99,5.15,-0.09
20250620,2025-06-20,2025,2,6,June,25,262,209,722855.97,653283.6,2493.45,240,211,193,19,7.92,49618.02,206.74,5.08,-0.05
20230128,2023-01-28,2023,1,1,January,4,235,195,553419.43,501102.8,2132.35,217,185,170,17,7.83,41738.93,192.35,5.13,0.01
20240817,2024-08-17,2024,3,8,August,33,309,258,769111.82,692435.24,2240.89,293,240,220,20,6.83,60886.74,207.8,5.4,-0.01
20250203,2025-02-03,2025,1,2,February,6,198,159,451461.59,406866.02,2054.88,237,185,169,17,7.17,45376.12,191.46,4.96,0.02
20240302,2024-03-02,2024,1,3,March,9,248,191,586861.02,529673.99,2135.78,227,189,175,15,6.61,42724.72,188.21,4.62,-0.05
20240214,2024-02-14,2024,1,2,February,7,219,173,516916.86,464486.75,2120.94,213,186,173,14,6.57,41630.2,195.45,4.92,-0.03
20230411,2023-04-11,2023,2,4,April,15,228,189,523972.64,475150.94,2084.0,243,206,195,11,4.53,48237.13,198.51,4.66,-0.01
20220112,2022-01-12,2022,1,1,January,2,207,174,516261.1,473262.23,2286.29,232,197,185,13,5.6,45809.69,197.46,4.87,-0.05
20220218,2022-02-18,2022,1,2,February,7,203,165,579193.31,531102.96,2616.27,203,167,159,9,4.43,39043.99,192.33,5.0,-0.03
20250717,2025-07-17,2025,3,7,July,29,300,253,734369.51,668230.67,2227.44,272,235,205,30,11.03,52775.93,194.03,5.01,0.08
20220321,2022-03-21,2022,1,3,March,12,229,196,555153.08,497909.38,2174.28,216,182,167,15,6.94,42772.19,198.02,5.06,0.04
20220422,2022-04-22,2022,2,4,April,16,253,212,608595.82,555232.6,2194.6,261,219,197,22,8.43,50438.88,193.25,4.94,0.0
20250716,2025-07-16,2025,3,7,July,29,243,198,582098.45,521454.06,2145.9,268,231,218,14,5.22,54348.47,202.79,4.89,-0.05
20231226,2023-12-26,2023,4,12,December,52,426,349,1024143.92,924992.75,2171.34,469,384,349,36,7.68,94072.49,200.58,5.06,0.02
20241230,2024-12-30,2024,4,12,December,1,518,421,1317160.84,1202308.58,2321.06,462,398,356,43,9.31,91066.97,197.11,4.95,0.04
20230531,2023-05-31,2023,2,5,May,22,272,221,709111.55,645402.31,2372.8,262,219,199,22,8.4,51235.78,195.56,4.81,0.03
20230801,2023-08-01,2023,3,8,August,31,295,247,755846.67,677094.66,2295.24,271,235,213,22,8.12,53304.51,196.7,4.77,0.05
20230226,2023-02-26,2023,1,2,February,8,210,173,556724.73,502226.2,2391.55,218,180,164,16,7.34,41190.29,188.95,4.97,0.01
20250826,2025-08-26,2025,3,8,August,35,287,235,826328.73,748847.54,2609.22,299,246,229,18,6.02,56092.65,187.6,4.75,0.03
20241117,2024-11-17,2024,4,11,November,46,709,586,1743270.39,1588960.78,2241.13,694,582,542,41,5.91,136414.21,196.56,4.91,-0.02
20240430,2024-04-30,2024,2,4,April,18,254,205,671761.96,606850.81,2389.18,279,229,209,21,7.53,53381.79,191.33,4.76,0.08
20241123,2024-11-23,2024,4,11,November,47,699,574,1690632.76,1531342.15,2190.76,671,565,502,63,9.39,133670.91,199.21,5.08,0.06
20221211,2022-12-11,2022,4,12,December,49,471,374,1153302.49,1038946.54,2205.83,461,383,357,28,6.07,94241.9,204.43,5.05,-0.02
20230620,2023-06-20,2023,2,6,June,25,274,237,653751.35,592647.35,2162.95,255,214,196,19,7.45,52389.88,205.45,4.97,0.01
20250809,2025-08-09,2025,3,8,August,32,314,242,760785.76,689544.17,2196.0,281,238,222,16,5.69,55008.27,195.76,4.85,-0.03
20221026,2022-10-26,2022,4,10,October,43,562,461,1470201.43,1334384.4,2374.35,563,484,437,50,8.88,109192.91,193.95,5.0,0.04
20231024,2023-10-24,2023,4,10,October,43,556,445,1352556.8,1217980.01,2190.61,528,429,395,35,6.63,101031.43,191.35,4.88,0.03
20231012,2023-10-12,2023,4,10,October,41,559,452,1317456.76,1190828.32,2130.28,532,452,420,34,6.39,102559.67,192.78,4.72,0.01
20240618,2024-06-18,2024,2,6,June,25,230,187,554487.95,496996.01,2160.85,274,235,216,19,6.93,53449.25,195.07,4.63,0.0
20250130,2025-01-30,2025,1,1,January,5,217,170,569361.94,517542.21,2384.99,225,195,180,15,6.67,43950.62,195.34,4.8,0.02
20230929,2023-09-29,2023,3,9,September,39,320,262,733042.47,666900.42,2084.06,318,277,261,16,5.03,62895.0,197.78,5.03,-0.06
20220202,2022-02-02,2022,1,2,February,5,241,199,597462.42,538909.19,2236.14,219,191,177,14,6.39,44900.03,205.02,4.83,0.01
20240519,2024-05-19,2024,2,5,May,20,281,227,723526.37,654714.71,2329.95,260,216,198,18,6.92,52592.12,202.28,5.02,0.01
20251215,2025-12-15,2025,4,12,December,51,487,399,1169011.05,1055786.44,2167.94,465,387,353,36,7.74,92199.95,198.28,4.96,0.04
20221226,2022-12-26,2022,4,12,December,52,449,361,1126954.53,1035720.43,2306.73,451,373,340,33,7.32,88329.34,195.85,4.77,-0.01
20250529,2025-05-29,2025,2,5,May,22,267,206,627243.21,569503.32,2132.97,298,258,248,11,3.69,62301.02,209.06,5.08,-0.08
20240613,2024-06-13,2024,2,6,June,24,239,193,612423.08,560690.88,2345.99,225,189,178,12,5.33,47810.26,212.49,5.35,-0.04
20231212,2023-12-12,2023,4,12,December,50,470,384,1112798.76,1012257.93,2153.74,459,386,357,29,6.32,89768.12,195.57,4.81,0.0
20220526,2022-05-26,2022,2,5,May,21,272,221,743186.89,680844.12,2503.1,273,228,207,23,8.42,56073.52,205.4,4.9,0.0
20251121,2025-11-21,2025,4,11,November,47,713,601,1722237.16,1566549.01,2197.12,741,610,563,47,6.34,146511.18,197.72,4.88,-0.03
20251125,2025-11-25,2025,4,11,November,48,708,587,1909218.39,1732166.23,2446.56,703,576,532,47,6.69,138699.33,197.3,4.91,-0.01
20231104,2023-11-04,2023,4,11,November,44,699,560,1700753.68,1542539.49,2206.78,667,562,506,57,8.55,132173.64,198.16,5.05,0.01
20251103,2025-11-03,2025,4,11,November,45,764,622,1862748.87,1693331.85,2216.4,710,597,538,61,8.59,140577.56,198.0,5.06,0.04
20221201,2022-12-01,2022,4,12,December,48,500,412,1290508.69,1170224.78,2340.45,650,545,501,45,6.92,128063.42,197.02,5.04,0.03
20220402,2022-04-02,2022,2,4,April,13,227,194,550118.32,498023.14,2193.93,243,212,198,14,5.76,45609.99,187.7,4.69,-0.12
20220706,2022-07-06,2022,3,7,July,27,291,243,693301.17,626706.14,2153.63,261,218,207,11,4.21,51112.75,195.83,4.86,-0.1
20231014,2023-10-14,2023,4,10,October,41,556,442,1420402.84,1284118.64,2309.57,539,430,400,32,5.94,105509.99,195.75,4.81,-0.02
20240921,2024-09-21,2024,3,9,September,38,323,270,798709.45,720781.04,2231.52,321,251,239,12,3.74,68265.41,212.66,5.01,-0.13
20230101,2023-01-01,2023,1,1,January,52,233,187,593769.24,535738.42,2299.31,413,353,333,20,4.84,82650.15,200.12,4.8,-0.04
20231225,2023-12-25,2023,4,12,December,52,475,395,1132681.85,1027672.95,2163.52,444,372,342,31,6.98,93334.14,210.21,5.26,-0.01
20240810,2024-08-10,2024,3,8,August,32,251,213,678788.85,601199.83,2395.22,304,260,247,13,4.28,62342.09,205.07,4.89,-0.09
20250914,2025-09-14,2025,3,9,September,37,316,257,868514.37,774447.66,2450.78,323,271,247,24,7.43,64900.55,200.93,5.0,0.01
20220928,2022-09-28,2022,3,9,September,39,283,241,667931.98,602586.16,2129.28,343,286,269,18,5.25,69593.31,202.9,5.03,-0.04
20240712,2024-07-12,2024,3,7,July,28,265,214,661768.47,592498.22,2235.84,239,206,188,18,7.53,51220.3,214.31,5.18,-0.08
20221006,2022-10-06,2022,4,10,October,40,554,444,1377352.06,1245977.3,2249.06,531,443,412,33,6.21,108520.07,204.37,4.99,0.04
20220926,2022-09-26,2022,3,9,September,39,353,288,983066.98,882778.79,2500.79,298,249,228,21,7.05,57671.95,193.53,4.96,0.01
20250511,2025-05-11,2025,2,5,May,19,248,200,642995.55,579761.47,2337.75,262,218,201,17,6.49,54025.16,206.2,5.01,-0.04
20231124,2023-11-24,2023,4,11,November,47,726,599,1762066.14,1602470.75,2207.26,718,608,555,55,7.66,145991.26,203.33,4.86,0.03
20241113,2024-11-13,2024,4,11,November,46,729,596,1971962.67,1772548.66,2431.48,670,543,500,45,6.72,127606.37,190.46,4.77,0.04
20250829,2025-08-29,2025,3,8,August,35,303,234,767252.54,695426.47,2295.14,297,236,213,23,7.74,59500.61,200.34,5.05,0.02
20240903,2024-09-03,2024,3,9,September,36,328,264,841790.6,766692.84,2337.48,327,273,253,22,6.73,64754.19,198.03,5.0,-0.03
20251129,2025-11-29,2025,4,11,November,48,692,577,1802435.07,1643340.4,2374.77,738,632,572,62,8.4,144791.65,196.19,4.79,0.01
20230301,2023-03-01,2023,1,3,March,9,258,223,622050.72,561720.74,2177.21,209,174,163,11,5.26,41760.42,199.81,4.67,0.0
20241125,2024-11-25,2024,4,11,November,48,735,594,1935982.12,1747576.99,2377.66,711,607,555,52,7.31,138231.49,194.42,4.87,-0.04
20251209,2025-12-09,2025,4,12,December,50,444,362,1123298.49,1019090.97,2295.25,468,395,361,34,7.26,91019.28,194.49,4.78,-0.01
20220610,2022-06-10,2022,2,6,June,23,235,198,588534.92,538390.83,2291.02,250,207,191,18,7.2,45929.19,183.72,4.92,-0.0
20240809,2024-08-09,2024,3,8,August,32,288,232,706662.09,646844.43,2245.99,284,250,235,16,5.63,58671.55,206.59,5.18,-0.04
20250209,2025-02-09,2025,1,2,February,6,199,165,465838.47,425271.23,2137.04,215,186,170,16,7.44,42331.47,196.89,5.13,0.04
20221108,2022-11-08,2022,4,11,November,45,709,583,1755725.3,1581898.18,2231.17,675,559,511,48,7.11,136681.59,202.49,5.07,-0.03
20241220,2024-12-20,2024,4,12,December,51,477,380,1189372.12,1074658.67,2252.95,467,393,363,31,6.64,91349.03,195.61,4.86,-0.05
20250906,2025-09-06,2025,3,9,September,36,312,264,716010.08,646052.22,2070.68,271,220,203,18,6.64,54771.18,202.11,4.9,-0.04
20241109,2024-11-09,2024,4,11,November,45,715,589,1796281.84,1624236.44,2271.66,702,601,558,44,6.27,139995.83,199.42,4.9,-0.03
20220714,2022-07-14,2022,3,7,July,28,296,251,740282.78,669013.09,2260.18,268,220,204,17,6.34,53911.23,201.16,4.87,-0.07
20241023,2024-10-23,2024,4,10,October,43,566,467,1420493.52,1285560.34,2271.31,523,428,397,32,6.12,109375.13,209.13,5.18,-0.05
20250508,2025-05-08,2025,2,5,May,19,258,217,630755.95,571964.6,2216.92,275,231,208,24,8.73,52256.72,190.02,4.93,0.08
20220212,2022-02-12,2022,1,2,February,6,236,205,667916.29,612219.66,2594.15,185,161,155,7,3.78,39599.4,214.05,4.94,-0.02
20251025,2025-10-25,2025,4,10,October,43,534,449,1343366.61,1228216.96,2300.03,522,452,418,35,6.7,98651.69,188.99,4.89,-0.0
20250726,2025-07-26,2025,3,7,July,30,255,210,570016.37,518083.93,2031.7,251,222,209,14,5.58,51012.96,203.24,4.78,-0.01
20240118,2024-01-18,2024,1,1,January,3,231,189,594054.8,540598.07,2340.25,252,221,201,20,7.94,48828.47,193.76,5.06,0.05
20230918,2023-09-18,2023,3,9,September,38,287,240,714555.66,655502.07,2283.98,290,251,231,20,6.9,58030.27,200.1,4.86,-0.05
20240603,2024-06-03,2024,2,6,June,23,251,190,640389.79,575376.31,2292.34,235,196,191,6,2.55,46884.91,199.51,4.86,-0.07
20240611,2024-06-11,2024,2,6,June,24,226,191,594492.15,528148.93,2336.94,276,242,228,14,5.07,56651.74,205.26,4.91,-0.06
20241228,2024-12-28,2024,4,12,December,52,451,372,1094018.85,992170.07,2199.93,459,395,365,31,6.75,89985.53,196.05,4.74,-0.01
20231111,2023-11-11,2023,4,11,November,45,681,564,1593262.36,1456548.43,2138.84,689,576,536,40,5.81,134111.1,194.65,5.02,-0.0
20240331,2024-03-31,2024,1,3,March,13,253,207,654642.35,590858.62,2335.41,223,193,176,18,8.07,44100.93,197.76,5.08,0.0
20240311,2024-03-11,2024,1,3,March,11,259,216,604618.87,554677.47,2141.61,263,227,202,26,9.89,48781.76,185.48,4.71,0.05
20230516,2023-05-16,2023,2,5,May,20,256,211,670905.77,602111.8,2352.0,253,219,204,16,6.32,50375.11,199.11,5.06,-0.02
20251219,2025-12-19,2025,4,12,December,51,490,398,1349982.94,1221424.33,2492.7,464,391,362,29,6.25,94496.08,203.66,5.14,-0.0
20220920,2022-09-20,2022,3,9,September,38,315,257,789649.45,725929.6,2304.54,292,239,215,25,8.56,55175.9,188.96,4.63,0.08
20220710,2022-07-10,2022,3,7,July,27,284,241,704557.06,639043.78,2250.15,253,216,206,10,3.95,53081.81,209.81,5.13,-0.15
20250925,2025-09-25,2025,3,9,September,39,291,247,752649.16,680074.7,2337.03,300,256,238,18,6.0,60264.57,200.88,5.29,0.05
20231219,2023-12-19,2023,4,12,December,51,473,404,1140436.89,1030243.68,2178.11,429,348,328,20,4.66,85802.38,200.01,5.02,-0.04
20240811,2024-08-11,2024,3,8,August,32,295,246,693550.47,627321.29,2126.51,255,218,201,17,6.67,45522.52,178.52,4.71,-0.07
20240805,2024-08-05,2024,3,8,August,32,267,215,639885.05,578911.59,2168.21,292,260,241,20,6.85,56741.26,194.32,4.83,-0.06
20221106,2022-11-06,2022,4,11,November,44,731,593,1837918.01,1670009.15,2284.55,707,602,557,49,6.93,139711.06,197.61,4.91,0.06
20251228,2025-12-28,2025,4,12,December,52,440,378,1091191.22,984164.42,2236.74,441,359,338,23,5.22,81397.49,184.57,4.56,-0.08
20240518,2024-05-18,2024,2,5,May,20,268,209,675002.78,612605.21,2285.84,248,208,195,13,5.24,46208.26,186.32,4.74,-0.07
20220508,2022-05-08,2022,2,5,May,18,245,202,631090.26,567370.13,2315.8,266,222,212,11,4.14,52462.48,197.23,4.85,-0.01
20240818,2024-08-18,2024,3,8,August,33,299,240,741481.09,670966.66,2244.04,302,249,221,28,9.27,60663.88,200.87,5.03,0.09
20230509,2023-05-09,2023,2,5,May,19,263,210,673424.97,605550.83,2302.47,297,248,228,20,6.73,58633.48,197.42,4.85,0.02
20250904,2025-09-04,2025,3,9,September,36,273,220,721382.59,652577.46,2390.39,315,269,245,25,7.94,64761.57,205.59,4.93,0.06
20250617,2025-06-17,2025,2,6,June,25,230,192,572670.14,511579.39,2224.26,230,193,174,20,8.7,45313.77,197.02,4.77,0.02
20240604,2024-06-04,2024,2,6,June,23,259,208,649900.81,587807.07,2269.53,285,238,218,23,8.07,57560.49,201.97,4.89,0.0
20240129,2024-01-29,2024,1,1,January,5,237,202,576598.8,523191.34,2207.56,236,191,175,16,6.78,49971.06,211.74,5.23,0.0
20250612,2025-06-12,2025,2,6,June,24,236,196,610487.85,563884.67,2389.34,270,228,214,14,5.19,55860.69,206.89,4.87,-0.04
20220307,2022-03-07,2022,1,3,March,10,260,213,745318.11,668795.48,2572.29,243,203,183,21,8.64,45663.51,187.92,4.75,0.05
20220120,2022-01-20,2022,1,1,January,3,234,206,600961.13,545972.32,2333.22,223,191,176,15,6.73,43209.13,193.76,4.83,-0.04
20230525,2023-05-25,2023,2,5,May,21,290,246,650643.51,595926.39,2054.92,266,227,214,13,4.89,54946.14,206.56,4.82,-0.02
20250105,2025-01-05,2025,1,1,January,1,240,194,658972.91,588281.4,2451.17,226,190,176,14,6.19,42585.16,188.43,4.65,-0.02
20240825,2024-08-25,2024,3,8,August,34,314,251,866926.88,778501.13,2479.3,276,230,213,19,6.88,55284.2,200.31,5.07,-0.01
20230708,2023-07-08,2023,3,7,July,27,274,228,692621.08,627574.71,2290.42,281,238,219,21,7.47,54904.69,195.39,4.78,-0.02
20230816,2023-08-16,2023,3,8,August,33,321,253,754889.33,685211.27,2134.61,279,242,210,33,11.83,57998.55,207.88,4.96,0.13
20250531,2025-05-31,2025,2,5,May,22,295,245,785239.68,704682.75,2388.76,303,252,229,24,7.92,60713.49,200.37,4.97,-0.03
20250912,2025-09-12,2025,3,9,September,37,313,258,697477.36,638551.77,2040.1,322,264,244,20,6.21,64600.12,200.62,4.94,-0.0
20241210,2024-12-10,2024,4,12,December,50,460,373,1130087.42,1020135.38,2217.69,427,366,340,26,6.09,85367.97,199.92,5.03,-0.0
20221222,2022-12-22,2022,4,12,December,51,457,383,1061660.63,963108.39,2107.46,437,372,344,28,6.41,88780.26,203.16,5.07,-0.01
20230127,2023-01-27,2023,1,1,January,4,229,195,540614.94,491912.57,2148.09,216,197,187,10,4.63,40519.08,187.59,4.58,-0.07
20220518,2022-05-18,2022,2,5,May,20,263,214,703778.78,633394.17,2408.34,281,230,210,20,7.12,50581.88,180.01,4.89,0.02
20230218,2023-02-18,2023,1,2,February,7,214,183,550971.41,495872.87,2317.16,222,192,174,19,8.56,37861.4,170.55,4.51,0.05
20240401,2024-04-01,2024,2,4,April,14,278,234,743823.92,684470.63,2462.12,231,198,186,12,5.19,45935.58,198.86,5.03,-0.07
20220123,2022-01-23,2022,1,1,January,3,224,188,574514.8,508500.35,2270.09,224,181,166,15,6.7,45385.07,202.61,4.94,-0.06
20230530,2023-05-30,2023,2,5,May,22,282,234,664205.12,603826.77,2141.23,261,230,213,17,6.51,51820.47,198.55,5.19,0.03
20220520,2022-05-20,2022,2,5,May,20,283,221,692959.41,633261.93,2237.67,261,216,198,19,7.28,49657.47,190.26,5.02,-0.01
20250413,2025-04-13,2025,2,4,April,15,274,225,745454.28,680048.13,2481.93,263,221,203,18,6.84,54457.91,207.06,5.24,0.0
20250314,2025-03-14,2025,1,3,March,11,262,207,669322.21,616414.5,2352.73,253,211,196,15,5.93,51095.45,201.96,5.0,-0.06
20220102,2022-01-02,2022,1,1,January,52,238,192,615248.72,564014.11,2369.81,151,126,119,8,5.3,29300.66,194.04,4.57,-0.07
20220101,2022-01-01,2022,1,1,January,52,246,211,727622.88,659863.71,2682.37,55,46,44,2,3.64,9671.9,175.85,4.84,-0.02
20250725,2025-07-25,2025,3,7,July,30,280,237,716783.54,648959.72,2317.71,282,233,214,20,7.09,55426.71,196.55,5.0,0.02
20230803,2023-08-03,2023,3,8,August,31,303,252,774878.38,700941.89,2313.34,306,253,237,16,5.23,63142.03,206.35,5.0,-0.06
20230716,2023-07-16,2023,3,7,July,28,294,236,731326.78,670450.46,2280.44,245,210,194,17,6.94,44894.7,183.24,4.92,0.0
20250312,2025-03-12,2025,1,3,March,11,220,186,592793.35,538036.79,2445.62,233,195,179,16,6.87,44981.64,193.05,4.92,-0.06
20251012,2025-10-12,2025,4,10,October,41,561,457,1339768.99,1204462.97,2146.99,529,461,421,41,7.75,109138.95,206.31,4.99,-0.02
20240424,2024-04-24,2024,2,4,April,17,222,177,646143.83,591803.15,2665.78,249,208,187,21,8.43,49807.23,200.03,5.22,0.09
20230210,2023-02-10,2023,1,2,February,6,211,179,461460.86,422686.83,2003.26,181,165,152,13,7.18,34541.51,190.84,4.92,0.01
20241207,2024-12-07,2024,4,12,December,49,499,412,1293230.57,1177604.21,2359.93,503,412,376,37,7.36,97402.89,193.64,5.01,0.01
20240716,2024-07-16,2024,3,7,July,29,276,219,711459.64,650150.38,2355.62,262,214,193,22,8.4,54835.95,209.3,5.32,0.07
20230917,2023-09-17,2023,3,9,September,37,295,245,783034.52,707258.29,2397.49,272,232,212,20,7.35,54214.77,199.32,5.18,0.0
20220417,2022-04-17,2022,2,4,April,15,274,224,694082.93,622425.43,2271.63,250,221,196,27,10.8,47954.04,191.82,4.87,0.04
20250523,2025-05-23,2025,2,5,May,21,282,225,711523.83,635819.19,2254.68,256,219,201,20,7.81,47684.91,186.27,4.91,0.09
20241214,2024-12-14,2024,4,12,December,50,414,333,1037640.7,956341.17,2310.0,442,366,331,36,8.14,88372.63,199.94,4.76,0.04
20230528,2023-05-28,2023,2,5,May,21,276,234,701069.72,636112.66,2304.76,300,254,242,12,4.0,59462.49,198.21,4.94,-0.07
20220125,2022-01-25,2022,1,1,January,4,235,195,541566.3,498144.08,2119.76,227,187,174,15,6.61,44144.47,194.47,4.74,0.04
20230709,2023-07-09,2023,3,7,July,27,298,245,770565.24,697957.56,2342.14,262,223,203,20,7.63,52271.91,199.51,4.89,0.04
20231202,2023-12-02,2023,4,12,December,48,487,387,1214608.33,1087740.9,2233.55,563,486,452,36,6.39,113338.27,201.31,4.98,-0.04
20230829,2023-08-29,2023,3,8,August,35,277,216,688460.06,619435.83,2236.23,288,235,214,22,7.64,54341.78,188.69,4.74,-0.02
20230205,2023-02-05,2023,1,2,February,5,209,165,461026.27,416225.69,1991.51,229,194,181,14,6.11,45106.51,196.97,4.86,-0.08
20220401,2022-04-01,2022,2,4,April,13,242,191,546207.09,494363.72,2042.83,260,219,203,16,6.15,49522.23,190.47,4.79,-0.06
20250310,2025-03-10,2025,1,3,March,11,267,220,703010.43,643284.85,2409.31,258,221,206,15,5.81,51612.24,200.05,4.87,0.05
20220704,2022-07-04,2022,3,7,July,27,276,223,737668.76,667516.04,2418.54,273,231,213,18,6.59,56635.67,207.46,5.08,-0.03
20230323,2023-03-23,2023,1,3,March,12,215,180,554467.4,504287.27,2345.52,233,202,183,20,8.58,48368.25,207.59,5.19,0.03
20250206,2025-02-06,2025,1,2,February,6,207,178,532368.69,486462.75,2350.06,192,166,158,8,4.17,37154.41,193.51,4.85,-0.06
20220110,2022-01-10,2022,1,1,January,2,235,181,511725.21,464669.35,1977.32,220,179,169,11,5.0,45178.22,205.36,4.75,-0.1
20240409,2024-04-09,2024,2,4,April,15,267,229,642064.91,579418.14,2170.11,257,212,195,18,7.0,51097.25,198.82,4.86,0.04
20240226,2024-02-26,2024,1,2,February,9,219,176,500851.22,450656.42,2057.79,248,207,194,13,5.24,52284.36,210.82,5.21,-0.05
20240824,2024-08-24,2024,3,8,August,34,287,237,775890.11,700754.06,2441.65,309,246,229,18,5.83,61163.06,197.94,4.78,0.01
20230330,2023-03-30,2023,1,3,March,13,248,197,608575.5,552238.1,2226.77,270,230,212,18,6.67,54188.58,200.7,4.71,-0.07
20231108,2023-11-08,2023,4,11,November,45,708,585,1701799.99,1533616.01,2166.12,725,605,553,53,7.31,143728.74,198.25,4.96,-0.01
20230616,2023-06-16,2023,2,6,June,24,226,190,603629.88,552962.5,2446.74,218,185,167,18,8.26,45687.76,209.58,5.14,-0.03
20220827,2022-08-27,2022,3,8,August,34,297,245,700021.51,639283.14,2152.47,284,243,227,16,5.63,52691.41,185.53,4.75,-0.11
20230508,2023-05-08,2023,2,5,May,19,276,226,712885.04,645765.62,2339.73,281,232,218,15,5.34,57611.41,205.02,5.0,-0.04
20250719,2025-07-19,2025,3,7,July,29,269,221,657006.62,587738.4,2184.9,291,246,237,9,3.09,61014.82,209.67,4.84,-0.09
20240819,2024-08-19,2024,3,8,August,34,316,254,830032.12,751723.26,2378.87,308,255,239,16,5.19,60615.99,196.81,4.91,0.04
20230318,2023-03-18,2023,1,3,March,11,277,222,768956.21,699641.29,2525.78,275,232,208,24,8.73,53888.48,195.96,5.06,0.07
20240731,2024-07-31,2024,3,7,July,31,266,221,682025.18,619627.99,2329.43,260,217,200,17,6.54,52338.11,201.3,5.01,-0.01
20250228,2025-02-28,2025,1,2,February,9,201,165,462535.2,420859.61,2093.83,210,174,156,21,10.0,43975.18,209.41,4.72,0.04
20230901,2023-09-01,2023,3,9,September,35,317,258,832907.81,755752.32,2384.08,265,215,202,13,4.91,50722.36,191.41,4.81,-0.11
20230103,2023-01-03,2023,1,1,January,1,233,191,582756.33,521166.35,2236.77,238,209,183,26,10.92,44075.98,185.19,4.86,0.07
20220228,2022-02-28,2022,1,2,February,9,210,162,477266.53,440118.19,2095.8,221,175,164,11,4.98,43859.95,198.46,5.13,-0.01
20230729,2023-07-29,2023,3,7,July,30,295,228,733591.66,665756.35,2256.8,323,267,252,16,4.95,62145.66,192.4,5.07,-0.15
20251029,2025-10-29,2025,4,10,October,44,588,469,1420928.53,1291024.45,2195.62,593,496,453,44,7.42,118765.2,200.28,4.88,-0.0
20220607,2022-06-07,2022,2,6,June,23,301,253,852223.3,769103.45,2555.16,253,214,193,21,8.3,47572.98,188.04,4.59,0.06
20250126,2025-01-26,2025,1,1,January,4,220,185,492178.74,444746.04,2021.57,226,184,162,24,10.62,45950.87,203.32,5.13,0.13
20240526,2024-05-26,2024,2,5,May,21,291,243,740323.15,668986.5,2298.92,248,208,193,15,6.05,46652.46,188.11,4.71,0.02
20240111,2024-01-11,2024,1,1,January,2,238,195,611435.76,551224.28,2316.07,229,200,191,10,4.37,46227.12,201.87,4.62,-0.08
20250115,2025-01-15,2025,1,1,January,3,218,183,525051.79,469361.46,2153.03,214,181,168,13,6.07,42218.91,197.28,4.74,-0.07
20250421,2025-04-21,2025,2,4,April,17,267,226,686695.8,621348.38,2327.15,249,213,195,19,7.63,50492.86,202.78,4.91,-0.02
20220315,2022-03-15,2022,1,3,March,11,247,193,638602.72,570678.09,2310.44,222,195,175,20,9.01,43954.84,197.99,5.1,0.01
20230924,2023-09-24,2023,3,9,September,38,300,245,665145.58,603393.97,2011.31,299,246,224,22,7.36,57541.39,192.45,5.07,0.04
20220723,2022-07-23,2022,3,7,July,29,280,228,664191.11,607667.13,2170.24,256,216,201,16,6.25,47854.46,186.93,4.8,-0.05
20230624,2023-06-24,2023,2,6,June,25,247,203,585104.03,533764.47,2160.99,254,216,201,15,5.91,52900.26,208.27,5.0,0.0
20231026,2023-10-26,2023,4,10,October,43,575,457,1541045.62,1401344.32,2437.12,533,449,408,41,7.69,103211.8,193.64,5.01,0.01
20220703,2022-07-03,2022,3,7,July,26,257,209,566455.85,512195.87,1992.98,289,243,221,24,8.3,58823.71,203.54,5.04,0.06
20230722,2023-07-22,2023,3,7,July,29,266,216,658852.27,595806.37,2239.87,276,228,211,17,6.16,53047.62,192.2,4.96,-0.03
20230326,2023-03-26,2023,1,3,March,12,244,197,584721.42,531573.54,2178.58,240,207,190,18,7.5,48893.92,203.72,4.9,-0.0
20240204,2024-02-04,2024,1,2,February,5,216,178,497683.27,447261.75,2070.66,219,181,168,13,5.94,43472.86,198.51,4.89,-0.02
20240707,2024-07-07,2024,3,7,July,27,263,214,694944.16,622312.5,2366.21,260,223,189,34,13.08,52210.3,200.81,5.44,0.18
20230314,2023-03-14,2023,1,3,March,11,229,194,517968.15,472977.47,2065.4,247,206,193,13,5.26,51204.85,207.31,5.2,-0.04
20240608,2024-06-08,2024,2,6,June,23,270,219,812858.73,739825.05,2740.09,276,233,212,21,7.61,55328.64,200.47,5.07,-0.02
20220613,2022-06-13,2022,2,6,June,24,255,200,659305.37,594710.35,2332.2,236,196,180,17,7.2,46443.27,196.79,4.9,0.03
20220625,2022-06-25,2022,2,6,June,25,274,227,745948.09,663990.5,2423.32,264,226,210,16,6.06,52427.24,198.59,4.95,-0.04
20250117,2025-01-17,2025,1,1,January,3,226,191,533781.04,489024.98,2163.83,245,211,189,22,8.98,47332.75,193.19,4.67,0.05
20240217,2024-02-17,2024,1,2,February,7,215,165,576774.06,516903.31,2404.2,246,207,180,27,10.98,48048.13,195.32,4.83,0.14
20230331,2023-03-31,2023,1,3,March,13,227,189,546286.61,491976.93,2167.3,236,194,180,14,5.93,46121.65,195.43,4.89,-0.1
20250309,2025-03-09,2025,1,3,March,10,245,200,683050.31,607430.43,2479.31,250,205,188,17,6.8,46231.48,184.93,4.62,0.0
20220425,2022-04-25,2022,2,4,April,17,256,208,662294.46,601535.0,2349.75,251,207,190,17,6.77,49015.85,195.28,4.78,0.0
20240429,2024-04-29,2024,2,4,April,18,267,201,616577.01,545205.3,2041.97,255,212,196,17,6.67,47762.62,187.3,4.9,-0.04
20250318,2025-03-18,2025,1,3,March,12,252,208,635778.33,578111.09,2294.09,239,199,187,12,5.02,45364.47,189.81,4.67,-0.05
20231114,2023-11-14,2023,4,11,November,46,710,565,1705217.31,1541253.1,2170.78,700,594,548,47,6.71,143582.68,205.12,5.01,-0.06
20241105,2024-11-05,2024,4,11,November,45,749,622,1924760.55,1731644.05,2311.94,707,595,546,51,7.21,137060.2,193.86,4.95,0.01
20220304,2022-03-04,2022,1,3,March,9,246,197,638782.58,582011.88,2365.9,238,203,190,15,6.3,48152.12,202.32,5.01,-0.01
20231027,2023-10-27,2023,4,10,October,43,548,451,1422105.52,1278019.45,2332.15,561,482,437,48,8.56,112447.09,200.44,4.81,0.01
20250302,2025-03-02,2025,1,3,March,9,271,229,633285.97,573569.63,2116.49,250,220,197,23,9.2,48064.14,192.26,4.64,0.09
20240808,2024-08-08,2024,3,8,August,32,291,226,753352.08,675850.03,2322.51,306,253,233,21,6.86,55675.18,181.95,4.79,0.06
20250122,2025-01-22,2025,1,1,January,4,198,151,536559.89,486789.61,2458.53,237,195,178,19,8.02,46575.33,196.52,5.0,0.02
20250924,2025-09-24,2025,3,9,September,39,303,262,702236.14,636605.29,2101.01,299,248,234,15,5.02,59904.44,200.35,4.81,0.04
20251212,2025-12-12,2025,4,12,December,50,495,417,1144918.09,1049028.91,2119.25,450,385,355,32,7.11,85997.83,191.11,4.67,-0.0
20251107,2025-11-07,2025,4,11,November,45,691,570,1670389.22,1520500.48,2200.43,663,547,507,42,6.33,131264.29,197.99,4.8,-0.02
20250217,2025-02-17,2025,1,2,February,8,216,176,541908.91,486487.62,2252.26,176,155,137,18,10.23,35321.17,200.69,5.03,0.08
20241027,2024-10-27,2024,4,10,October,43,570,455,1405176.77,1276780.71,2239.97,573,473,431,42,7.33,112653.93,196.6,4.96,-0.02
20230719,2023-07-19,2023,3,7,July,29,268,222,609020.1,552684.94,2062.26,288,246,225,22,7.64,56797.0,197.21,5.18,0.04
20221117,2022-11-17,2022,4,11,November,46,744,610,1745061.15,1578670.34,2121.87,722,617,569,48,6.65,145237.08,201.16,4.93,0.01
20240726,2024-07-26,2024,3,7,July,30,280,231,695701.79,636426.55,2272.95,259,213,195,18,6.95,49774.01,192.18,4.93,-0.04
20230728,2023-07-28,2023,3,7,July,30,310,242,795382.22,726796.56,2344.51,250,209,192,17,6.8,50038.64,200.15,4.72,-0.04
20221008,2022-10-08,2022,4,10,October,40,541,436,1327440.18,1208440.95,2233.72,543,455,415,41,7.55,106509.16,196.15,4.82,0.01
20231030,2023-10-30,2023,4,10,October,44,545,450,1444578.28,1308815.18,2401.5,546,452,406,50,9.16,103415.51,189.41,4.78,0.07
20230914,2023-09-14,2023,3,9,September,37,285,219,678928.62,608973.92,2136.75,304,260,237,24,7.89,64463.84,212.05,5.01,0.01
20250322,2025-03-22,2025,1,3,March,12,227,190,509396.44,463210.58,2040.58,227,195,173,22,9.69,43315.36,190.82,4.71,0.03
20241114,2024-11-14,2024,4,11,November,46,723,591,1802889.1,1635138.13,2261.6,722,595,563,32,4.43,141630.68,196.16,4.78,-0.06
20220705,2022-07-05,2022,3,7,July,27,240,189,596546.73,540069.09,2250.29,249,198,183,18,7.23,49619.5,199.28,4.96,0.03
20220907,2022-09-07,2022,3,9,September,36,288,227,653016.13,602940.08,2093.54,286,239,223,16,5.59,54729.0,191.36,4.67,-0.07
20251005,2025-10-05,2025,4,10,October,40,568,472,1335564.56,1215503.34,2139.97,554,471,433,38,6.86,112103.91,202.35,4.93,0.02
20241124,2024-11-24,2024,4,11,November,47,732,593,1793057.61,1618628.13,2211.24,752,607,565,46,6.12,146925.04,195.38,4.8,-0.01
20230527,2023-05-27,2023,2,5,May,21,286,229,674444.75,604620.17,2114.06,274,238,217,21,7.66,53363.87,194.76,4.86,-0.01
20220409,2022-04-09,2022,2,4,April,14,252,200,605786.9,553269.66,2195.51,227,192,176,18,7.93,46671.14,205.6,5.07,0.01
20240913,2024-09-13,2024,3,9,September,37,288,237,687034.29,609869.16,2117.6,306,259,233,26,8.5,62184.48,203.22,5.08,0.01
20231213,2023-12-13,2023,4,12,December,50,429,344,974274.49,889091.67,2072.47,486,416,385,32,6.58,93113.47,191.59,4.78,0.02
20221219,2022-12-19,2022,4,12,December,51,448,346,1075012.78,973261.71,2172.46,458,392,354,39,8.52,86202.12,188.21,4.82,0.04
20240531,2024-05-31,2024,2,5,May,22,308,251,774629.57,695936.65,2259.53,256,217,195,22,8.59,48332.0,188.8,4.89,0.04
20251031,2025-10-31,2025,4,10,October,44,546,446,1359175.97,1244019.73,2278.42,536,442,411,33,6.16,102389.4,191.03,4.82,-0.04
20241028,2024-10-28,2024,4,10,October,44,566,476,1434365.96,1299167.38,2295.35,549,453,423,30,5.46,105564.59,192.29,4.79,-0.05
20241103,2024-11-03,2024,4,11,November,44,688,567,1606764.3,1467288.18,2132.69,684,562,523,40,5.85,135560.48,198.19,4.79,-0.02
20240103,2024-01-03,2024,1,1,January,1,240,192,570089.33,517605.42,2156.69,273,237,225,13,4.76,54289.24,198.86,4.87,-0.07
20220724,2022-07-24,2022,3,7,July,29,246,214,647609.03,585547.34,2380.27,265,228,214,14,5.28,53824.64,203.11,5.19,-0.09
20241222,2024-12-22,2024,4,12,December,51,455,378,1224682.08,1103985.37,2426.34,485,420,381,41,8.45,92987.27,191.73,4.97,0.02
20250430,2025-04-30,2025,2,4,April,18,271,218,666036.32,605111.85,2232.89,252,211,198,13,5.16,49846.63,197.8,4.68,0.03
20250910,2025-09-10,2025,3,9,September,37,283,227,706582.18,641551.63,2266.97,336,280,251,29,8.63,65556.93,195.11,5.05,0.06
20231106,2023-11-06,2023,4,11,November,45,725,585,1764668.42,1601061.01,2208.36,741,622,565,58,7.83,150412.75,202.99,5.04,0.04
20221203,2022-12-03,2022,4,12,December,48,448,374,1064987.94,970230.34,2165.69,486,414,387,27,5.56,97821.14,201.28,5.15,-0.01
20240502,2024-05-02,2024,2,5,May,18,271,221,652198.95,591210.53,2181.59,269,227,213,15,5.58,51099.1,189.96,5.07,-0.05
20220325,2022-03-25,2022,1,3,March,12,242,208,559706.78,512331.38,2117.07,247,209,193,16,6.48,50685.43,205.2,5.13,0.0
20230724,2023-07-24,2023,3,7,July,30,292,237,710451.28,645303.37,2209.94,283,229,213,18,6.36,56518.06,199.71,5.16,-0.05
20220913,2022-09-13,2022,3,9,September,37,287,238,704374.93,639437.43,2228.0,259,220,209,12,4.63,48699.59,188.03,4.95,-0.04
20240802,2024-08-02,2024,3,8,August,31,285,242,722637.97,651775.17,2286.93,265,219,203,16,6.04,51312.84,193.63,5.01,0.01
20240909,2024-09-09,2024,3,9,September,37,318,249,817189.52,748645.98,2354.23,300,252,228,24,8.0,58594.16,195.31,4.96,-0.01
20220117,2022-01-17,2022,1,1,January,3,213,180,516220.78,474311.47,2226.81,210,175,155,21,10.0,43427.44,206.8,4.91,0.06
20231028,2023-10-28,2023,4,10,October,43,573,475,1399696.24,1273001.86,2221.64,531,442,399,44,8.29,103580.49,195.07,4.92,0.03
20240101,2024-01-01,2024,1,1,January,1,209,169,523139.15,464582.64,2222.88,392,331,301,31,7.91,77097.96,196.68,5.06,0.01
20231121,2023-11-21,2023,4,11,November,47,743,624,1850628.16,1674165.25,2253.25,719,600,554,46,6.4,143559.64,199.67,4.92,-0.05
20240813,2024-08-13,2024,3,8,August,33,306,260,813525.83,739266.73,2415.9,311,263,247,16,5.14,63690.84,204.79,5.06,-0.03
20240924,2024-09-24,2024,3,9,September,39,342,283,836687.95,762799.93,2230.41,309,251,227,25,8.09,58727.43,190.06,4.87,0.02
20220320,2022-03-20,2022,1,3,March,11,217,172,557146.55,501886.68,2312.84,240,200,183,18,7.5,46198.17,192.49,5.33,0.0
20220808,2022-08-08,2022,3,8,August,32,310,265,710232.2,631023.61,2035.56,252,207,198,10,3.97,48745.91,193.44,4.94,-0.01
20251204,2025-12-04,2025,4,12,December,49,451,380,1146802.97,1033087.82,2290.66,482,406,369,39,8.09,89782.16,186.27,4.54,-0.01
20230203,2023-02-03,2023,1,2,February,5,205,165,471483.88,429059.33,2092.97,221,187,169,18,8.14,42214.48,191.02,4.65,0.08
20221024,2022-10-24,2022,4,10,October,43,596,475,1490032.49,1363143.69,2287.15,527,454,418,37,7.02,103919.75,197.19,5.0,-0.02
20241115,2024-11-15,2024,4,11,November,46,709,584,1791391.18,1622732.68,2288.76,744,642,597,46,6.18,143716.4,193.17,4.86,0.01
20241209,2024-12-09,2024,4,12,December,50,477,380,1176100.32,1054471.92,2210.63,492,416,385,33,6.71,94833.65,192.75,4.76,-0.02
20250613,2025-06-13,2025,2,6,June,24,265,217,668616.75,600885.64,2267.49,242,207,194,14,5.79,48637.78,200.98,4.89,0.02
20220226,2022-02-26,2022,1,2,February,8,201,171,465048.34,423391.11,2106.42,191,165,147,20,10.47,35870.16,187.8,4.72,0.12
20251004,2025-10-04,2025,4,10,October,40,548,450,1404836.17,1277799.35,2331.75,607,509,470,41,6.75,116618.68,192.12,4.9,-0.02
20230130,2023-01-30,2023,1,1,January,5,236,190,575027.97,525863.61,2228.24,241,203,194,9,3.73,48001.76,199.18,4.88,-0.11
20221121,2022-11-21,2022,4,11,November,47,719,578,1805347.02,1646175.21,2289.53,765,660,619,44,5.75,147932.62,193.38,4.92,-0.05
20250201,2025-02-01,2025,1,2,February,5,237,195,599871.02,544933.95,2299.3,213,183,174,9,4.23,43761.05,205.45,4.73,-0.04
20220813,2022-08-13,2022,3,8,August,32,279,228,690503.48,623102.26,2233.34,266,214,193,21,7.89,53003.54,199.26,4.83,0.05
20250527,2025-05-27,2025,2,5,May,22,267,224,662217.99,600689.03,2249.77,272,223,204,19,6.99,54204.01,199.28,5.13,0.08
20250727,2025-07-27,2025,3,7,July,30,290,232,679053.55,625122.02,2155.59,303,240,225,16,5.28,62721.89,207.0,4.97,-0.04
20220527,2022-05-27,2022,2,5,May,21,310,255,773292.16,697345.19,2249.5,256,213,197,17,6.64,52199.44,203.9,4.94,-0.05
20250917,2025-09-17,2025,3,9,September,38,320,242,915597.23,816771.26,2552.41,325,278,254,24,7.38,62007.27,190.79,4.8,0.01
20240928,2024-09-28,2024,3,9,September,39,291,243,733884.1,663379.55,2279.65,265,222,203,19,7.17,51277.01,193.5,4.87,-0.01
20240624,2024-06-24,2024,2,6,June,26,267,218,725241.8,662550.7,2481.46,265,217,202,15,5.66,51697.32,195.08,4.85,0.04
20250817,2025-08-17,2025,3,8,August,33,287,233,706033.29,647711.22,2256.83,307,251,230,22,7.17,59759.5,194.66,4.72,0.0
20220430,2022-04-30,2022,2,4,April,17,248,200,562815.73,508612.35,2050.86,265,221,206,15,5.66,55312.48,208.73,5.25,-0.01
20240717,2024-07-17,2024,3,7,July,29,257,220,736404.39,663990.91,2583.62,290,241,229,13,4.48,59367.47,204.72,5.04,-0.03
20231207,2023-12-07,2023,4,12,December,49,429,345,1094196.13,995941.47,2321.54,433,352,323,29,6.7,84485.39,195.12,4.97,-0.01
20220602,2022-06-02,2022,2,6,June,22,263,221,645413.5,586548.54,2230.22,261,219,209,10,3.83,54356.72,208.26,4.91,-0.06
20221112,2022-11-12,2022,4,11,November,45,709,575,1697856.7,1545544.18,2179.89,724,618,574,46,6.35,141039.35,194.81,4.89,-0.06
20230108,2023-01-08,2023,1,1,January,1,206,172,513774.35,463904.81,2251.97,212,171,161,10,4.72,43312.6,204.3,5.11,-0.03
20230725,2023-07-25,2023,3,7,July,30,260,208,663843.67,606848.46,2334.03,293,252,236,16,5.46,58593.91,199.98,4.88,-0.05
20240822,2024-08-22,2024,3,8,August,34,307,241,750855.14,684722.76,2230.37,302,251,225,28,9.27,64361.36,213.12,5.04,0.02
20230428,2023-04-28,2023,2,4,April,17,257,214,657176.53,602235.04,2343.33,263,217,199,19,7.22,50768.78,193.04,4.98,0.01
20250810,2025-08-10,2025,3,8,August,32,310,253,852966.59,783087.84,2526.09,311,255,236,19,6.11,57849.48,186.01,4.69,-0.0
20241225,2024-12-25,2024,4,12,December,52,463,380,1175733.3,1068050.26,2306.8,479,413,381,33,6.89,93764.23,195.75,4.99,-0.01
20231231,2023-12-31,2023,4,12,December,52,433,346,1088396.2,984535.25,2273.75,467,402,367,36,7.71,92096.73,197.21,4.92,0.03
20250712,2025-07-12,2025,3,7,July,28,279,232,741698.12,670567.68,2403.47,277,225,209,16,5.78,60595.77,218.76,5.17,-0.06
20251221,2025-12-21,2025,4,12,December,51,467,382,1187628.99,1064492.68,2279.43,485,409,374,36,7.42,92823.82,191.39,4.8,0.01
20231222,2023-12-22,2023,4,12,December,51,468,392,1185483.77,1054273.08,2252.72,446,364,327,39,8.74,87045.9,195.17,4.82,0.03
20251028,2025-10-28,2025,4,10,October,44,570,478,1489357.5,1358159.12,2382.74,579,491,454,37,6.39,111716.39,192.95,4.7,-0.06
20230823,2023-08-23,2023,3,8,August,34,288,237,731697.04,675179.7,2344.37,289,254,230,25,8.65,54968.62,190.2,4.76,0.02
20240420,2024-04-20,2024,2,4,April,16,285,234,744631.33,672896.28,2361.04,276,231,207,24,8.7,60079.54,217.68,5.18,0.01
20250223,2025-02-23,2025,1,2,February,8,195,159,457568.66,416847.53,2137.68,209,175,155,21,10.05,39314.97,188.11,5.16,0.06
20230718,2023-07-18,2023,3,7,July,29,295,243,745412.69,677643.96,2297.1,294,246,223,24,8.16,56000.08,190.48,4.97,0.05
20250901,2025-09-01,2025,3,9,September,36,351,280,826823.62,750203.68,2137.33,293,243,225,20,6.83,57231.54,195.33,4.95,-0.0
20241208,2024-12-08,2024,4,12,December,49,472,384,1157320.31,1047961.71,2220.26,466,389,359,30,6.44,89290.82,191.61,4.82,-0.01
20240414,2024-04-14,2024,2,4,April,15,236,182,544123.94,485124.58,2055.61,243,199,184,15,6.17,49188.57,202.42,5.16,0.01
20221002,2022-10-02,2022,4,10,October,39,579,480,1437829.85,1295236.87,2237.02,478,414,381,35,7.32,95712.33,200.23,4.98,-0.0
20230927,2023-09-27,2023,3,9,September,39,264,214,618854.85,563056.14,2132.79,317,274,253,23,7.26,60933.43,192.22,4.72,0.0
20250214,2025-02-14,2025,1,2,February,7,205,168,444628.29,405914.85,1980.07,197,162,146,16,8.12,40102.4,203.57,4.97,-0.04
20231227,2023-12-27,2023,4,12,December,52,466,391,1168292.31,1066091.24,2287.75,446,366,345,21,4.71,84807.71,190.15,4.74,-0.05
20230619,2023-06-19,2023,2,6,June,25,271,222,706775.74,636160.1,2347.45,265,207,189,18,6.79,52066.94,196.48,4.84,-0.0
20231119,2023-11-19,2023,4,11,November,46,690,562,1654643.52,1499449.27,2173.11,733,621,577,47,6.41,140615.21,191.84,4.77,-0.01
20240131,2024-01-31,2024,1,1,January,5,222,172,544409.09,487657.6,2196.66,227,200,188,12,5.29,44816.06,197.43,4.89,-0.02
20251019,2025-10-19,2025,4,10,October,42,553,465,1354490.74,1216961.06,2200.65,567,465,426,39,6.88,111435.18,196.53,5.07,0.02
20241030,2024-10-30,2024,4,10,October,44,586,486,1357264.12,1239849.31,2115.78,554,473,440,35,6.32,105653.39,190.71,4.73,-0.05
20251231,2025-12-31,2025,4,12,December,1,453,354,1177830.7,1061462.26,2343.18,479,407,374,34,7.1,93318.19,194.82,4.81,-0.02
20241101,2024-11-01,2024,4,11,November,44,728,598,1864547.37,1681371.58,2309.58,604,501,453,52,8.61,122430.01,202.7,5.21,0.05
20251201,2025-12-01,2025,4,12,December,49,485,398,1124890.86,1018326.11,2099.64,668,556,505,55,8.23,129356.28,193.65,4.92,0.02
20230622,2023-06-22,2023,2,6,June,25,265,215,672585.01,605458.12,2284.75,258,224,213,11,4.26,50996.74,197.66,4.9,-0.04
20251210,2025-12-10,2025,4,12,December,50,471,391,1074222.41,982564.84,2086.12,433,371,340,32,7.39,84806.86,195.86,5.02,0.01
20250807,2025-08-07,2025,3,8,August,32,287,239,679926.04,611416.23,2130.37,253,213,200,14,5.53,50627.57,200.11,4.74,-0.02
20250923,2025-09-23,2025,3,9,September,39,321,247,845120.61,759536.05,2366.16,328,273,256,18,5.49,64934.31,197.97,4.9,-0.08
20221208,2022-12-08,2022,4,12,December,49,428,349,1144475.91,1038388.28,2426.14,445,377,356,21,4.72,83333.21,187.27,4.7,-0.06
20230603,2023-06-03,2023,2,6,June,22,263,217,626321.93,569904.89,2166.94,274,228,211,17,6.2,50842.44,185.56,4.95,-0.03
20251207,2025-12-07,2025,4,12,December,49,484,394,1238944.3,1129091.07,2332.83,463,401,375,27,5.83,92139.6,199.01,4.99,-0.03
20240123,2024-01-23,2024,1,1,January,4,242,190,578569.49,523370.78,2162.69,211,175,163,12,5.69,42105.17,199.55,4.97,-0.04
20250714,2025-07-14,2025,3,7,July,29,268,227,629895.67,575531.08,2147.5,265,231,219,12,4.53,50153.15,189.26,4.72,-0.07
20240701,2024-07-01,2024,3,7,July,27,266,214,655915.98,594626.78,2235.44,253,206,182,25,9.88,48834.78,193.02,5.0,0.03
20251022,2025-10-22,2025,4,10,October,43,558,464,1380870.37,1255151.17,2249.37,523,452,414,38,7.27,106021.11,202.72,5.15,-0.02
20230721,2023-07-21,2023,3,7,July,29,277,222,713390.41,642984.72,2321.24,261,218,195,23,8.81,49563.96,189.9,5.04,0.08
20220211,2022-02-11,2022,1,2,February,6,203,169,500836.94,458082.56,2256.56,196,169,161,8,4.08,40704.57,207.68,4.9,-0.12
20220119,2022-01-19,2022,1,1,January,3,208,174,545204.17,492072.87,2365.73,252,222,203,20,7.94,51800.04,205.56,5.11,0.03
20240612,2024-06-12,2024,2,6,June,24,248,201,645291.23,584580.73,2357.18,218,183,167,17,7.8,45510.75,208.76,5.14,-0.01
20240324,2024-03-24,2024,1,3,March,12,225,189,547935.12,495979.17,2204.35,240,202,184,18,7.5,43834.46,182.64,4.66,-0.08
20220826,2022-08-26,2022,3,8,August,34,305,252,760796.06,694493.49,2277.03,308,253,235,19,6.17,58914.42,191.28,4.66,-0.01
20220312,2022-03-12,2022,1,3,March,10,249,197,680156.23,611792.32,2457.0,251,216,201,15,5.98,47460.74,189.09,4.92,-0.05
20241201,2024-12-01,2024,4,12,December,48,481,410,1217802.61,1106419.95,2300.25,647,548,504,45,6.96,122304.49,189.03,4.87,-0.03
20250514,2025-05-14,2025,2,5,May,20,265,205,727023.79,655826.97,2474.82,242,210,186,24,9.92,45775.49,189.15,4.85,0.06
20240725,2024-07-25,2024,3,7,July,30,270,220,707498.51,638423.11,2364.53,294,248,229,21,7.14,60903.63,207.16,4.8,0.02
20240730,2024-07-30,2024,3,7,July,31,261,212,652424.81,580631.81,2224.64,291,244,231,14,4.81,58050.83,199.49,5.03,-0.04
20250321,2025-03-21,2025,1,3,March,12,233,184,547604.66,497767.82,2136.34,252,210,193,18,7.14,49181.65,195.17,4.79,-0.02
20230822,2023-08-22,2023,3,8,August,34,304,258,790837.45,710303.26,2336.52,282,222,195,28,9.93,57314.36,203.24,5.19,0.11
20230905,2023-09-05,2023,3,9,September,36,313,261,788258.62,720162.62,2300.84,298,260,236,24,8.05,61220.52,205.44,5.0,0.06
20240629,2024-06-29,2024,2,6,June,26,233,201,594936.34,538792.64,2312.41,259,217,203,16,6.18,50290.65,194.17,4.91,-0.05
20230429,2023-04-29,2023,2,4,April,17,252,207,653292.82,586293.07,2326.56,244,210,195,16,6.56,51032.67,209.15,4.82,-0.04
20220930,2022-09-30,2022,3,9,September,39,317,255,819947.37,738745.36,2330.43,282,236,217,21,7.45,56996.67,202.12,5.07,0.02
20230504,2023-05-04,2023,2,5,May,18,259,212,626504.86,568085.62,2193.38,263,229,210,19,7.22,55274.26,210.17,4.8,0.03
20250602,2025-06-02,2025,2,6,June,23,264,211,647302.99,587983.77,2227.21,261,226,213,14,5.36,55704.41,213.43,5.17,-0.06
20240820,2024-08-20,2024,3,8,August,34,299,255,723918.33,662509.68,2215.75,293,243,226,17,5.8,61923.88,211.34,4.85,-0.05
20241206,2024-12-06,2024,4,12,December,49,449,362,1070170.53,973920.83,2169.09,422,360,334,27,6.4,82225.63,194.85,4.87,-0.01
20230327,2023-03-27,2023,1,3,March,13,233,200,583052.33,527588.0,2264.33,261,219,206,15,5.75,50145.66,192.13,4.88,-0.01
20251021,2025-10-21,2025,4,10,October,43,545,451,1374306.77,1257461.33,2307.27,534,463,424,42,7.87,104691.52,196.05,4.89,0.01
20241227,2024-12-27,2024,4,12,December,52,474,388,1159392.98,1061825.93,2240.14,427,360,328,32,7.49,85887.8,201.14,5.13,0.05
20240523,2024-05-23,2024,2,5,May,21,235,194,556773.1,496411.28,2112.39,255,214,195,19,7.45,50607.48,198.46,4.74,0.02
20250415,2025-04-15,2025,2,4,April,16,246,201,602959.86,547837.99,2226.98,273,233,219,14,5.13,54841.37,200.88,5.18,-0.04
20220217,2022-02-17,2022,1,2,February,7,178,149,510333.74,457805.75,2571.94,175,137,129,8,4.57,35855.97,204.89,4.99,-0.07
20240201,2024-02-01,2024,1,2,February,5,237,209,615686.21,567273.57,2393.56,229,189,177,12,5.24,45052.31,196.73,4.87,0.0
20220404,2022-04-04,2022,2,4,April,14,267,209,681226.67,616920.99,2310.57,245,207,198,9,3.67,48773.98,199.08,4.77,-0.12
20250106,2025-01-06,2025,1,1,January,2,223,191,530086.21,480900.87,2156.51,239,194,183,11,4.6,51783.78,216.67,5.15,-0.02
20220802,2022-08-02,2022,3,8,August,31,268,219,619525.46,571015.26,2130.65,273,245,219,27,9.89,55187.03,202.15,5.08,0.04
20240904,2024-09-04,2024,3,9,September,36,319,261,742523.43,683371.32,2142.23,321,276,251,25,7.79,62274.73,194.0,4.7,0.0
20240105,2024-01-05,2024,1,1,January,1,199,162,450299.05,407682.92,2048.66,225,196,176,22,9.78,47096.96,209.32,4.93,0.03
20220817,2022-08-17,2022,3,8,August,33,312,256,828694.73,751465.42,2408.54,300,254,237,21,7.0,61093.13,203.64,5.1,0.0
20250503,2025-05-03,2025,2,5,May,18,260,199,658686.05,600739.76,2310.54,232,195,178,17,7.33,43310.9,186.68,4.66,0.04
20230121,2023-01-21,2023,1,1,January,3,222,190,531365.63,484222.27,2181.18,227,181,162,20,8.81,46969.14,206.91,4.89,0.04
20240710,2024-07-10,2024,3,7,July,28,278,231,685183.97,625201.17,2248.93,287,236,224,14,4.88,56178.48,195.74,4.85,-0.01
20240102,2024-01-02,2024,1,1,January,1,233,196,541123.87,489045.3,2098.91,268,232,218,15,5.6,52125.67,194.5,5.02,-0.05
20220824,2022-08-24,2022,3,8,August,34,287,240,717034.89,645929.65,2250.63,275,224,209,17,6.18,54613.67,198.6,4.78,-0.07
20240602,2024-06-02,2024,2,6,June,22,256,217,640381.93,581638.42,2272.03,257,228,212,16,6.23,50289.27,195.68,4.65,0.02
20230220,2023-02-20,2023,1,2,February,8,232,204,569145.71,518922.44,2236.73,218,174,160,14,6.42,42859.25,196.6,4.95,0.02
20240705,2024-07-05,2024,3,7,July,27,293,237,805704.71,716178.9,2444.3,292,254,240,15,5.14,59963.12,205.35,4.84,-0.11
20230422,2023-04-22,2023,2,4,April,16,261,213,659450.23,602748.83,2309.38,272,227,210,17,6.25,49314.81,181.3,4.69,-0.03
20240503,2024-05-03,2024,2,5,May,18,269,217,670109.25,606409.75,2254.31,268,229,211,19,7.09,51563.63,192.4,4.98,-0.03
20230817,2023-08-17,2023,3,8,August,33,307,244,724000.32,653709.4,2129.35,297,233,211,23,7.74,58644.46,197.46,4.87,0.05
20250907,2025-09-07,2025,3,9,September,36,322,272,827997.0,740603.51,2300.01,309,267,250,17,5.5,60569.39,196.02,4.83,-0.15
20230329,2023-03-29,2023,1,3,March,13,268,213,664914.03,603618.62,2252.31,240,192,178,16,6.67,50278.56,209.49,5.13,-0.03
20250623,2025-06-23,2025,2,6,June,26,268,205,668643.58,598813.67,2234.38,266,224,207,17,6.39,53530.85,201.24,5.15,-0.04
20220114,2022-01-14,2022,1,1,January,2,220,175,492444.48,447633.91,2034.7,220,184,163,22,10.0,41925.41,190.57,5.07,0.02
20220324,2022-03-24,2022,1,3,March,12,248,201,676532.04,608552.03,2453.84,242,200,184,17,7.02,46839.55,193.55,4.91,0.02
20220319,2022-03-19,2022,1,3,March,11,234,190,522133.47,476155.62,2034.85,237,199,185,15,6.33,42030.11,177.34,4.72,0.02
20240207,2024-02-07,2024,1,2,February,6,180,142,445748.83,398598.28,2214.43,219,186,175,13,5.94,42685.06,194.91,5.18,-0.06
20250720,2025-07-20,2025,3,7,July,29,293,241,705797.33,641703.64,2190.11,253,210,193,18,7.11,48756.3,192.71,4.81,0.01
20230513,2023-05-13,2023,2,5,May,19,265,210,606111.94,547415.38,2065.72,277,233,211,22,7.94,55410.27,200.04,4.82,-0.04
20250911,2025-09-11,2025,3,9,September,37,319,276,698045.33,640751.87,2008.63,288,245,224,21,7.29,58646.26,203.63,5.04,0.01
20221212,2022-12-12,2022,4,12,December,50,494,411,1212405.03,1108980.74,2244.9,450,385,357,28,6.22,87296.02,193.99,4.88,-0.02
20230916,2023-09-16,2023,3,9,September,37,330,271,822402.0,748161.33,2267.16,301,254,233,21,6.98,63177.55,209.89,5.05,-0.07
20250419,2025-04-19,2025,2,4,April,16,236,180,615209.35,555691.98,2354.63,266,227,217,11,4.14,50355.99,189.31,4.64,-0.07
20250114,2025-01-14,2025,1,1,January,3,205,168,479784.67,434801.44,2120.98,242,201,184,17,7.02,48036.63,198.5,4.69,-0.0
20250526,2025-05-26,2025,2,5,May,22,258,210,601959.51,548294.61,2125.17,272,231,205,27,9.93,53135.5,195.35,5.06,0.09
20230104,2023-01-04,2023,1,1,January,1,221,180,552001.35,494688.11,2238.41,204,176,154,22,10.78,40467.66,198.37,4.74,0.05
20230227,2023-02-27,2023,1,2,February,9,229,188,559954.28,501551.98,2190.18,206,167,154,14,6.8,41911.39,203.45,4.96,-0.01
20220715,2022-07-15,2022,3,7,July,28,305,245,716727.18,663831.06,2176.5,286,233,219,14,4.9,56884.34,198.9,4.87,-0.09
20240423,2024-04-23,2024,2,4,April,17,256,200,612260.67,562718.26,2198.12,274,229,214,15,5.47,55456.07,202.39,5.1,0.04
20240609,2024-06-09,2024,2,6,June,23,261,208,678123.37,605609.86,2320.34,260,223,207,16,6.15,46592.79,179.2,4.51,0.01
20220605,2022-06-05,2022,2,6,June,22,240,192,593760.5,533329.96,2222.21,251,206,188,18,7.17,52321.53,208.45,5.04,0.03
20250830,2025-08-30,2025,3,8,August,35,294,248,755346.32,688196.87,2340.81,294,251,234,18,6.12,57058.09,194.08,4.79,0.02
20230123,2023-01-23,2023,1,1,January,4,242,201,592043.81,538156.74,2223.79,229,198,174,24,10.48,45950.39,200.66,4.92,-0.03
20240125,2024-01-25,2024,1,1,January,4,242,197,567890.34,505364.71,2088.28,245,214,193,22,8.98,47755.03,194.92,4.93,0.06
20230202,2023-02-02,2023,1,2,February,5,199,163,514458.43,468080.5,2352.16,202,167,154,14,6.93,39450.9,195.3,4.91,0.02
20250303,2025-03-03,2025,1,3,March,10,246,211,673784.13,609338.27,2476.98,280,243,221,22,7.86,54380.04,194.21,4.84,-0.08
20230720,2023-07-20,2023,3,7,July,29,268,224,698483.06,633052.02,2362.13,254,210,194,16,6.3,49409.04,194.52,4.62,0.02
20220511,2022-05-11,2022,2,5,May,19,281,238,676910.7,604428.68,2150.99,256,221,200,21,8.2,50217.44,196.16,4.7,0.02
20220825,2022-08-25,2022,3,8,August,34,299,241,695362.14,632618.92,2115.78,286,240,228,12,4.2,55051.62,192.49,4.68,-0.09
20220606,2022-06-06,2022,2,6,June,23,237,195,541568.8,502653.49,2120.9,247,214,204,10,4.05,50672.66,205.15,4.82,-0.06
20220730,2022-07-30,2022,3,7,July,30,254,198,550740.09,504872.79,1987.69,261,226,208,18,6.9,53312.9,204.26,4.97,-0.03
20230519,2023-05-19,2023,2,5,May,20,292,236,775590.64,700512.2,2399.01,255,210,192,19,7.45,48532.92,190.33,4.85,-0.01
20241007,2024-10-07,2024,4,10,October,41,539,437,1345337.84,1222636.77,2268.34,561,464,423,43,7.66,112715.84,200.92,5.03,0.04
20230923,2023-09-23,2023,3,9,September,38,337,273,821861.22,744151.59,2208.16,323,269,251,19,5.88,59441.83,184.03,4.69,-0.06
20231209,2023-12-09,2023,4,12,December,49,449,384,1116204.37,1006216.7,2241.02,434,366,334,33,7.6,84458.0,194.6,4.89,-0.01
20230913,2023-09-13,2023,3,9,September,37,331,269,846329.5,762045.33,2302.25,301,260,238,24,7.97,55829.75,185.48,4.91,0.02
20221126,2022-11-26,2022,4,11,November,47,730,602,1714264.1,1557875.19,2134.08,705,589,544,47,6.67,136489.74,193.6,4.9,0.01
20251115,2025-11-15,2025,4,11,November,46,711,583,1716558.97,1559532.46,2193.44,708,600,551,50,7.06,138752.9,195.98,5.08,-0.01
20221017,2022-10-17,2022,4,10,October,42,598,473,1468411.15,1321056.72,2209.12,572,470,433,38,6.64,115481.0,201.89,4.9,-0.04
20251007,2025-10-07,2025,4,10,October,41,588,478,1521580.57,1370656.7,2331.05,569,485,446,41,7.21,110975.67,195.04,4.77,0.02
20250622,2025-06-22,2025,2,6,June,25,285,228,726699.37,652891.51,2290.85,284,248,236,12,4.23,54924.27,193.4,4.68,-0.06
20220519,2022-05-19,2022,2,5,May,20,254,211,622056.96,564346.95,2221.84,254,225,208,17,6.69,48247.78,189.95,4.91,0.03
20251218,2025-12-18,2025,4,12,December,51,455,372,1107378.66,998360.67,2194.2,457,389,356,35,7.66,90628.83,198.31,4.85,0.05
20240121,2024-01-21,2024,1,1,January,3,230,202,597569.69,532763.79,2316.36,216,176,166,11,5.09,42768.94,198.0,4.83,-0.03
20220528,2022-05-28,2022,2,5,May,21,291,226,704095.22,636007.58,2185.59,286,239,219,20,6.99,56876.31,198.87,5.01,0.01
20240128,2024-01-28,2024,1,1,January,4,247,203,624820.84,569193.04,2304.43,210,170,156,16,7.62,42245.85,201.17,5.08,0.01
20220223,2022-02-23,2022,1,2,February,8,197,155,431304.13,394557.42,2002.83,222,188,174,14,6.31,45205.11,203.63,5.06,-0.01
20221223,2022-12-23,2022,4,12,December,51,455,381,1153302.46,1033842.81,2272.18,458,391,357,34,7.42,86463.84,188.79,4.95,0.0
20240501,2024-05-01,2024,2,5,May,18,278,215,624016.54,571896.06,2057.18,271,233,216,17,6.27,50386.82,185.93,4.92,-0.06
20241119,2024-11-19,2024,4,11,November,47,695,554,1736225.52,1561974.78,2247.45,628,540,496,46,7.32,129380.19,206.02,5.05,0.01
20231105,2023-11-05,2023,4,11,November,44,767,618,1989027.33,1800172.18,2347.03,738,646,587,60,8.13,140960.92,191.0,4.8,0.02
20230304,2023-03-04,2023,1,3,March,9,241,184,579486.4,520262.69,2158.77,255,212,198,15,5.88,48017.34,188.3,4.77,-0.06
20221217,2022-12-17,2022,4,12,December,50,438,366,1107329.26,1004900.46,2294.29,457,397,363,34,7.44,89569.78,196.0,4.89,-0.0
20230408,2023-04-08,2023,2,4,April,14,252,208,595920.28,539183.44,2139.62,230,196,181,16,6.96,43584.97,189.5,4.93,0.0
20220219,2022-02-19,2022,1,2,February,7,228,196,513025.77,466866.4,2047.66,206,162,146,16,7.77,41617.64,202.03,5.0,-0.07
20230124,2023-01-24,2023,1,1,January,4,264,218,617008.36,563018.99,2132.65,269,225,203,23,8.55,53527.14,198.99,5.14,0.07
20230115,2023-01-15,2023,1,1,January,2,241,191,594946.81,535888.83,2223.61,229,190,174,16,6.99,43998.89,192.13,4.69,0.03
20220630,2022-06-30,2022,2,6,June,26,249,202,615227.28,559943.72,2248.77,261,215,197,18,6.9,51807.16,198.49,5.18,-0.03
20251015,2025-10-15,2025,4,10,October,42,504,422,1252209.37,1135045.34,2252.07,515,434,406,30,5.83,102278.76,198.6,4.87,-0.05
20250713,2025-07-13,2025,3,7,July,28,278,227,727604.66,661755.94,2380.42,268,227,207,20,7.46,54435.53,203.12,4.99,0.05
20241107,2024-11-07,2024,4,11,November,45,694,558,1828756.26,1654733.16,2384.34,694,566,520,48,6.92,138697.99,199.85,4.89,-0.01
20230111,2023-01-11,2023,1,1,January,2,215,174,522944.95,471137.71,2191.34,220,191,178,14,6.36,45609.51,207.32,5.0,0.0
20241016,2024-10-16,2024,4,10,October,42,574,475,1456631.0,1333318.85,2322.86,554,466,436,31,5.6,114585.18,206.83,4.99,-0.03
20241213,2024-12-13,2024,4,12,December,50,438,371,998670.94,894680.19,2042.65,474,392,362,31,6.54,89781.29,189.41,4.89,-0.01
20250317,2025-03-17,2025,1,3,March,12,255,203,581654.94,530998.01,2082.35,247,212,195,17,6.88,46731.58,189.2,4.68,-0.05
20221118,2022-11-18,2022,4,11,November,46,716,582,1730488.62,1584247.64,2212.64,737,626,580,51,6.92,139492.76,189.27,4.66,-0.01
20221012,2022-10-12,2022,4,10,October,41,621,491,1588731.31,1438028.84,2315.67,542,453,412,42,7.75,104875.45,193.5,4.9,0.01
20240704,2024-07-04,2024,3,7,July,27,285,230,677690.85,611569.42,2145.86,286,246,228,19,6.64,57629.08,201.5,5.05,-0.07
20250403,2025-04-03,2025,2,4,April,14,273,224,735624.07,670185.31,2454.89,271,231,219,12,4.43,52356.64,193.2,4.65,-0.08
20220406,2022-04-06,2022,2,4,April,14,263,220,698270.49,633248.0,2407.79,276,231,214,17,6.16,55579.15,201.37,5.07,0.05
20251203,2025-12-03,2025,4,12,December,49,499,409,1184219.2,1077759.04,2159.84,502,427,390,38,7.57,100909.88,201.02,4.85,0.04
20230608,2023-06-08,2023,2,6,June,23,256,211,714184.06,644372.01,2517.08,249,205,197,9,3.61,45832.53,184.07,4.86,-0.08
20240314,2024-03-14,2024,1,3,March,11,234,188,632389.0,585644.69,2502.76,255,221,207,15,5.88,49371.48,193.61,4.91,0.02
20220116,2022-01-16,2022,1,1,January,2,223,182,482317.53,430528.42,1930.62,252,219,196,23,9.13,52410.06,207.98,5.12,0.07
20240108,2024-01-08,2024,1,1,January,2,226,196,610231.91,554408.87,2453.14,222,181,168,16,7.21,46186.06,208.05,5.05,-0.01
20250811,2025-08-11,2025,3,8,August,33,292,245,676020.23,615761.2,2108.77,286,239,212,27,9.44,59833.76,209.21,5.21,0.03
20250626,2025-06-26,2025,2,6,June,26,262,216,624003.54,562499.47,2146.94,253,212,201,11,4.35,47099.02,186.16,4.99,-0.05
20220718,2022-07-18,2022,3,7,July,29,272,206,630383.26,560040.41,2058.97,299,259,230,29,9.7,62073.66,207.6,5.09,0.07
20240708,2024-07-08,2024,3,7,July,28,254,203,585777.45,537467.03,2116.01,277,233,209,26,9.39,52122.5,188.17,4.88,-0.02
20230809,2023-08-09,2023,3,8,August,32,317,259,788978.19,715341.77,2256.6,283,237,224,14,4.95,56345.83,199.1,4.96,-0.05
20220427,2022-04-27,2022,2,4,April,17,240,195,566540.43,511352.29,2130.63,237,201,185,16,6.75,47997.5,202.52,4.81,-0.02
20220612,2022-06-12,2022,2,6,June,23,250,206,616853.86,555444.11,2221.78,278,248,234,14,5.04,57621.32,207.27,5.11,-0.01
20240807,2024-08-07,2024,3,8,August,32,321,260,718373.35,650874.13,2027.65,292,237,220,17,5.82,56720.49,194.25,4.97,-0.06
20231112,2023-11-12,2023,4,11,November,45,736,602,1774181.85,1614023.93,2192.97,732,610,550,63,8.61,147279.69,201.2,4.86,0.05
20240626,2024-06-26,2024,2,6,June,26,271,222,684271.7,619753.32,2286.91,252,215,193,22,8.73,50332.89,199.73,5.03,0.05
20230705,2023-07-05,2023,3,7,July,27,300,229,664643.48,600692.15,2002.31,309,263,242,21,6.8,60443.04,195.61,4.81,-0.01
20230611,2023-06-11,2023,2,6,June,23,260,208,605319.43,543738.59,2091.3,249,212,189,23,9.24,48973.0,196.68,4.88,0.01
20241015,2024-10-15,2024,4,10,October,42,571,480,1385430.89,1263552.62,2212.88,566,478,439,39,6.89,112717.16,199.15,4.81,-0.04
20221231,2022-12-31,2022,4,12,December,52,464,374,1161429.28,1040656.93,2242.8,466,407,378,29,6.22,94107.82,201.95,5.15,-0.02
20230407,2023-04-07,2023,2,4,April,14,226,185,549563.02,493755.06,2184.76,232,196,183,13,5.6,47416.39,204.38,5.34,0.04
20221125,2022-11-25,2022,4,11,November,47,745,626,1855798.56,1686921.82,2264.32,694,574,528,48,6.92,142053.7,204.69,4.86,-0.04
20250821,2025-08-21,2025,3,8,August,34,282,227,677011.19,620914.53,2201.82,277,236,219,19,6.86,58811.58,212.32,5.07,0.01
20230423,2023-04-23,2023,2,4,April,16,257,211,661441.73,579312.83,2254.14,265,224,205,20,7.55,54574.14,205.94,4.82,0.01
20240402,2024-04-02,2024,2,4,April,14,245,202,551837.94,496609.65,2026.98,257,218,201,17,6.61,53312.37,207.44,4.96,-0.08
20230328,2023-03-28,2023,1,3,March,13,255,212,590150.09,542640.65,2128.0,222,185,174,11,4.95,43816.32,197.37,4.68,0.0
20251222,2025-12-22,2025,4,12,December,52,441,370,1087745.36,995709.89,2257.85,458,382,341,43,9.39,90727.06,198.09,5.17,0.05
20241022,2024-10-22,2024,4,10,October,43,541,432,1286799.33,1172769.25,2167.78,559,465,418,50,8.94,111902.54,200.18,4.81,0.05
20240916,2024-09-16,2024,3,9,September,38,331,275,794484.92,725212.86,2190.98,310,266,243,24,7.74,61434.04,198.17,5.1,0.05
20250804,2025-08-04,2025,3,8,August,32,284,233,617261.56,562916.46,1982.1,327,281,264,18,5.5,68277.99,208.8,5.02,-0.03
20240211,2024-02-11,2024,1,2,February,6,239,192,645052.48,581794.63,2434.29,207,172,160,12,5.8,40772.75,196.97,5.16,-0.07
20251006,2025-10-06,2025,4,10,October,41,568,466,1530342.44,1389100.5,2445.6,575,498,456,44,7.65,112871.1,196.3,4.91,0.03
20250124,2025-01-24,2025,1,1,January,4,227,189,511072.02,464297.96,2045.37,193,169,154,15,7.77,36605.73,189.67,4.85,0.0
20221225,2022-12-25,2022,4,12,December,51,473,376,1167367.69,1073747.6,2270.08,447,386,354,35,7.83,89036.29,199.19,4.99,0.04
20250401,2025-04-01,2025,2,4,April,14,272,229,698141.09,628067.93,2309.07,276,231,213,18,6.52,57994.83,210.13,4.92,-0.05
20230930,2023-09-30,2023,3,9,September,39,320,268,714575.44,653672.73,2042.73,310,253,231,22,7.1,61396.06,198.05,5.24,0.05
20220103,2022-01-03,2022,1,1,January,1,215,176,457207.48,414663.01,1928.67,213,174,160,15,7.04,44191.71,207.47,5.25,0.01
20251214,2025-12-14,2025,4,12,December,50,467,383,1176826.8,1069097.05,2289.29,516,433,407,26,5.04,105752.51,204.95,5.09,-0.06
20240412,2024-04-12,2024,2,4,April,15,250,204,600497.28,540594.77,2162.38,230,196,184,12,5.22,44866.28,195.07,4.69,-0.01
20230902,2023-09-02,2023,3,9,September,35,309,251,810894.64,734674.12,2377.59,305,258,236,23,7.54,55707.96,182.65,4.59,-0.04
20220326,2022-03-26,2022,1,3,March,12,248,200,632716.75,571896.83,2306.04,240,196,177,21,8.75,45124.11,188.02,5.11,0.11
20240325,2024-03-25,2024,1,3,March,13,239,200,605707.22,545637.63,2283.0,231,194,183,11,4.76,46778.94,202.51,4.99,-0.11
20251002,2025-10-02,2025,4,10,October,40,533,435,1299351.48,1168898.78,2193.06,456,387,358,32,7.02,93243.72,204.48,5.17,0.01
20250429,2025-04-29,2025,2,4,April,18,288,224,649762.55,589550.98,2047.05,270,229,208,21,7.78,49784.17,184.39,4.75,0.02
20240827,2024-08-27,2024,3,8,August,35,268,222,688396.42,616420.34,2300.08,304,250,230,21,6.91,61458.99,202.17,4.68,-0.02
20250813,2025-08-13,2025,3,8,August,33,297,245,773215.7,702516.85,2365.38,299,246,233,14,4.68,57598.32,192.64,4.81,-0.07
20250919,2025-09-19,2025,3,9,September,38,284,229,717902.54,661520.85,2329.3,309,260,232,28,9.06,62493.15,202.24,5.11,0.1
20221019,2022-10-19,2022,4,10,October,42,522,427,1302111.12,1183975.1,2268.15,530,453,420,34,6.42,102899.31,194.15,4.93,-0.03
20251118,2025-11-18,2025,4,11,November,47,747,623,1855737.53,1678355.77,2246.79,734,611,555,57,7.77,143171.31,195.06,5.02,0.03
20230311,2023-03-11,2023,1,3,March,10,230,186,569280.88,508152.12,2209.36,226,195,181,14,6.19,45185.47,199.94,4.65,-0.01
20250328,2025-03-28,2025,1,3,March,13,239,199,584962.14,535018.67,2238.57,236,199,187,12,5.08,45568.61,193.09,4.75,-0.07
20250406,2025-04-06,2025,2,4,April,14,224,188,586608.73,531122.04,2371.08,235,198,192,6,2.55,47545.69,202.32,4.83,-0.1
20220330,2022-03-30,2022,1,3,March,13,222,176,589811.5,536428.78,2416.35,235,193,177,16,6.81,48925.08,208.19,5.14,0.01
20240922,2024-09-22,2024,3,9,September,38,301,259,695123.07,634566.36,2108.19,321,278,253,25,7.79,64406.69,200.64,4.93,0.02
20240619,2024-06-19,2024,2,6,June,25,271,211,709241.33,643596.41,2374.89,229,201,184,18,7.86,44957.85,196.32,5.07,0.07
20220327,2022-03-27,2022,1,3,March,12,233,190,559671.03,516443.61,2216.5,246,219,198,21,8.54,45632.79,185.5,4.85,0.0
20250101,2025-01-01,2025,1,1,January,1,234,197,579766.86,536104.69,2291.05,446,374,339,38,8.52,85804.13,192.39,4.87,0.04
20231110,2023-11-10,2023,4,11,November,45,769,625,1872574.37,1695563.33,2204.89,695,582,531,53,7.63,135758.51,195.34,5.04,0.01
20231230,2023-12-30,2023,4,12,December,52,433,366,1117148.14,1018286.76,2351.7,477,397,359,39,8.18,94310.02,197.71,5.02,0.05
20231115,2023-11-15,2023,4,11,November,46,701,571,1736971.87,1578876.84,2252.32,720,599,552,49,6.81,142082.34,197.34,5.05,0.01
20231007,2023-10-07,2023,4,10,October,40,530,427,1268396.14,1160202.09,2189.06,547,450,412,38,6.95,108787.7,198.88,4.84,0.06
20220512,2022-05-12,2022,2,5,May,19,292,235,703716.06,642909.58,2201.75,288,241,219,22,7.64,55504.82,192.73,5.0,-0.02
20220614,2022-06-14,2022,2,6,June,24,240,194,587910.58,528215.04,2200.9,237,199,186,13,5.49,48697.33,205.47,4.8,-0.04
20240511,2024-05-11,2024,2,5,May,19,290,227,731290.75,661584.86,2281.33,267,219,203,17,6.37,51570.12,193.15,4.51,0.04
20240524,2024-05-24,2024,2,5,May,21,267,213,643295.73,587852.22,2201.69,248,204,189,16,6.45,48811.08,196.82,4.88,0.0
20240328,2024-03-28,2024,1,3,March,13,244,201,619428.6,561902.64,2302.88,248,214,198,16,6.45,46652.68,188.12,4.77,-0.05
20230221,2023-02-21,2023,1,2,February,8,218,170,481284.2,434447.86,1992.88,233,187,168,19,8.15,49265.44,211.44,5.12,-0.01
20240315,2024-03-15,2024,1,3,March,11,238,192,548060.22,497694.04,2091.15,258,216,200,17,6.59,51016.95,197.74,5.2,0.02
20230501,2023-05-01,2023,2,5,May,18,276,226,699610.13,637091.84,2308.3,260,217,199,19,7.31,53052.67,204.05,5.12,0.01
20250618,2025-06-18,2025,2,6,June,25,251,200,624830.21,566222.84,2255.87,247,198,183,16,6.48,48777.06,197.48,4.82,0.04
20221020,2022-10-20,2022,4,10,October,42,580,473,1454511.5,1317491.05,2271.54,550,463,422,41,7.45,108447.77,197.18,5.06,-0.01
20240407,2024-04-07,2024,2,4,April,14,254,209,568894.33,521381.86,2052.68,264,222,207,16,6.06,50089.71,189.73,4.96,0.03
20250525,2025-05-25,2025,2,5,May,21,276,226,713494.84,647551.7,2346.2,292,242,226,17,5.82,58288.21,199.62,4.92,-0.04
20250207,2025-02-07,2025,1,2,February,6,227,184,613005.6,558030.0,2458.28,214,174,164,11,5.14,43287.15,202.28,4.77,-0.05
20240614,2024-06-14,2024,2,6,June,24,271,223,637218.88,579871.79,2139.75,252,221,202,20,7.94,51794.62,205.53,4.9,0.03
20230915,2023-09-15,2023,3,9,September,37,298,236,711417.46,642374.71,2155.62,337,292,263,29,8.61,61440.36,182.32,4.65,-0.03
20251205,2025-12-05,2025,4,12,December,49,448,361,1115486.61,995452.62,2221.99,456,384,344,41,8.99,85960.07,188.51,4.77,0.02
20250509,2025-05-09,2025,2,5,May,19,262,213,600128.94,542006.04,2068.73,246,210,194,17,6.91,51170.92,208.01,5.16,-0.0
20241224,2024-12-24,2024,4,12,December,52,431,345,1022144.27,918124.56,2130.22,457,375,350,27,5.91,86135.36,188.48,4.78,-0.02
20241026,2024-10-26,2024,4,10,October,43,557,458,1392212.96,1254652.3,2252.52,582,484,445,39,6.7,113252.31,194.59,4.93,0.01
20240505,2024-05-05,2024,2,5,May,18,254,206,582915.34,534411.55,2103.98,251,204,192,13,5.18,50223.96,200.1,4.87,-0.01
20221202,2022-12-02,2022,4,12,December,48,484,418,1214030.85,1100314.85,2273.38,566,470,425,47,8.3,115299.57,203.71,5.1,0.05
20220915,2022-09-15,2022,3,9,September,37,285,236,767939.78,699318.62,2453.75,288,245,229,16,5.56,55538.74,192.84,4.86,-0.08
20240506,2024-05-06,2024,2,5,May,19,241,200,573261.74,522581.43,2168.39,260,214,194,21,8.08,53851.02,207.12,4.95,0.04
20220811,2022-08-11,2022,3,8,August,32,266,219,626765.37,567205.51,2132.35,260,223,206,17,6.54,50796.69,195.37,4.93,-0.03
20230604,2023-06-04,2023,2,6,June,22,260,204,633365.29,571574.62,2198.36,270,225,205,21,7.78,54003.57,200.01,5.15,0.06
20220709,2022-07-09,2022,3,7,July,27,312,270,820576.23,749504.26,2402.26,296,248,218,31,10.47,61512.49,207.81,5.19,0.07
20241217,2024-12-17,2024,4,12,December,51,492,407,1228576.97,1121565.58,2279.6,465,401,367,35,7.53,93359.37,200.77,4.95,0.01
20231217,2023-12-17,2023,4,12,December,50,439,353,1016451.0,919290.05,2094.05,453,380,352,28,6.18,88696.28,195.8,4.94,0.01
20240213,2024-02-13,2024,1,2,February,7,222,177,569474.91,524646.48,2363.27,230,194,181,13,5.65,42805.05,186.11,4.7,-0.09
20240426,2024-04-26,2024,2,4,April,17,266,226,584720.63,534831.41,2010.64,254,215,199,16,6.3,52950.29,208.47,5.05,0.0
20230404,2023-04-04,2023,2,4,April,14,243,199,680223.79,612670.01,2521.28,242,188,172,17,7.02,47288.39,195.41,4.79,0.05
20231203,2023-12-03,2023,4,12,December,48,483,405,1193089.25,1073409.81,2222.38,501,395,358,39,7.78,97128.45,193.87,4.94,0.02
20230424,2023-04-24,2023,2,4,April,17,261,211,654509.74,586154.61,2245.8,264,215,195,20,7.58,54967.68,208.21,4.97,0.0
20250218,2025-02-18,2025,1,2,February,8,214,175,558892.07,498582.0,2329.82,223,186,172,15,6.73,42404.09,190.15,4.67,-0.03
20231015,2023-10-15,2023,4,10,October,41,552,449,1262807.49,1143277.53,2071.15,567,483,444,41,7.23,111066.59,195.88,4.78,-0.04
20231018,2023-10-18,2023,4,10,October,42,589,478,1489532.36,1360186.39,2309.31,560,477,439,39,6.96,108286.9,193.37,4.79,-0.04
20250507,2025-05-07,2025,2,5,May,19,265,226,627645.46,578142.49,2181.67,264,223,207,17,6.44,50713.76,192.1,4.87,-0.06
20230826,2023-08-26,2023,3,8,August,34,297,244,746323.26,670156.8,2256.42,276,229,209,20,7.25,50752.66,183.89,4.6,-0.1
20231229,2023-12-29,2023,4,12,December,52,499,417,1193415.54,1086756.31,2177.87,455,384,359,25,5.49,85067.11,186.96,4.79,-0.03
20250110,2025-01-10,2025,1,1,January,2,211,180,531078.68,485593.79,2301.39,203,170,152,18,8.87,42233.43,208.05,5.02,0.01
20250703,2025-07-03,2025,3,7,July,27,268,218,602503.31,547433.88,2042.66,246,214,199,16,6.5,50858.2,206.74,4.98,-0.07
20250823,2025-08-23,2025,3,8,August,34,343,281,812918.04,740317.75,2158.36,292,248,225,23,7.88,56431.82,193.26,4.9,-0.01
20240120,2024-01-20,2024,1,1,January,3,202,162,503436.85,457227.72,2263.5,211,176,163,15,7.11,41436.47,196.38,4.92,-0.04
20240303,2024-03-03,2024,1,3,March,9,256,212,617306.83,559248.26,2184.56,258,219,198,22,8.53,52226.13,202.43,4.94,0.03
20220130,2022-01-30,2022,1,1,January,4,242,192,600645.46,536472.86,2216.83,241,198,179,20,8.3,47336.21,196.42,4.95,0.07
20250722,2025-07-22,2025,3,7,July,30,289,234,748552.8,674383.3,2333.51,275,231,218,13,4.73,52558.43,191.12,5.08,0.0
20230215,2023-02-15,2023,1,2,February,7,242,200,591752.63,538891.41,2226.82,211,169,156,13,6.16,41671.39,197.49,5.02,0.0
20250607,2025-06-07,2025,2,6,June,23,243,205,568068.52,510500.13,2100.82,261,212,203,9,3.45,49692.02,190.39,4.73,-0.04
20230703,2023-07-03,2023,3,7,July,27,275,222,610335.89,554353.85,2015.83,252,207,194,13,5.16,50774.18,201.48,4.92,-0.11
20230322,2023-03-22,2023,1,3,March,12,243,196,636264.24,576274.11,2371.5,220,187,180,7,3.18,44984.53,204.48,4.87,-0.09
20250820,2025-08-20,2025,3,8,August,34,290,234,717510.92,651793.57,2247.56,287,240,220,21,7.32,58469.98,203.73,5.09,-0.0
20220617,2022-06-17,2022,2,6,June,24,237,191,570141.08,519811.03,2193.3,283,236,217,19,6.71,53171.34,187.88,4.92,0.0
20240803,2024-08-03,2024,3,8,August,31,297,247,732581.35,655195.95,2206.05,282,234,221,15,5.32,56926.66,201.87,4.63,-0.08
20230614,2023-06-14,2023,2,6,June,24,251,213,708769.14,642571.48,2560.05,285,240,220,21,7.37,58384.39,204.86,5.04,0.02
20251206,2025-12-06,2025,4,12,December,49,469,382,1174237.81,1052418.51,2243.96,458,394,369,27,5.9,93009.63,203.08,5.02,-0.03
20230307,2023-03-07,2023,1,3,March,10,224,186,563524.15,503115.61,2246.05,232,195,181,14,6.03,44290.61,190.91,4.81,0.03
20250520,2025-05-20,2025,2,5,May,21,284,235,708100.19,639927.42,2253.27,294,248,233,16,5.44,58947.52,200.5,4.72,0.01
20250913,2025-09-13,2025,3,9,September,37,332,278,832096.81,742701.3,2237.05,308,256,236,21,6.82,60721.54,197.15,5.14,0.01
20250806,2025-08-06,2025,3,8,August,32,283,228,689143.66,621155.3,2194.9,278,230,208,22,7.91,55043.4,198.0,4.82,0.0
20250327,2025-03-27,2025,1,3,March,13,238,199,611762.32,545855.66,2293.51,245,207,185,22,8.98,45605.77,186.15,4.73,0.0
20250405,2025-04-05,2025,2,4,April,14,274,224,640938.4,584748.48,2134.12,276,237,220,17,6.16,55098.37,199.63,4.97,-0.02
20231021,2023-10-21,2023,4,10,October,42,532,437,1335789.37,1213648.83,2281.29,531,445,413,33,6.21,105429.66,198.55,5.01,-0.02
20251213,2025-12-13,2025,4,12,December,50,486,393,1279250.19,1150521.71,2367.33,467,387,363,26,5.57,96397.02,206.42,5.12,-0.07
20230119,2023-01-19,2023,1,1,January,3,227,190,542213.94,496618.52,2187.75,243,207,185,23,9.47,45898.69,188.88,5.18,0.16
20230605,2023-06-05,2023,2,6,June,23,249,203,610195.57,554527.26,2227.02,253,210,193,17,6.72,47970.4,189.61,4.88,-0.08
20240902,2024-09-02,2024,3,9,September,36,342,274,807844.04,731771.69,2139.68,301,248,229,21,6.98,60782.27,201.93,4.84,-0.01
20250411,2025-04-11,2025,2,4,April,15,247,198,592417.63,536646.21,2172.66,260,210,199,11,4.23,49920.81,192.0,4.64,-0.1
20240425,2024-04-25,2024,2,4,April,17,274,221,651913.49,596418.82,2176.71,248,216,203,14,5.65,50559.31,203.87,5.1,-0.09
20240421,2024-04-21,2024,2,4,April,16,255,214,723669.17,654434.54,2566.41,266,215,202,15,5.64,50011.16,188.01,4.85,-0.07
20230922,2023-09-22,2023,3,9,September,38,307,249,785327.6,702391.17,2287.92,286,250,227,23,8.04,55084.19,192.6,5.02,0.05
20220721,2022-07-21,2022,3,7,July,29,257,206,686757.41,626519.89,2437.82,302,251,237,14,4.64,54176.22,179.39,4.53,-0.05
20240719,2024-07-19,2024,3,7,July,29,282,236,644858.42,588537.65,2087.01,269,222,201,21,7.81,53427.75,198.62,5.08,0.03
20240724,2024-07-24,2024,3,7,July,30,310,257,773002.06,699821.88,2257.49,306,256,232,24,7.84,58223.83,190.27,4.63,0.03
20240206,2024-02-06,2024,1,2,February,6,203,169,496481.72,444143.75,2187.9,208,165,148,17,8.17,45558.9,219.03,5.4,0.07
20221001,2022-10-01,2022,4,10,October,39,557,465,1438851.23,1296344.25,2327.37,349,298,273,25,7.16,68806.85,197.15,5.1,0.02
20250412,2025-04-12,2025,2,4,April,15,277,228,644325.92,586970.21,2119.03,232,194,178,18,7.76,45202.27,194.84,4.74,0.01
20251024,2025-10-24,2025,4,10,October,43,577,483,1418220.98,1296129.64,2246.33,587,501,461,41,6.98,119171.6,203.02,4.91,0.0
20220621,2022-06-21,2022,2,6,June,25,251,209,565460.34,514665.51,2050.46,254,215,201,14,5.51,51844.84,204.11,5.09,-0.03
20230129,2023-01-29,2023,1,1,January,4,260,212,592952.91,530422.13,2040.09,246,206,193,13,5.28,48594.68,197.54,5.08,-0.04
20240508,2024-05-08,2024,2,5,May,19,259,220,683476.82,619473.0,2391.79,246,212,202,11,4.47,49093.75,199.57,4.73,-0.1
20220927,2022-09-27,2022,3,9,September,39,330,282,814190.35,723788.58,2193.3,316,265,237,29,9.18,63025.76,199.45,4.99,0.04
20250213,2025-02-13,2025,1,2,February,7,255,215,650957.44,586247.76,2299.01,226,191,177,15,6.64,44693.74,197.76,5.02,-0.02
20231206,2023-12-06,2023,4,12,December,49,484,393,1118919.54,1018336.03,2104.0,449,376,340,37,8.24,92644.46,206.34,5.21,0.04
20230415,2023-04-15,2023,2,4,April,15,270,216,602536.19,549376.2,2034.73,261,225,211,16,6.13,50925.42,195.12,4.82,0.02
20250903,2025-09-03,2025,3,9,September,36,336,277,866458.85,791794.69,2356.53,350,294,276,18,5.14,71634.3,204.67,5.08,-0.06
20250331,2025-03-31,2025,1,3,March,14,253,215,626361.32,571085.19,2257.25,237,197,181,16,6.75,51420.01,216.96,5.71,0.03
20250627,2025-06-27,2025,2,6,June,26,235,201,579434.76,526680.8,2241.19,236,201,178,23,9.75,48753.77,206.58,5.02,0.08
20230613,2023-06-13,2023,2,6,June,24,289,239,767251.99,687777.0,2379.85,260,228,214,16,6.15,48228.03,185.49,4.53,-0.06
20220624,2022-06-24,2022,2,6,June,25,243,190,651017.87,592628.94,2438.8,227,187,170,17,7.49,43515.48,191.7,4.54,-0.03
20240124,2024-01-24,2024,1,1,January,4,227,193,528322.12,483105.72,2128.22,234,202,181,21,8.97,46513.41,198.78,5.06,0.03
20240405,2024-04-05,2024,2,4,April,14,266,220,680108.11,613263.83,2305.5,246,202,192,10,4.07,49710.97,202.08,5.04,-0.07
20230310,2023-03-10,2023,1,3,March,10,217,175,537672.06,484628.86,2233.31,213,175,161,14,6.57,43546.5,204.44,5.16,0.01
20240104,2024-01-04,2024,1,1,January,1,224,184,565185.89,513032.01,2290.32,219,184,172,12,5.48,43976.8,200.81,5.23,0.03
20230606,2023-06-06,2023,2,6,June,23,228,183,568884.04,516878.59,2267.01,240,205,191,14,5.83,47328.15,197.2,4.67,-0.1
20241102,2024-11-02,2024,4,11,November,44,713,573,1800219.91,1637240.02,2296.27,725,599,558,42,5.79,139434.18,192.32,4.79,-0.06
20221015,2022-10-15,2022,4,10,October,41,596,488,1629370.33,1452808.35,2437.6,579,494,462,34,5.87,109016.71,188.28,4.87,-0.02
20230702,2023-07-02,2023,3,7,July,26,262,215,670742.59,608267.37,2321.63,295,250,229,21,7.12,59626.84,202.12,5.0,-0.01
20221030,2022-10-30,2022,4,10,October,43,562,467,1362432.97,1233122.86,2194.17,550,463,423,42,7.64,111957.38,203.56,4.77,-0.03
20251220,2025-12-20,2025,4,12,December,51,455,373,993843.9,909295.92,1998.45,480,408,376,34,7.08,93527.82,194.85,4.93,0.03
20231006,2023-10-06,2023,4,10,October,40,565,466,1374256.74,1237221.67,2189.77,557,461,421,43,7.72,110361.12,198.13,4.74,0.02
20220616,2022-06-16,2022,2,6,June,24,284,225,780155.42,709766.08,2499.18,251,200,184,16,6.37,49104.44,195.64,4.97,0.07
20251112,2025-11-12,2025,4,11,November,46,719,569,1807687.51,1650714.84,2295.85,702,603,555,49,6.98,141377.09,201.39,4.94,-0.05
20251124,2025-11-24,2025,4,11,November,48,693,562,1804165.3,1636991.57,2362.18,697,595,542,54,7.75,139787.47,200.56,4.82,0.05
20221018,2022-10-18,2022,4,10,October,42,549,470,1433177.18,1290728.57,2351.05,539,457,422,36,6.68,102251.13,189.71,5.0,-0.01
20241006,2024-10-06,2024,4,10,October,40,562,460,1364971.03,1234948.6,2197.42,553,464,420,47,8.5,113848.72,205.87,5.09,0.03
20221007,2022-10-07,2022,4,10,October,40,552,468,1329586.16,1220064.86,2210.26,540,456,426,32,5.93,104515.18,193.55,4.77,-0.03
20240507,2024-05-07,2024,2,5,May,19,253,206,635859.35,583996.44,2308.29,246,202,187,16,6.5,48685.4,197.91,4.55,-0.01
20241029,2024-10-29,2024,4,10,October,44,581,471,1528410.28,1383324.2,2380.94,575,458,418,41,7.13,112707.53,196.01,4.84,0.0
20230517,2023-05-17,2023,2,5,May,20,257,216,667819.59,612329.37,2382.6,232,196,181,16,6.9,41269.17,177.88,4.72,0.01
20251104,2025-11-04,2025,4,11,November,45,707,588,1753025.48,1599356.64,2262.17,726,604,554,50,6.89,143561.8,197.74,4.93,-0.01
20240723,2024-07-23,2024,3,7,July,30,315,265,822103.26,747860.04,2374.16,300,252,233,21,7.0,59301.73,197.67,4.95,-0.03
20251202,2025-12-02,2025,4,12,December,49,471,383,1213409.75,1092620.43,2319.79,555,477,428,50,9.01,111887.35,201.6,4.85,0.02
20220818,2022-08-18,2022,3,8,August,33,300,239,680818.54,617852.29,2059.51,285,232,213,20,7.02,60309.94,211.61,5.16,-0.05
20230325,2023-03-25,2023,1,3,March,12,242,189,598251.6,547153.18,2260.96,217,186,167,19,8.76,43822.33,201.95,4.94,-0.02
20221111,2022-11-11,2022,4,11,November,45,723,582,1783147.66,1613854.95,2232.16,683,579,549,30,4.39,133617.16,195.63,4.8,-0.07
20250812,2025-08-12,2025,3,8,August,33,298,256,721322.45,652990.25,2191.24,292,250,233,17,5.82,59610.03,204.14,5.08,-0.06
20250908,2025-09-08,2025,3,9,September,37,322,259,722881.35,660108.15,2050.03,297,262,238,25,8.42,58094.58,195.6,5.07,0.02
20240715,2024-07-15,2024,3,7,July,29,322,277,833312.28,755601.29,2346.59,297,256,235,22,7.41,61639.81,207.54,4.99,0.0
20240223,2024-02-23,2024,1,2,February,8,225,184,565383.13,509705.08,2265.36,196,157,144,14,7.14,39964.04,203.9,4.9,0.0
20220529,2022-05-29,2022,2,5,May,21,290,241,713887.96,646002.4,2227.59,288,250,230,21,7.29,59773.73,207.55,5.13,0.05
20231123,2023-11-23,2023,4,11,November,47,707,582,1594810.35,1444929.75,2043.75,731,630,576,55,7.52,142282.95,194.64,4.95,0.0
20241110,2024-11-10,2024,4,11,November,45,702,574,1753759.09,1585529.04,2258.59,738,597,534,65,8.81,147722.52,200.17,4.72,0.05
20250828,2025-08-28,2025,3,8,August,35,301,244,797088.86,723109.92,2402.36,297,251,240,12,4.04,59012.14,198.69,4.88,-0.06
20240806,2024-08-06,2024,3,8,August,32,308,265,741285.39,671855.53,2181.35,314,267,249,19,6.05,59350.36,189.01,5.09,0.01
20241130,2024-11-30,2024,4,11,November,48,698,568,1828385.97,1642200.1,2352.72,727,602,558,45,6.19,142472.66,195.97,4.85,-0.01
20220809,2022-08-09,2022,3,8,August,32,267,229,657167.67,596416.7,2233.77,298,245,230,15,5.03,55810.59,187.28,4.8,-0.06
20231113,2023-11-13,2023,4,11,November,46,680,559,1639930.45,1483872.5,2182.17,706,590,540,54,7.65,133243.24,188.73,4.86,0.0
20250204,2025-02-04,2025,1,2,February,6,213,174,493417.26,443422.76,2081.8,190,154,136,18,9.47,34610.26,182.16,4.8,0.09
20220914,2022-09-14,2022,3,9,September,37,278,225,654900.23,595218.27,2141.07,334,273,251,23,6.89,63495.59,190.11,4.8,0.01
20231224,2023-12-24,2023,4,12,December,51,448,355,1159231.99,1052486.43,2349.3,449,386,363,23,5.12,87131.82,194.06,4.69,-0.09
20221023,2022-10-23,2022,4,10,October,42,562,451,1386259.7,1256089.92,2235.04,549,468,438,30,5.46,108005.35,196.73,4.8,-0.11
20230812,2023-08-12,2023,3,8,August,32,317,263,890848.65,796043.63,2511.18,325,259,240,20,6.15,65903.8,202.78,4.95,-0.01
20240714,2024-07-14,2024,3,7,July,28,261,218,682398.99,616976.29,2363.89,245,204,191,13,5.31,50337.69,205.46,5.13,-0.02
20230213,2023-02-13,2023,1,2,February,7,218,185,518977.03,471519.71,2162.93,210,178,163,15,7.14,42021.89,200.1,4.92,0.02
20220421,2022-04-21,2022,2,4,April,16,272,233,651024.74,588627.18,2164.07,248,207,192,15,6.05,50612.44,204.08,5.06,-0.07
20240512,2024-05-12,2024,2,5,May,19,270,221,674431.18,610464.78,2260.98,288,242,223,20,6.94,53731.0,186.57,4.62,0.03
20241129,2024-11-29,2024,4,11,November,48,728,589,1670269.2,1526799.25,2097.25,708,590,550,42,5.93,141310.21,199.59,4.82,-0.0
20241002,2024-10-02,2024,4,10,October,40,592,486,1456323.94,1308612.71,2210.49,482,398,365,35,7.26,92943.61,192.83,4.91,0.0
20220509,2022-05-09,2022,2,5,May,19,280,235,717550.0,656245.99,2343.74,248,209,194,15,6.05,53460.05,215.56,5.23,0.03
20250418,2025-04-18,2025,2,4,April,16,251,201,601194.61,550981.12,2195.14,248,221,208,13,5.24,49196.67,198.37,4.95,-0.01
20231019,2023-10-19,2023,4,10,October,42,573,482,1457042.8,1323150.76,2309.16,553,477,438,39,7.05,113230.27,204.76,4.99,-0.01
20221218,2022-12-18,2022,4,12,December,50,486,401,1283898.01,1172622.15,2412.8,449,396,363,33,7.35,86502.28,192.66,4.77,-0.04
20240709,2024-07-09,2024,3,7,July,28,292,243,728670.76,667905.38,2287.35,258,213,191,22,8.53,52971.26,205.31,4.94,-0.01
20230811,2023-08-11,2023,3,8,August,32,326,270,824980.76,746400.92,2289.57,312,264,243,21,6.73,63841.71,204.62,4.87,-0.03
20250920,2025-09-20,2025,3,9,September,38,315,257,671525.41,616547.1,1957.29,276,239,216,24,8.7,53640.7,194.35,5.01,0.04
20250428,2025-04-28,2025,2,4,April,18,238,191,556686.47,507265.88,2131.37,247,204,187,17,6.88,50530.43,204.58,5.23,0.01
20221028,2022-10-28,2022,4,10,October,43,536,450,1351551.9,1223276.99,2282.23,553,462,421,44,7.96,105009.42,189.89,4.86,0.02
20251113,2025-11-13,2025,4,11,November,46,701,588,1742320.12,1585351.75,2261.56,727,605,550,56,7.7,149294.64,205.36,4.95,0.02
20220906,2022-09-06,2022,3,9,September,36,299,241,750708.72,681335.78,2278.71,300,261,241,22,7.33,57208.05,190.69,4.85,0.03
20220215,2022-02-15,2022,1,2,February,7,209,173,515828.8,465200.37,2225.84,227,198,182,16,7.05,48433.57,213.36,5.11,-0.09
20230410,2023-04-10,2023,2,4,April,15,266,225,630941.09,575186.32,2162.35,251,217,197,20,7.97,49940.68,198.97,4.95,0.04
20251106,2025-11-06,2025,4,11,November,45,672,550,1577670.78,1438971.27,2141.33,677,581,531,52,7.68,128528.17,189.85,4.92,0.0
20231116,2023-11-16,2023,4,11,November,46,741,604,1864635.61,1685275.41,2274.33,689,590,550,43,6.24,134655.66,195.44,4.73,-0.01
20220104,2022-01-04,2022,1,1,January,1,221,175,619643.66,548068.8,2479.95,235,200,186,14,5.96,46118.63,196.25,5.04,0.02
20240308,2024-03-08,2024,1,3,March,10,294,249,738019.41,667177.37,2269.31,217,182,169,13,5.99,42719.41,196.86,5.01,0.03
20241009,2024-10-09,2024,4,10,October,41,533,429,1311447.39,1185873.54,2224.9,563,471,431,40,7.1,113106.26,200.9,4.99,0.01
20221116,2022-11-16,2022,4,11,November,46,745,627,1850535.21,1671163.0,2243.17,644,546,489,59,9.16,127171.82,197.47,4.96,0.02
20230730,2023-07-30,2023,3,7,July,30,266,215,682999.4,616717.52,2318.49,294,233,220,14,4.76,60920.23,207.21,4.95,-0.03
20231221,2023-12-21,2023,4,12,December,51,429,358,944604.25,863998.63,2013.98,456,388,358,31,6.8,89017.87,195.21,4.89,0.0
20241118,2024-11-18,2024,4,11,November,47,672,578,1713716.22,1550465.93,2307.24,711,605,556,54,7.59,147004.67,206.76,5.05,-0.02
20240323,2024-03-23,2024,1,3,March,12,249,213,593211.46,544177.09,2185.45,238,201,191,10,4.2,45277.78,190.24,4.69,-0.09
20251110,2025-11-10,2025,4,11,November,46,739,622,1853739.58,1693006.55,2290.94,687,589,539,53,7.71,135780.39,197.64,4.84,-0.01
20251009,2025-10-09,2025,4,10,October,41,553,454,1384187.16,1237277.83,2237.39,584,491,451,41,7.02,116431.76,199.37,4.99,0.01
20230319,2023-03-19,2023,1,3,March,11,245,202,542827.07,499761.99,2039.84,254,214,202,13,5.12,51081.89,201.11,4.86,-0.07
20251225,2025-12-25,2025,4,12,December,52,452,364,1133629.69,1029145.54,2276.87,410,342,310,35,8.54,80151.47,195.49,4.92,0.01
20250915,2025-09-15,2025,3,9,September,38,321,261,806320.8,730693.27,2276.3,306,267,247,20,6.54,59574.87,194.69,4.8,0.02
20240410,2024-04-10,2024,2,4,April,15,248,202,609142.17,557100.15,2246.37,266,220,199,21,7.89,55143.68,207.31,4.99,0.0
20230113,2023-01-13,2023,1,1,January,2,270,228,623911.41,570517.9,2113.03,232,185,168,17,7.33,43421.52,187.16,4.72,-0.01
20220923,2022-09-23,2022,3,9,September,38,269,222,699841.5,635217.24,2361.4,299,255,235,21,7.02,63425.72,212.13,5.02,0.02
20230302,2023-03-02,2023,1,3,March,9,234,187,575598.93,515176.87,2201.61,229,194,184,11,4.8,44788.6,195.58,4.75,-0.04
20240406,2024-04-06,2024,2,4,April,14,245,186,621499.62,568735.12,2321.37,271,230,210,20,7.38,54621.92,201.56,5.0,0.06
20241011,2024-10-11,2024,4,10,October,41,511,422,1209031.18,1113262.76,2178.6,519,428,389,42,8.09,104036.07,200.45,4.8,0.02
20251117,2025-11-17,2025,4,11,November,47,702,583,1787869.91,1622987.07,2311.95,719,612,560,54,7.51,137096.69,190.68,4.97,-0.02
20251018,2025-10-18,2025,4,10,October,42,532,437,1311763.68,1189354.38,2235.63,520,428,391,38,7.31,103759.51,199.54,4.84,0.05
20220828,2022-08-28,2022,3,8,August,34,301,242,796910.48,717852.9,2384.89,301,255,235,20,6.64,58971.9,195.92,5.08,-0.03
20221214,2022-12-14,2022,4,12,December,50,454,377,1142705.86,1036035.31,2282.02,496,398,371,29,5.85,101479.14,204.6,4.95,-0.08
20240923,2024-09-23,2024,3,9,September,39,305,250,748679.96,676274.69,2217.29,281,243,221,24,8.54,53474.6,190.3,5.05,0.04
20221022,2022-10-22,2022,4,10,October,42,539,452,1307093.14,1193037.26,2213.43,553,478,442,37,6.69,115035.64,208.02,5.07,-0.05
20250624,2025-06-24,2025,2,6,June,26,242,197,614690.76,560979.41,2318.1,261,221,203,20,7.66,54219.54,207.74,4.91,-0.05
20240329,2024-03-29,2024,1,3,March,13,261,207,652776.92,594095.81,2276.23,235,190,173,17,7.23,46125.99,196.28,4.67,0.04
20220124,2022-01-24,2022,1,1,January,4,238,196,525394.35,472554.22,1985.52,229,192,178,14,6.11,44819.06,195.72,4.84,-0.01
20250818,2025-08-18,2025,3,8,August,34,287,233,723231.47,658239.55,2293.52,300,252,232,20,6.67,59940.18,199.8,5.02,-0.02
20230706,2023-07-06,2023,3,7,July,27,269,226,690592.98,629071.52,2338.56,297,257,238,20,6.73,56941.85,191.72,4.55,-0.04
20251127,2025-11-27,2025,4,11,November,48,744,616,1853845.15,1680240.01,2258.39,677,564,519,46,6.79,131742.39,194.6,4.86,0.01
20250831,2025-08-31,2025,3,8,August,35,291,237,761250.49,698102.66,2398.98,309,259,239,20,6.47,64365.98,208.3,5.22,-0.01
20241226,2024-12-26,2024,4,12,December,52,479,385,1269131.0,1149497.8,2399.79,468,391,367,26,5.56,90613.16,193.62,4.91,-0.06
20250603,2025-06-03,2025,2,6,June,23,261,217,681281.68,607694.6,2328.33,275,232,211,21,7.64,52761.49,191.86,4.81,0.02
20220216,2022-02-16,2022,1,2,February,7,207,161,566150.69,512269.37,2474.73,214,179,160,19,8.88,42125.33,196.85,4.87,0.06
20230109,2023-01-09,2023,1,1,January,2,258,212,615968.52,556990.82,2158.88,231,210,192,18,7.79,43335.94,187.6,4.88,-0.07
20230814,2023-08-14,2023,3,8,August,33,268,222,645687.79,587675.26,2192.82,312,250,222,28,8.97,62446.71,200.15,5.28,0.08
20220109,2022-01-09,2022,1,1,January,1,252,200,556140.05,503396.37,1997.6,221,183,164,20,9.05,44183.57,199.93,5.04,0.1
20240411,2024-04-11,2024,2,4,April,15,252,210,631099.07,577214.41,2290.53,243,211,198,14,5.76,49279.1,202.79,4.53,-0.06
20220707,2022-07-07,2022,3,7,July,27,287,232,699385.09,630696.16,2197.55,259,220,203,17,6.56,48885.8,188.75,4.89,0.04
20220516,2022-05-16,2022,2,5,May,20,265,214,594949.82,540952.98,2041.33,266,215,197,18,6.77,52650.87,197.94,5.27,0.04
20230807,2023-08-07,2023,3,8,August,32,288,231,751006.78,678172.77,2354.77,282,229,211,19,6.74,55408.53,196.48,5.18,0.02
20220822,2022-08-22,2022,3,8,August,34,306,248,766593.46,699060.52,2284.51,286,254,231,24,8.39,53530.41,187.17,4.66,0.07
20230710,2023-07-10,2023,3,7,July,28,283,231,779138.61,705725.02,2493.73,286,238,215,23,8.04,57859.15,202.3,5.13,0.01
20231214,2023-12-14,2023,4,12,December,50,525,422,1190111.46,1087991.91,2072.37,441,367,333,35,7.94,86617.68,196.41,5.02,0.05
20230701,2023-07-01,2023,3,7,July,26,285,234,723557.2,645812.29,2266.01,285,234,215,21,7.37,51618.41,181.12,4.51,0.01
20240516,2024-05-16,2024,2,5,May,20,263,226,676919.76,615381.45,2339.85,295,247,226,22,7.46,58339.17,197.76,5.0,0.04
20250929,2025-09-29,2025,3,9,September,40,303,254,755433.0,694562.34,2292.28,290,250,226,25,8.62,59202.61,204.15,5.01,0.07
20220410,2022-04-10,2022,2,4,April,14,242,197,583844.52,532779.17,2201.57,262,218,203,15,5.73,53130.7,202.79,5.12,-0.01
20240514,2024-05-14,2024,2,5,May,20,268,214,648181.42,590759.26,2204.33,265,238,225,13,4.91,52326.0,197.46,4.89,-0.13
20240313,2024-03-13,2024,1,3,March,11,280,234,600665.06,543309.49,1940.39,256,219,197,23,8.98,49428.33,193.08,4.88,0.06
20230526,2023-05-26,2023,2,5,May,21,276,228,642698.64,583886.37,2115.53,295,250,224,27,9.15,58485.4,198.26,4.9,0.05
20240219,2024-02-19,2024,1,2,February,8,226,184,547486.38,495135.18,2190.86,194,171,157,14,7.22,39285.55,202.5,4.84,-0.05
20230911,2023-09-11,2023,3,9,September,37,291,235,782724.21,707537.41,2431.4,305,262,239,23,7.54,58903.1,193.12,5.05,0.03
20220105,2022-01-05,2022,1,1,January,1,239,189,586446.03,523403.06,2189.97,203,175,163,12,5.91,40813.66,201.05,5.01,-0.01
20220405,2022-04-05,2022,2,4,April,14,242,189,536594.43,495759.95,2048.59,234,206,191,17,7.26,48199.09,205.98,5.07,0.05
20230228,2023-02-28,2023,1,2,February,9,207,179,496988.07,451496.03,2181.14,230,199,187,14,6.09,44542.92,193.66,4.8,-0.07
20230717,2023-07-17,2023,3,7,July,29,287,232,680131.43,615646.67,2145.11,314,258,238,21,6.69,61706.19,196.52,5.09,-0.01
20250528,2025-05-28,2025,2,5,May,22,285,239,680282.03,613246.47,2151.74,257,216,201,15,5.84,51531.22,200.51,5.09,-0.02
20250426,2025-04-26,2025,2,4,April,17,239,200,649862.5,583999.77,2443.51,261,212,200,13,4.98,52059.02,199.46,5.04,0.0
20220702,2022-07-02,2022,3,7,July,26,275,226,662221.35,602002.39,2189.1,254,216,201,15,5.91,48174.18,189.66,4.85,0.0
20230712,2023-07-12,2023,3,7,July,28,270,222,766882.27,697769.49,2584.33,284,245,222,23,8.1,56585.25,199.24,4.71,0.01
20250111,2025-01-11,2025,1,1,January,2,205,167,533439.59,483548.81,2358.77,222,179,171,8,3.6,43831.69,197.44,4.62,-0.11
20220911,2022-09-11,2022,3,9,September,36,319,273,888947.99,810674.18,2541.3,302,268,251,17,5.63,62785.0,207.9,5.08,-0.07
20240616,2024-06-16,2024,2,6,June,24,236,188,553323.13,498942.82,2114.16,278,232,215,17,6.12,53490.35,192.41,4.85,-0.02
20250505,2025-05-05,2025,2,5,May,19,282,232,756363.19,678333.61,2405.44,300,253,239,15,5.0,58678.76,195.6,4.91,-0.02
20230505,2023-05-05,2023,2,5,May,18,253,205,611236.88,556374.03,2199.11,260,210,190,21,8.08,50890.38,195.73,5.04,0.02
20240721,2024-07-21,2024,3,7,July,29,298,240,727168.13,662311.78,2222.52,277,237,215,22,7.94,56690.24,204.66,5.27,0.03
20231208,2023-12-08,2023,4,12,December,49,464,373,1198986.52,1098400.74,2367.24,481,417,384,35,7.28,94692.58,196.87,4.93,0.01
20220918,2022-09-18,2022,3,9,September,37,311,253,807340.3,725260.19,2332.03,292,251,233,18,6.16,59253.52,202.92,5.08,-0.07
20230308,2023-03-08,2023,1,3,March,10,242,209,637197.29,580396.41,2398.33,240,204,189,16,6.67,50500.96,210.42,4.97,-0.01
20230907,2023-09-07,2023,3,9,September,36,324,279,827070.15,751065.51,2318.1,298,247,229,18,6.04,55510.59,186.28,4.93,-0.02
20230928,2023-09-28,2023,3,9,September,39,338,284,817728.34,741705.92,2194.4,263,217,195,23,8.75,52423.99,199.33,4.9,0.06
20250506,2025-05-06,2025,2,5,May,19,285,229,685197.71,623656.28,2188.27,263,222,203,20,7.6,53159.7,202.13,5.11,0.05
20221110,2022-11-10,2022,4,11,November,45,732,599,1892735.82,1720760.1,2350.77,721,603,548,58,8.04,140948.36,195.49,4.92,-0.01
20220301,2022-03-01,2022,1,3,March,9,237,196,584548.69,532153.81,2245.37,224,182,170,14,6.25,44541.27,198.84,5.05,-0.03
20230630,2023-06-30,2023,2,6,June,26,266,218,681179.85,619536.31,2329.08,248,204,193,11,4.44,52015.2,209.74,4.99,-0.09
20231211,2023-12-11,2023,4,12,December,50,486,419,1165619.9,1056523.99,2173.92,445,365,338,28,6.29,88681.36,199.28,4.69,-0.05
20230106,2023-01-06,2023,1,1,January,1,209,172,594963.14,535902.2,2564.13,215,179,164,15,6.98,41388.54,192.5,4.92,-0.03
20250112,2025-01-12,2025,1,1,January,2,237,195,569785.55,507601.48,2141.78,205,170,159,11,5.37,40426.51,197.2,4.91,-0.06
20230201,2023-02-01,2023,1,2,February,5,208,179,532513.56,486155.56,2337.29,226,193,177,16,7.08,42919.36,189.91,4.53,-0.02
20250127,2025-01-27,2025,1,1,January,5,222,179,543727.23,501401.85,2258.57,209,182,175,7,3.35,39334.01,188.2,4.44,-0.18
20220604,2022-06-04,2022,2,6,June,22,262,216,619514.02,563545.9,2150.94,268,229,203,28,10.45,51269.15,191.3,4.99,0.04
20250316,2025-03-16,2025,1,3,March,11,250,206,597902.16,546812.77,2187.25,262,220,199,22,8.4,53471.27,204.09,5.28,0.07
20250307,2025-03-07,2025,1,3,March,10,254,213,676733.71,602542.69,2372.22,249,209,190,20,8.03,47316.65,190.03,4.9,-0.02
20240212,2024-02-12,2024,1,2,February,7,218,176,526905.15,476505.94,2185.81,231,194,179,15,6.49,45465.56,196.82,4.73,0.08
20250707,2025-07-07,2025,3,7,July,28,280,222,674287.62,609358.5,2176.28,274,223,207,19,6.93,50579.8,184.6,4.57,-0.03
20250417,2025-04-17,2025,2,4,April,16,275,229,732774.54,661274.77,2404.64,248,197,178,19,7.66,51360.65,207.1,4.76,-0.04
20250408,2025-04-08,2025,2,4,April,15,278,233,625094.47,572757.68,2060.28,242,203,190,13,5.37,47171.61,194.92,4.6,-0.06
20220214,2022-02-14,2022,1,2,February,7,211,163,496140.9,447461.81,2120.67,217,181,163,19,8.76,42451.19,195.63,5.01,0.07
20220717,2022-07-17,2022,3,7,July,28,286,239,692427.5,630185.93,2203.45,283,243,224,19,6.71,53040.01,187.42,4.78,-0.03
20230122,2023-01-22,2023,1,1,January,3,219,181,501097.91,453231.25,2069.55,186,148,138,11,5.91,37324.01,200.67,4.82,-0.07
20240522,2024-05-22,2024,2,5,May,21,282,238,701475.9,636462.3,2256.96,281,227,203,25,8.9,54999.57,195.73,5.0,0.05
20250301,2025-03-01,2025,1,3,March,9,268,214,684202.69,623627.02,2326.97,230,186,170,16,6.96,44758.64,194.6,5.07,-0.03
20220210,2022-02-10,2022,1,2,February,6,215,176,537979.55,487610.92,2267.96,197,166,152,14,7.11,37542.0,190.57,4.78,-0.05
20220303,2022-03-03,2022,1,3,March,9,259,214,737474.43,667313.24,2576.5,231,201,188,14,6.06,44163.25,191.18,4.94,0.0
20230222,2023-02-22,2023,1,2,February,8,224,184,572607.42,517868.59,2311.91,224,179,165,15,6.7,44096.96,196.86,5.06,-0.05
20220429,2022-04-29,2022,2,4,April,17,277,211,635350.23,569813.55,2057.09,298,252,235,18,6.04,56600.68,189.94,4.56,-0.05
20250504,2025-05-04,2025,2,5,May,18,288,238,723326.54,657238.19,2282.08,282,235,213,23,8.16,55572.87,197.07,4.98,0.04
20250305,2025-03-05,2025,1,3,March,10,250,200,621626.86,559585.41,2238.34,216,192,174,18,8.33,39936.12,184.89,4.83,0.05
20220804,2022-08-04,2022,3,8,August,31,293,252,692313.41,622466.97,2124.46,281,254,223,32,11.39,58847.62,209.42,5.11,0.06
20231107,2023-11-07,2023,4,11,November,45,669,538,1602910.83,1443277.68,2157.37,668,574,539,36,5.39,130527.01,195.4,5.0,-0.07
20240826,2024-08-26,2024,3,8,August,35,301,250,731251.65,664301.63,2206.98,299,242,218,24,8.03,55063.74,184.16,4.7,0.04
20250909,2025-09-09,2025,3,9,September,37,341,277,909480.89,820250.97,2405.43,320,270,254,17,5.31,66663.48,208.32,4.86,-0.05
20240605,2024-06-05,2024,2,6,June,23,256,201,596392.62,552979.64,2160.08,237,206,186,21,8.86,44026.42,185.77,4.74,0.01
20241111,2024-11-11,2024,4,11,November,46,695,565,1671531.04,1513740.74,2178.04,693,591,550,43,6.2,143435.59,206.98,5.04,-0.06
20230118,2023-01-18,2023,1,1,January,3,238,189,577214.58,518757.5,2179.65,208,174,164,11,5.29,42107.11,202.44,5.08,-0.08
20220628,2022-06-28,2022,2,6,June,26,250,204,593014.1,536881.56,2147.53,268,225,207,21,7.84,53088.46,198.09,4.99,-0.0
20251119,2025-11-19,2025,4,11,November,47,678,558,1628500.7,1475527.65,2176.29,702,585,537,50,7.12,138705.61,197.59,4.81,-0.02
20240205,2024-02-05,2024,1,2,February,6,243,191,684766.12,622898.13,2563.37,215,173,159,14,6.51,45311.85,210.75,5.09,0.0
20220810,2022-08-10,2022,3,8,August,32,278,218,680023.18,621761.0,2236.55,303,264,237,27,8.91,62859.49,207.46,5.01,0.02
20240914,2024-09-14,2024,3,9,September,37,302,249,694073.34,637348.69,2110.43,305,253,236,18,5.9,61586.28,201.92,4.98,0.01
20220408,2022-04-08,2022,2,4,April,14,257,209,600166.28,549647.76,2138.71,241,208,190,18,7.47,44717.68,185.55,4.92,0.01
20231017,2023-10-17,2023,4,10,October,42,514,420,1255472.0,1138384.97,2214.76,543,458,411,49,9.02,110413.91,203.34,4.97,0.07
20220501,2022-05-01,2022,2,5,May,17,270,220,599983.94,544336.53,2016.06,276,240,224,17,6.16,51659.19,187.17,4.89,-0.05
20230805,2023-08-05,2023,3,8,August,31,290,232,695092.02,629926.43,2172.16,291,249,236,13,4.47,58067.74,199.55,4.94,-0.1
20251116,2025-11-16,2025,4,11,November,46,722,614,1837743.75,1674835.41,2319.72,698,588,536,54,7.74,136061.31,194.93,4.86,0.02
20220716,2022-07-16,2022,3,7,July,28,275,240,652992.12,600663.24,2184.23,304,249,225,24,7.89,62443.13,205.41,5.18,0.01
20221213,2022-12-13,2022,4,12,December,50,492,412,1204363.11,1080753.94,2196.65,492,426,389,40,8.13,96019.01,195.16,4.91,0.0
20241014,2024-10-14,2024,4,10,October,42,552,451,1375738.07,1247301.29,2259.6,583,486,450,38,6.52,115963.42,198.91,4.99,-0.01
20221122,2022-11-22,2022,4,11,November,47,752,625,1867089.77,1697838.31,2257.76,668,567,516,53,7.93,135864.88,203.39,4.9,0.03
20220521,2022-05-21,2022,2,5,May,20,259,216,669847.55,604666.05,2334.62,258,218,196,24,9.3,50405.46,195.37,4.79,0.07
20251017,2025-10-17,2025,4,10,October,42,569,469,1421674.96,1299515.86,2283.86,529,459,420,39,7.37,104007.58,196.61,4.91,-0.04
20221129,2022-11-29,2022,4,11,November,48,690,558,1708013.22,1533738.78,2222.81,688,581,531,50,7.27,137109.21,199.29,4.82,0.03
20221101,2022-11-01,2022,4,11,November,44,723,591,1841469.03,1672809.5,2313.71,568,469,433,38,6.69,116619.92,205.32,4.81,-0.02
20220525,2022-05-25,2022,2,5,May,21,252,209,635269.66,582839.48,2312.86,272,234,218,17,6.25,53489.54,196.65,4.9,-0.04
20231129,2023-11-29,2023,4,11,November,48,712,595,1697073.73,1537718.37,2159.72,714,591,549,44,6.16,143463.21,200.93,4.91,-0.0
20240925,2024-09-25,2024,3,9,September,39,283,235,763549.62,687042.22,2427.71,305,250,227,25,8.2,60905.34,199.69,4.92,0.05
20250410,2025-04-10,2025,2,4,April,15,227,196,511464.21,469731.44,2069.3,264,227,208,20,7.58,49953.26,189.22,4.64,0.02
20230406,2023-04-06,2023,2,4,April,14,260,216,628899.52,572028.35,2200.11,233,188,177,12,5.15,41490.79,178.07,4.66,-0.02
20251008,2025-10-08,2025,4,10,October,41,607,504,1480878.09,1349277.17,2222.86,569,479,445,34,5.98,110492.75,194.19,4.86,-0.02
20250123,2025-01-23,2025,1,1,January,4,204,176,509547.72,459014.44,2250.07,210,179,168,11,5.24,38669.72,184.14,4.49,-0.01
20221107,2022-11-07,2022,4,11,November,45,665,542,1662058.53,1509669.89,2270.18,705,596,537,61,8.65,143038.34,202.89,5.06,0.02
20250420,2025-04-20,2025,2,4,April,16,239,209,607052.01,549991.97,2301.22,232,203,183,21,9.05,45074.34,194.29,4.68,0.06
20231109,2023-11-09,2023,4,11,November,45,714,575,1753909.65,1597334.56,2237.16,725,612,558,55,7.59,141389.69,195.02,4.9,0.02
20221206,2022-12-06,2022,4,12,December,49,422,356,1014795.36,931873.83,2208.23,432,349,320,29,6.71,86773.05,200.86,4.96,-0.01
20221109,2022-11-09,2022,4,11,November,45,728,589,1812046.81,1633045.02,2243.19,733,606,562,46,6.28,144971.72,197.78,4.88,-0.02
20220814,2022-08-14,2022,3,8,August,32,278,223,749810.87,676147.12,2432.18,263,214,195,20,7.6,49379.5,187.75,4.86,0.01
20220314,2022-03-14,2022,1,3,March,11,234,194,590530.32,537979.42,2299.06,237,190,177,14,5.91,45167.96,190.58,4.66,-0.07
20240727,2024-07-27,2024,3,7,July,30,277,243,717822.76,649748.67,2345.66,290,236,212,24,8.28,53564.64,184.71,4.72,-0.04
20231008,2023-10-08,2023,4,10,October,40,556,467,1481773.81,1352096.86,2431.83,535,442,410,35,6.54,104231.68,194.83,4.86,-0.05
20220407,2022-04-07,2022,2,4,April,14,233,192,620696.02,564935.46,2424.62,238,195,176,19,7.98,48676.69,204.52,5.29,-0.02
20240527,2024-05-27,2024,2,5,May,22,273,218,737265.56,659909.72,2417.25,269,222,208,14,5.2,53632.95,199.38,4.92,-0.09
20251122,2025-11-22,2025,4,11,November,47,714,582,1835239.76,1661449.27,2326.96,710,590,529,62,8.73,139914.4,197.06,5.0,0.08
20230320,2023-03-20,2023,1,3,March,12,221,178,542351.64,495450.9,2241.86,254,217,203,14,5.51,50938.75,200.55,5.0,-0.07
20250926,2025-09-26,2025,3,9,September,39,302,246,783543.97,702627.39,2326.58,294,238,222,18,6.12,55980.57,190.41,4.66,0.03
20251105,2025-11-05,2025,4,11,November,45,709,587,1693241.59,1523874.69,2149.33,747,631,578,56,7.5,150497.15,201.47,4.89,0.03
20230223,2023-02-23,2023,1,2,February,8,216,167,503069.86,456319.46,2112.59,211,181,163,18,8.53,41838.36,198.29,5.07,0.02
20220107,2022-01-07,2022,1,1,January,1,214,183,490957.45,442801.98,2069.17,223,184,172,15,6.73,43014.4,192.89,4.97,0.04
20231128,2023-11-28,2023,4,11,November,48,723,601,1817777.16,1653449.46,2286.93,749,633,592,41,5.47,149151.67,199.13,4.82,-0.06
20240428,2024-04-28,2024,2,4,April,17,272,225,664703.19,601721.36,2212.21,265,221,198,23,8.68,54137.42,204.29,5.24,0.05
20240309,2024-03-09,2024,1,3,March,10,246,211,619978.38,560707.54,2279.3,276,230,212,18,6.52,56421.68,204.43,4.94,-0.03
20241008,2024-10-08,2024,4,10,October,41,563,458,1397251.71,1265218.74,2247.28,556,480,437,44,7.91,109692.72,197.29,4.82,0.03
20250518,2025-05-18,2025,2,5,May,20,305,247,764924.38,691454.76,2267.06,248,215,198,18,7.26,47682.48,192.27,4.85,0.04
20250625,2025-06-25,2025,2,6,June,26,251,207,610636.16,552847.64,2202.58,261,216,204,13,4.98,53814.2,206.18,4.97,-0.01
20250202,2025-02-02,2025,1,2,February,5,220,186,473175.01,430150.33,1955.23,223,178,169,10,4.48,44476.77,199.45,4.92,-0.11
20241106,2024-11-06,2024,4,11,November,45,683,551,1676986.14,1518137.61,2222.75,718,607,563,47,6.55,145043.08,202.01,4.94,-0.01
20230903,2023-09-03,2023,3,9,September,35,318,258,825419.58,755481.37,2375.73,313,271,247,26,8.31,65028.88,207.76,5.15,0.06
20250304,2025-03-04,2025,1,3,March,10,235,195,634454.28,576838.56,2454.63,228,190,177,14,6.14,41684.2,182.83,4.61,0.02
20230715,2023-07-15,2023,3,7,July,28,275,219,742939.29,661419.47,2405.16,286,238,210,32,11.19,57430.24,200.81,4.82,0.08
20250128,2025-01-28,2025,1,1,January,5,236,201,591207.87,536804.48,2274.6,217,188,179,9,4.15,40772.0,187.89,4.71,-0.02
20250524,2025-05-24,2025,2,5,May,21,295,253,774076.69,706109.88,2393.59,259,220,201,19,7.34,53983.57,208.43,5.19,0.0
20251101,2025-11-01,2025,4,11,November,44,760,621,1850299.05,1675281.0,2204.32,637,550,504,47,7.38,123316.84,193.59,4.81,-0.02
20230828,2023-08-28,2023,3,8,August,35,278,232,713531.39,645708.11,2322.69,281,229,213,17,6.05,57311.66,203.96,5.03,-0.05
20231022,2023-10-22,2023,4,10,October,42,556,464,1300347.08,1169304.28,2103.07,548,458,428,31,5.66,106778.39,194.85,4.85,-0.01
20241229,2024-12-29,2024,4,12,December,52,481,380,1235552.67,1118542.83,2325.45,498,420,392,30,6.02,99694.86,200.19,5.03,0.02
20251011,2025-10-11,2025,4,10,October,41,550,455,1451613.08,1301262.03,2365.93,555,469,432,39,7.03,104700.05,188.65,4.84,-0.01
20230425,2023-04-25,2023,2,4,April,17,262,221,617392.94,562485.32,2146.89,267,223,206,17,6.37,52366.07,196.13,4.86,0.04
20250224,2025-02-24,2025,1,2,February,9,209,173,556511.69,493335.6,2360.46,213,173,153,20,9.39,41231.86,193.58,5.0,0.07
20230522,2023-05-22,2023,2,5,May,21,294,245,707242.09,641595.83,2182.3,278,236,221,15,5.4,53523.58,192.53,4.72,-0.08
20250313,2025-03-13,2025,1,3,March,11,273,223,622453.08,566080.43,2073.55,227,187,175,12,5.29,43531.5,191.77,4.84,-0.03
20230813,2023-08-13,2023,3,8,August,32,315,256,733103.66,668817.14,2123.23,280,235,216,19,6.79,58306.13,208.24,4.96,-0.01
20220311,2022-03-11,2022,1,3,March,10,258,195,704549.38,627622.46,2432.65,255,214,191,23,9.02,51637.06,202.5,4.82,0.03
20240930,2024-09-30,2024,3,9,September,40,297,241,692860.08,623969.67,2100.91,294,261,239,23,7.82,57151.95,194.39,4.8,0.04
20240919,2024-09-19,2024,3,9,September,38,314,242,722993.01,651343.66,2074.34,306,265,240,26,8.5,61451.47,200.82,5.1,0.08
20240110,2024-01-10,2024,1,1,January,2,243,196,610751.98,547721.55,2254.0,216,184,173,11,5.09,44193.67,204.6,5.41,-0.06
20240422,2024-04-22,2024,2,4,April,17,290,232,717010.16,649490.53,2239.62,254,214,198,18,7.09,50360.87,198.27,5.0,-0.01
20240320,2024-03-20,2024,1,3,March,12,242,196,604578.14,546317.88,2257.51,216,177,166,11,5.09,45728.63,211.71,5.24,-0.03
20251120,2025-11-20,2025,4,11,November,47,724,590,1711066.43,1546860.65,2136.55,665,549,497,53,7.97,129980.23,195.46,4.94,0.02
20251020,2025-10-20,2025,4,10,October,43,532,434,1274613.58,1153541.62,2168.31,526,446,412,37,7.03,103919.96,197.57,4.94,-0.03
20220412,2022-04-12,2022,2,4,April,15,259,207,675557.18,619200.35,2390.73,246,211,188,23,9.35,46940.38,190.81,5.04,0.08
20221230,2022-12-30,2022,4,12,December,52,441,352,1066356.01,962972.09,2183.61,490,415,372,44,8.98,94276.95,192.4,4.76,0.04
20250616,2025-06-16,2025,2,6,June,25,242,190,554808.44,509269.01,2104.42,256,226,205,22,8.59,50431.92,197.0,4.85,0.05
20220908,2022-09-08,2022,3,9,September,36,313,243,755002.25,675905.45,2159.44,307,255,235,21,6.84,54120.73,176.29,4.64,-0.06
20230912,2023-09-12,2023,3,9,September,37,328,256,784066.43,704326.7,2147.34,309,256,238,19,6.15,59720.16,193.27,5.09,-0.05
20250705,2025-07-05,2025,3,7,July,27,264,211,680262.02,621600.24,2354.55,265,222,205,17,6.42,52320.52,197.44,5.04,-0.04
20221209,2022-12-09,2022,4,12,December,49,450,380,1078517.3,974438.58,2165.42,440,364,340,26,5.91,86643.51,196.92,4.97,0.02
20240908,2024-09-08,2024,3,9,September,36,296,242,764169.89,699340.8,2362.64,317,261,237,26,8.2,64641.07,203.92,5.14,0.06
20250819,2025-08-19,2025,3,8,August,34,269,214,655532.9,593137.32,2204.97,273,222,204,20,7.33,50920.21,186.52,4.62,0.06
20250131,2025-01-31,2025,1,1,January,5,262,210,740911.71,676766.35,2583.08,224,185,169,16,7.14,42101.79,187.95,4.67,-0.01
20250728,2025-07-28,2025,3,7,July,31,279,224,637087.93,578262.37,2072.62,259,218,204,16,6.18,50709.82,195.79,4.83,-0.03
20250724,2025-07-24,2025,3,7,July,30,287,248,705482.81,649158.93,2261.88,286,247,231,16,5.59,55868.38,195.34,4.8,-0.02
20241203,2024-12-03,2024,4,12,December,49,475,384,1183026.02,1060550.3,2232.74,516,437,402,38,7.36,105281.76,204.03,4.9,-0.01
20250721,2025-07-21,2025,3,7,July,30,282,237,747053.41,684934.02,2428.84,284,243,232,11,3.87,53703.78,189.1,4.52,0.0
20230612,2023-06-12,2023,2,6,June,24,272,220,693165.74,621495.9,2284.91,245,201,184,18,7.35,46713.19,190.67,4.71,0.0
20220331,2022-03-31,2022,1,3,March,13,285,234,695679.22,631242.01,2214.88,237,201,186,15,6.33,48791.76,205.87,5.17,-0.03
20230217,2023-02-17,2023,1,2,February,7,197,159,487567.49,443660.65,2252.08,200,166,155,12,6.0,42741.67,213.71,5.48,-0.04
20220514,2022-05-14,2022,2,5,May,19,261,210,611544.5,551394.87,2112.62,264,228,209,19,7.2,52696.82,199.61,5.04,0.0
20240912,2024-09-12,2024,3,9,September,37,312,257,849895.34,770977.04,2471.08,316,271,258,13,4.11,62312.93,197.19,4.81,-0.03
20230520,2023-05-20,2023,2,5,May,20,248,206,634225.49,576672.27,2325.29,266,225,207,19,7.14,52269.73,196.5,5.07,0.0
20220428,2022-04-28,2022,2,4,April,17,307,254,830754.02,758337.84,2470.16,241,209,185,24,9.96,45644.1,189.39,4.68,0.04
20251014,2025-10-14,2025,4,10,October,42,559,466,1222113.07,1112762.48,1990.63,577,485,447,39,6.76,115158.98,199.58,4.77,0.02
20220903,2022-09-03,2022,3,9,September,35,307,262,740279.88,678427.43,2209.86,297,254,229,26,8.75,58654.86,197.49,4.81,0.0
20250219,2025-02-19,2025,1,2,February,8,249,202,613516.79,551155.57,2213.48,192,161,150,12,6.25,37759.77,196.67,5.23,0.03
20240310,2024-03-10,2024,1,3,March,10,249,202,696590.08,628523.63,2524.19,252,220,199,21,8.33,51708.78,205.19,5.19,0.1
20250805,2025-08-05,2025,3,8,August,32,279,232,634720.84,569294.22,2040.48,292,241,214,27,9.25,56880.38,194.8,5.06,0.02
20220917,2022-09-17,2022,3,9,September,37,306,254,725360.36,660751.5,2159.32,282,250,232,18,6.38,51911.66,184.08,4.74,-0.06
20251001,2025-10-01,2025,4,10,October,40,561,460,1330545.72,1212632.68,2161.56,368,313,286,28,7.61,69722.77,189.46,4.8,0.07
20240728,2024-07-28,2024,3,7,July,30,280,231,631441.28,577420.89,2062.22,278,237,220,17,6.12,52453.28,188.68,5.0,-0.07
20240815,2024-08-15,2024,3,8,August,33,285,231,723204.33,656685.81,2304.16,289,242,223,20,6.92,58966.62,204.04,5.09,-0.01
20230211,2023-02-11,2023,1,2,February,6,213,167,544347.81,497022.51,2333.44,200,172,164,10,5.0,40309.4,201.55,5.03,-0.06
20230629,2023-06-29,2023,2,6,June,26,271,228,690389.75,621278.22,2292.54,230,191,177,15,6.52,44200.18,192.17,4.92,-0.07
20230403,2023-04-03,2023,2,4,April,14,254,207,572318.18,520953.72,2051.0,248,199,181,18,7.26,46667.45,188.18,4.89,0.03
20220909,2022-09-09,2022,3,9,September,36,315,248,812937.51,742453.51,2357.0,306,251,234,19,6.21,61709.68,201.67,4.81,-0.02
20230628,2023-06-28,2023,2,6,June,26,244,210,553554.77,500320.35,2050.49,251,209,195,15,5.98,49825.79,198.51,4.94,-0.06
20221029,2022-10-29,2022,4,10,October,43,569,468,1459576.36,1322957.67,2325.06,552,462,425,37,6.7,106485.57,192.91,4.8,-0.02
20230625,2023-06-25,2023,2,6,June,25,251,201,665583.62,602771.06,2401.48,248,212,194,18,7.26,48703.86,196.39,4.96,0.0
20240112,2024-01-12,2024,1,1,January,2,209,168,520121.33,475046.79,2272.95,226,195,181,14,6.19,44313.2,196.08,4.96,-0.01
20250103,2025-01-03,2025,1,1,January,1,235,199,553435.92,503279.21,2141.61,245,206,194,14,5.71,48369.25,197.43,5.0,-0.07
20220310,2022-03-10,2022,1,3,March,10,252,205,636582.91,578060.03,2293.89,239,199,187,12,5.02,48186.99,201.62,4.83,-0.01
20220901,2022-09-01,2022,3,9,September,35,286,230,723586.15,650937.22,2276.0,294,247,233,14,4.76,54952.03,186.91,4.71,-0.01
20240706,2024-07-06,2024,3,7,July,27,285,233,763389.48,697819.57,2448.49,284,240,209,32,11.27,55527.32,195.52,5.15,0.12
20230610,2023-06-10,2023,2,6,June,23,260,207,683305.67,607469.27,2336.42,237,195,186,9,3.8,47642.53,201.02,4.64,-0.05
20240607,2024-06-07,2024,2,6,June,23,284,232,721989.63,646863.81,2277.69,264,218,197,21,7.95,49674.0,188.16,4.86,0.05
20240330,2024-03-30,2024,1,3,March,13,211,173,495932.19,460680.77,2183.32,277,241,221,22,7.94,57784.15,208.61,5.14,-0.02
20230821,2023-08-21,2023,3,8,August,34,277,226,751911.96,672861.92,2429.1,283,234,222,14,4.95,58388.3,206.32,5.06,-0.07
20250513,2025-05-13,2025,2,5,May,20,274,222,685844.68,617848.22,2254.92,272,235,210,25,9.19,49475.03,181.89,5.02,-0.07
20250319,2025-03-19,2025,1,3,March,12,241,190,629942.46,569489.57,2363.03,264,217,202,16,6.06,51717.14,195.9,4.77,-0.06
20220420,2022-04-20,2022,2,4,April,16,259,216,672603.29,603436.52,2329.87,254,220,202,18,7.09,49613.85,195.33,4.75,-0.04
20230713,2023-07-13,2023,3,7,July,28,285,240,740907.38,666879.46,2339.93,281,238,227,11,3.91,53378.01,189.96,4.89,-0.07
20230925,2023-09-25,2023,3,9,September,39,328,263,894604.23,809143.45,2466.9,301,253,230,23,7.64,61894.08,205.63,4.92,0.01
20250125,2025-01-25,2025,1,1,January,4,206,169,558599.06,503056.58,2442.02,206,176,159,18,8.74,41995.28,203.86,5.03,0.05
20240515,2024-05-15,2024,2,5,May,20,248,206,665199.74,590910.12,2382.7,249,205,196,10,4.02,52290.14,210.0,4.93,-0.19
20230315,2023-03-15,2023,1,3,March,11,241,198,643641.21,586695.97,2434.42,221,186,172,15,6.79,45366.11,205.28,5.25,0.02
20240513,2024-05-13,2024,2,5,May,20,310,249,710399.19,641831.48,2070.42,273,232,214,18,6.59,54045.04,197.97,4.62,-0.05
20250323,2025-03-23,2025,1,3,March,12,264,217,676704.92,602477.88,2282.11,235,191,180,11,4.68,44017.23,187.31,4.64,-0.06
20240115,2024-01-15,2024,1,1,January,3,228,176,542675.4,492440.99,2159.83,250,208,190,21,8.4,48320.64,193.28,5.0,0.06
20221113,2022-11-13,2022,4,11,November,45,680,551,1666744.24,1501760.46,2208.47,675,564,513,52,7.7,128607.08,190.53,4.9,0.03
20220213,2022-02-13,2022,1,2,February,6,227,204,602367.98,540418.67,2380.7,224,180,166,15,6.7,41513.83,185.33,4.71,0.05
20230418,2023-04-18,2023,2,4,April,16,256,206,607947.62,545575.07,2131.15,255,216,197,21,8.24,47252.21,185.3,4.67,0.0
20220316,2022-03-16,2022,1,3,March,11,241,206,637307.81,580829.0,2410.08,253,214,200,14,5.53,56000.05,221.34,5.35,-0.01
20220221,2022-02-21,2022,1,2,February,8,222,188,620805.79,558461.85,2515.59,215,181,173,8,3.72,42236.15,196.45,4.85,-0.02
20220517,2022-05-17,2022,2,5,May,20,292,227,800586.95,728687.71,2495.51,296,252,232,20,6.76,60700.06,205.07,4.96,-0.05
20250329,2025-03-29,2025,1,3,March,13,262,213,615626.99,554623.32,2116.88,229,184,171,15,6.55,41774.57,182.42,4.84,-0.03
20230820,2023-08-20,2023,3,8,August,33,278,225,748870.8,688123.43,2475.26,274,230,216,14,5.11,54357.12,198.38,4.78,-0.04
20220719,2022-07-19,2022,3,7,July,29,343,278,835434.99,765692.78,2232.34,259,209,193,18,6.95,50089.04,193.39,4.95,-0.05
20250501,2025-05-01,2025,2,5,May,18,253,213,619770.28,552650.52,2184.39,282,238,219,19,6.74,55128.77,195.49,4.96,0.05
20240517,2024-05-17,2024,2,5,May,20,270,228,712269.44,646567.41,2394.69,267,218,200,18,6.74,53683.07,201.06,5.15,0.02
20240317,2024-03-17,2024,1,3,March,11,243,203,662412.65,605408.13,2491.39,235,195,184,11,4.68,50198.5,213.61,5.39,-0.1
20250708,2025-07-08,2025,3,7,July,28,303,240,709413.18,642645.5,2120.94,280,239,216,23,8.21,56149.43,200.53,4.76,0.02
20250621,2025-06-21,2025,2,6,June,25,275,223,645737.57,581878.52,2115.92,282,237,215,22,7.8,56115.16,198.99,5.04,-0.06
20240404,2024-04-04,2024,2,4,April,14,291,252,670845.73,613049.26,2106.7,256,211,192,20,7.81,50558.69,197.49,5.15,0.03
20250320,2025-03-20,2025,1,3,March,12,244,203,652351.77,588875.38,2413.42,217,171,154,19,8.76,44925.97,207.03,5.54,0.1
20230208,2023-02-08,2023,1,2,February,6,197,161,570228.83,511561.99,2596.76,210,178,159,20,9.52,43323.0,206.3,5.03,0.03
20230420,2023-04-20,2023,2,4,April,16,264,212,654020.5,590063.2,2235.09,268,225,203,22,8.21,53784.91,200.69,4.82,0.02
20220629,2022-06-29,2022,2,6,June,26,282,239,757541.18,687306.15,2437.26,263,220,206,14,5.32,53267.8,202.54,4.85,-0.0
20240301,2024-03-01,2024,1,3,March,9,231,186,641380.67,584774.62,2531.49,219,185,170,16,7.31,43563.69,198.92,4.79,0.05
20220701,2022-07-01,2022,3,7,July,26,282,225,692856.49,626140.08,2220.35,269,232,212,20,7.43,51758.94,192.41,4.97,0.03
20220622,2022-06-22,2022,2,6,June,25,250,203,648076.53,583355.93,2333.42,256,216,190,26,10.16,51552.95,201.38,5.14,0.06
20250516,2025-05-16,2025,2,5,May,20,268,221,650306.46,580741.16,2166.94,261,217,207,10,3.83,48808.67,187.01,4.77,-0.12
20230727,2023-07-27,2023,3,7,July,30,275,226,660706.24,597527.25,2172.83,297,258,234,24,8.08,61914.05,208.46,5.08,0.01
20220322,2022-03-22,2022,1,3,March,12,251,202,624285.91,563299.17,2244.22,232,201,187,14,6.03,49826.88,214.77,4.98,-0.03
20240628,2024-06-28,2024,2,6,June,26,263,219,597814.55,538371.03,2047.04,273,227,202,27,9.89,54854.66,200.93,4.96,0.05
20220722,2022-07-22,2022,3,7,July,29,266,210,675665.88,617665.97,2322.05,291,246,224,22,7.56,55726.78,191.5,4.87,-0.0
20250522,2025-05-22,2025,2,5,May,21,263,205,681009.79,617512.11,2347.95,252,210,195,15,5.95,52650.72,208.93,5.27,-0.01
20250502,2025-05-02,2025,2,5,May,18,246,198,571470.23,522233.37,2122.9,238,205,191,15,6.3,46497.49,195.37,5.05,-0.04
20230704,2023-07-04,2023,3,7,July,27,309,247,730583.64,665321.35,2153.14,257,224,206,19,7.39,51124.54,198.93,4.91,-0.05
20230316,2023-03-16,2023,1,3,March,11,247,207,549721.15,498634.77,2018.76,223,188,170,18,8.07,42230.1,189.37,4.52,-0.02
