seller_id,seller_name,seller_tier,seller_region,seller_category,rating_score,total_order_items,total_quantity_sold,total_revenue,avg_order_item_value,total_shipments,delivered_shipments,on_time_shipments,sla_breached_shipments,sla_breach_pct,avg_transit_days,avg_delay_days,total_shipping_cost,avg_shipping_cost
1,UrbanImports9935,Mid,North India,"Electronics,Sports,Home,Grocery,Beauty,Fashion",3.89,70,91,1387636.86,19823.38,30.821428571428573,28.011904761904763,27.845238095238095,0.16666666666666666,0.54,6.0,-0.14,6987.98,99.83
2,NextBazaar1434,Long Tail,Central India,"Electronics,Sports,Grocery,Beauty",4.86,165,212,6302577.21,38197.44,59.46904761904762,47.97619047619047,45.1,2.876190476190476,4.84,5.78,-0.03,12952.38,78.5
3,TechEnterprise3615,Long Tail,West India,"Sports,Grocery,Beauty,Electronics,Fashion,Home",3.91,190,260,5207779.27,27409.36,68.88809523809523,59.63809523809523,54.01190476190476,5.626190476190476,8.17,6.28,0.0,15588.77,82.05
4,UrbanStore7224,Long Tail,North India,"Fashion,Sports,Home",4.17,692,964,89899121.64,129912.03,261.27619047619055,216.17142857142852,196.24285714285708,21.42857142857143,8.2,5.51,0.05,49404.38,71.5
5,SuperBazaar3045,Mid,West India,"Grocery,Home,Electronics",3.6,48,67,213394.23,4445.71,22.235714285714284,17.526190476190475,14.826190476190476,2.6999999999999997,12.14,5.05,0.21,2823.13,58.82
6,PrimeKart4733,Mid,East India,"Home,Grocery,Sports,Beauty,Electronics",3.55,1138,1580,80048982.07,70341.81,428.514285714286,360.4309523809526,331.9333333333335,29.23095238095238,6.82,5.3,-0.02,78396.15,68.95
7,FastTraders6977,Premium,South India,"Electronics,Beauty",4.86,583,791,2828578.24,4851.76,209.61666666666662,178.14523809523806,164.35952380952378,13.785714285714285,6.58,5.15,-0.01,32908.44,56.45
8,VertexImports3803,Long Tail,Central India,"Fashion,Home,Electronics",4.3,1158,1569,92347319.26,79747.25,442.7738095238098,375.2785714285716,347.4642857142859,28.764285714285716,6.5,5.14,-0.03,76196.58,65.91
9,QuickMart4598,Long Tail,East India,"Fashion,Beauty",4.02,620,881,73334223.76,118281.01,237.26904761904757,203.53095238095233,187.35238095238088,16.17857142857143,6.82,5.34,0.02,42191.64,68.05
10,MegaEnterprise6168,Long Tail,West India,Fashion,3.53,158,234,2492984.91,15778.39,63.44761904761904,54.24523809523809,49.33571428571428,4.909523809523809,7.74,5.85,0.07,12663.92,80.15
11,ApexDistribution6155,Premium,South India,Fashion,4.95,695,980,33598653.45,48343.39,247.47857142857143,209.0999999999999,189.71428571428564,20.05238095238095,8.1,5.42,-0.02,45406.8,65.52
12,SmartRetail9830,Long Tail,East India,"Beauty,Sports,Fashion,Grocery",4.91,555,768,3243572.23,5844.27,210.59285714285713,177.14047619047614,170.69523809523807,6.945238095238095,3.3,4.96,-0.09,34164.43,61.67
13,SmartBazaar9085,Long Tail,North India,"Beauty,Grocery,Sports,Fashion,Electronics",4.13,1175,1640,42851143.82,36469.06,432.8023809523813,362.63809523809556,332.26190476190493,30.626190476190477,7.08,5.52,-0.02,82084.04,69.98
14,SmartImports3621,Mid,West India,Electronics,4.6,61,78,754599.5,12370.48,18.676190476190477,16.076190476190476,13.242857142857142,2.8333333333333335,15.17,6.34,-0.15,4170.58,68.37
15,QuickMarketplace8668,Mid,Central India,Beauty,3.88,771,1112,9058519.7,11749.05,293.42142857142863,238.39999999999995,223.98095238095235,16.752380952380953,5.71,6.43,-0.02,70961.02,92.04
16,UrbanMart8123,Mid,South India,"Electronics,Sports,Home,Beauty,Fashion",3.8,1097,1554,30237651.85,27563.95,410.1952380952383,343.4595238095239,313.7452380952382,32.214285714285715,7.85,6.78,0.0,111955.09,102.24
17,FastBazaar3927,Mid,Central India,Sports,4.2,1216,1682,14630435.98,12031.61,448.62380952380977,378.7047619047622,343.11190476190495,37.42619047619048,8.34,6.05,0.0,99763.77,82.11
18,ReliableEnterprise9689,Long Tail,North India,"Home,Grocery,Fashion,Electronics,Beauty,Sports",4.41,1022,1415,98693326.51,96568.81,390.2333333333336,335.9142857142859,307.6309523809525,28.783333333333335,7.38,5.75,0.02,76296.0,74.65
19,FutureDistribution6038,Long Tail,South India,"Beauty,Electronics,Grocery",3.67,1099,1541,16143847.75,14689.58,412.1857142857145,351.08095238095245,319.3547619047619,31.976190476190474,7.76,6.01,0.02,88780.6,80.78
20,PrimeExports8962,Mid,North India,"Grocery,Electronics",3.84,617,847,9062606.17,14688.18,234.3404761904762,192.22857142857146,179.61666666666665,12.61190476190476,5.38,7.4,-0.07,71447.7,115.8
21,FastBazaar7932,Long Tail,South India,"Fashion,Sports,Beauty,Home,Electronics",4.78,1150,1575,32739839.31,28469.43,431.0976190476193,363.57857142857165,336.94761904761924,27.664285714285715,6.42,6.54,-0.03,110254.17,95.96
22,NationalTraders2982,Mid,South India,"Sports,Fashion,Home,Grocery,Beauty,Electronics",4.29,1762,2438,108328592.92,61480.47,667.7214285714288,569.0619047619051,520.319047619048,49.65952380952382,7.44,5.65,-0.0,125624.95,71.34
23,TechMarketplace4770,Mid,Central India,Home,4.79,1168,1618,67643067.53,57913.59,439.7166666666669,373.03095238095267,345.4666666666669,27.707142857142863,6.3,5.71,-0.03,85865.28,73.58
24,MegaRetail2104,Mid,North India,Electronics,3.6,1716,2355,42343301.66,24675.58,646.9547619047622,536.2309523809528,485.5404761904766,52.19047619047619,8.07,5.51,-0.0,118350.62,69.01
25,FastImports8953,Long Tail,South India,"Electronics,Grocery,Fashion",4.32,652,904,6027332.43,9244.37,238.25238095238095,197.93095238095233,185.8023809523809,12.961904761904762,5.44,6.7,-0.05,64820.77,99.42
26,ApexTraders4981,Long Tail,West India,"Sports,Grocery",4.19,656,891,6905992.57,10527.43,256.21190476190475,216.3166666666666,202.18095238095236,14.719047619047618,5.74,5.33,-0.0,44764.33,68.24
27,ValueCommerce7939,Mid,West India,"Fashion,Electronics,Grocery,Home",3.75,140,208,3448410.44,24631.5,54.12380952380951,44.72380952380952,41.21428571428571,3.5095238095238095,6.48,5.26,0.0,9145.09,65.32
28,NextRetail4116,Long Tail,Central India,"Electronics,Sports,Grocery,Fashion,Home,Beauty",4.77,179,230,3471815.26,19395.62,65.04523809523808,56.06666666666666,48.00000000000001,8.399999999999999,12.91,5.78,0.13,12587.53,70.32
29,FastTraders5092,Long Tail,North India,"Beauty,Fashion",4.19,25,37,171188.03,6847.52,9.061904761904762,7.552380952380951,6.719047619047618,0.8333333333333333,9.2,5.47,0.05,1607.42,64.3
30,EliteSupply8956,Premium,West India,"Electronics,Sports,Grocery,Beauty,Home",4.48,605,836,11320776.26,18712.03,227.39285714285714,196.0642857142857,183.7190476190476,12.345238095238095,5.43,6.17,-0.03,49365.66,81.6
31,QuickMart8454,Long Tail,East India,"Electronics,Fashion,Beauty,Sports",3.59,613,857,2434246.58,3971.04,232.31666666666663,188.40476190476187,172.92142857142852,17.483333333333334,7.53,5.2,-0.0,38085.87,62.23
32,GlobalKart9883,Mid,North India,"Sports,Grocery,Beauty,Electronics,Home,Fashion",4.71,63,84,419422.4,6657.5,22.571428571428577,18.976190476190474,16.726190476190474,2.75,12.18,6.06,-0.06,5541.47,87.96
33,NationalDistribution9701,Premium,South India,"Electronics,Sports,Beauty",3.58,116,154,1187184.8,10234.35,42.959523809523816,35.65952380952381,35.042857142857144,0.6166666666666667,1.44,4.43,-0.22,7082.11,61.05
34,NextSupply2964,Long Tail,Central India,"Electronics,Fashion,Sports,Home,Beauty",3.8,107,158,5540922.86,51784.33,39.88809523809524,35.02142857142857,33.338095238095235,1.6833333333333331,4.22,4.92,-0.09,6947.87,64.93
35,FastRetail6147,Long Tail,South India,"Grocery,Electronics,Sports,Fashion,Home",3.75,720,962,5499299.06,7637.92,270.14761904761906,231.57380952380947,211.47619047619042,20.990476190476194,7.77,5.4,0.02,45712.36,63.49
36,PrimeKart8508,Long Tail,Central India,"Fashion,Home,Beauty,Sports",4.64,106,135,2213866.89,20885.54,44.32857142857143,37.042857142857144,34.892857142857146,2.15,4.85,6.15,0.02,9173.94,86.55
37,ReliableRetail9288,Mid,East India,Electronics,3.81,895,1240,88013027.45,98338.58,340.357142857143,279.0261904761905,255.84761904761905,24.011904761904763,7.05,5.33,0.03,59342.72,66.38
38,DigitalHub8179,Premium,Central India,"Electronics,Fashion,Home",4.82,97,120,266524.85,2747.68,36.19761904761904,28.554761904761904,27.045238095238098,1.5095238095238095,4.17,4.94,0.01,6313.79,65.09
39,ReliableMart2697,Long Tail,South India,"Grocery,Sports,Electronics",3.86,572,808,14527543.77,25397.8,207.34761904761905,175.31666666666663,161.20476190476185,14.111904761904762,6.81,6.25,0.02,48260.32,84.37
40,ReliableHub5462,Long Tail,East India,Electronics,4.98,685,958,2522170.11,3682.0,253.5476190476191,211.5571428571428,193.32619047619045,18.98095238095238,7.49,5.83,0.02,51261.02,75.05
41,GlobalImports5325,Mid,Central India,"Sports,Home",3.54,111,157,723154.74,6514.91,41.621428571428574,33.55476190476191,30.96190476190477,2.592857142857143,6.23,6.02,-0.03,8492.49,76.51
42,FastKart1058,Long Tail,East India,"Electronics,Sports,Beauty",4.2,1176,1652,8553282.58,7273.2,443.51904761904785,370.3285714285716,342.6904761904763,28.221428571428575,6.36,5.57,-0.05,81935.92,69.67
43,EliteExports8239,Premium,Central India,"Sports,Home",4.31,669,929,2193094.72,3278.17,253.03809523809528,217.1761904761904,199.79047619047617,17.802380952380954,7.04,5.2,-0.02,40807.81,61.0
44,SmartBazaar1590,Long Tail,East India,"Grocery,Electronics,Sports,Beauty",3.66,69,88,751796.57,10895.6,29.00952380952381,23.009523809523806,19.926190476190477,3.083333333333333,10.63,6.24,0.05,4751.19,68.86
45,FutureDistribution1653,Mid,East India,"Fashion,Beauty,Sports,Electronics,Grocery",4.73,645,919,9917486.32,15375.95,233.48333333333326,198.63809523809513,183.0119047619047,15.626190476190477,6.69,6.02,0.03,51023.53,79.11
46,NextWholesale3662,Long Tail,South India,"Fashion,Electronics,Home,Beauty,Sports,Grocery",4.66,657,924,32035257.34,48759.9,262.1714285714285,221.2880952380952,197.2928571428571,25.32857142857143,9.66,5.92,0.08,52948.88,80.71
47,ModernEnterprise7745,Mid,South India,Fashion,3.81,104,164,2164490.43,20812.41,36.285714285714285,32.26904761904762,28.235714285714288,4.283333333333333,11.8,5.4,0.07,6822.31,65.6
48,QuickWholesale1634,Long Tail,West India,"Sports,Electronics",3.93,1696,2339,172794285.35,101883.42,660.3738095238097,545.8952380952383,504.04761904761943,43.29761904761905,6.56,6.02,-0.03,143636.49,84.84
49,DigitalWholesale4728,Long Tail,South India,"Beauty,Home",4.37,817,1110,27437341.82,33583.04,308.6476190476191,260.4714285714286,243.7785714285714,17.27619047619048,5.6,6.56,-0.01,80750.32,98.84
50,FutureImports9346,Mid,West India,"Fashion,Beauty,Home,Sports,Electronics,Grocery",4.7,911,1271,11601659.74,12735.08,350.60238095238117,299.44285714285724,277.08333333333337,24.642857142857142,7.03,5.16,-0.01,56945.06,62.51
51,ApexMart1626,Long Tail,North India,"Home,Electronics,Grocery,Fashion,Beauty",4.87,61,87,3500417.73,57383.9,22.46190476190476,19.195238095238096,17.07857142857143,2.1166666666666667,9.42,5.19,0.08,4144.25,67.94
52,NationalStore7311,Long Tail,Central India,"Home,Sports,Beauty,Grocery",3.74,734,1033,3072390.51,4185.82,266.9166666666667,223.36190476190475,203.40238095238098,20.15952380952381,7.55,5.45,0.0,48006.15,65.4
53,NationalDistribution9821,Long Tail,South India,"Electronics,Beauty,Sports",4.69,1204,1634,35204967.2,29240.01,458.4809523809528,385.56190476190505,360.39761904761934,25.497619047619047,5.56,5.49,-0.01,86898.87,72.3
54,UrbanExports5920,Long Tail,Central India,"Electronics,Home,Grocery,Beauty",4.79,1108,1513,76627938.4,69158.79,415.9952380952383,353.3642857142858,320.01904761904774,33.345238095238095,8.02,6.71,0.0,106179.14,95.83
55,GlobalSupply7211,Long Tail,South India,"Beauty,Home,Sports,Grocery,Fashion,Electronics",3.92,95,128,11395604.48,119953.73,36.30952380952381,32.009523809523806,26.72619047619048,5.283333333333333,14.55,5.91,0.13,6867.92,72.29
56,GlobalSupply6279,Long Tail,West India,"Home,Beauty,Electronics,Fashion,Sports",3.71,29,36,1853998.12,63930.97,12.06190476190476,11.728571428571428,11.145238095238096,0.5833333333333333,4.84,6.14,-0.21,2787.01,96.1
57,EliteImports2389,Premium,East India,"Sports,Fashion,Beauty,Home",3.78,42,66,396977.81,9451.85,14.742857142857144,12.626190476190477,12.126190476190477,0.5,3.39,5.14,-0.08,2245.04,53.45
58,NextEnterprise4262,Mid,South India,"Sports,Grocery,Home,Electronics,Beauty,Fashion",4.48,1233,1753,33065934.32,26817.46,445.79047619047657,371.1547619047621,338.4928571428572,34.221428571428575,7.68,5.28,0.02,79057.34,64.12
59,ExpressMarketplace2193,Premium,West India,Fashion,4.16,734,1017,10678583.58,14548.48,275.2,230.94523809523804,213.8023809523809,17.80952380952381,6.47,5.11,-0.03,44864.63,61.21
60,SmartImports1090,Mid,North India,"Grocery,Fashion,Beauty,Sports,Home,Electronics",3.63,827,1151,10134022.43,12253.96,316.89047619047625,269.7714285714286,250.08809523809526,20.183333333333334,6.37,5.24,-0.01,52977.52,64.06
61,ReliableRetail2988,Mid,West India,"Fashion,Sports,Beauty,Electronics",4.71,92,116,2033551.31,22103.82,32.11190476190476,28.935714285714283,26.419047619047618,2.5166666666666666,7.84,5.55,0.06,6069.5,65.97
62,VertexWholesale9270,Mid,West India,"Sports,Grocery,Home,Fashion",4.95,607,864,4689042.1,7724.95,230.63571428571424,195.67142857142852,176.55476190476185,19.116666666666667,8.29,5.3,0.01,40646.26,66.96
63,NextWholesale5543,Long Tail,Central India,"Beauty,Fashion,Sports,Grocery,Home",4.98,152,215,4763677.36,31339.98,60.66666666666668,48.18333333333334,44.223809523809535,3.9595238095238092,6.53,5.4,-0.01,10523.94,69.24
64,FastCommerce6238,Mid,Central India,"Fashion,Home,Beauty,Electronics,Sports,Grocery",4.45,591,814,1909791.9,3231.46,221.2833333333333,186.33809523809524,171.8119047619047,14.526190476190473,6.56,4.88,-0.01,32312.85,54.67
65,QuickExports3503,Mid,South India,"Fashion,Sports",4.82,720,1005,5286076.38,7341.77,263.5333333333333,222.49285714285708,200.54999999999993,22.342857142857145,8.48,6.34,-0.04,60082.96,83.56
66,MegaRetail7883,Long Tail,West India,"Beauty,Home,Sports,Fashion",3.74,192,257,17552162.55,91417.51,74.48809523809523,64.68809523809524,60.77142857142859,4.25,5.71,5.69,-0.2,15760.96,82.09
67,FutureMart7389,Mid,West India,"Sports,Electronics,Beauty,Fashion,Grocery",4.34,1325,1845,13782815.08,10402.12,517.3238095238097,435.3523809523813,399.52857142857164,36.15714285714286,6.99,5.76,-0.03,104461.11,78.84
68,ValueTraders1475,Long Tail,West India,"Sports,Grocery,Fashion,Beauty,Electronics,Home",4.58,1681,2347,32389210.28,19267.82,628.8809523809529,535.4833333333337,489.79761904761943,46.51904761904761,7.4,6.19,0.0,145843.77,86.97
69,QuickMarketplace1444,Premium,North India,"Sports,Beauty,Fashion,Grocery,Electronics,Home",3.62,698,968,8626488.32,12358.87,263.97142857142853,221.13809523809516,205.97619047619042,15.161904761904763,5.74,5.21,0.02,42492.68,61.05
70,FastSupply6363,Long Tail,South India,"Fashion,Beauty,Sports,Electronics",3.78,32,43,660058.12,20626.82,11.678571428571427,10.252380952380951,9.919047619047618,0.3333333333333333,2.85,7.0,-0.12,3419.94,106.87
71,ValueMart2341,Long Tail,West India,"Home,Beauty,Sports",4.73,748,1017,9326438.36,12468.5,277.9619047619048,230.92619047619047,214.88571428571424,17.79047619047619,6.4,5.68,-0.03,53002.55,70.95
72,TechRetail4266,Mid,North India,"Grocery,Electronics,Home,Sports,Beauty,Fashion",4.57,1070,1500,4259644.21,3980.98,392.1238095238098,329.56904761904775,308.88333333333344,22.102380952380955,5.64,6.66,-0.04,103165.21,96.69
73,ExpressImports2874,Premium,Central India,"Fashion,Sports",4.21,715,984,6717403.36,9394.97,287.50238095238103,245.6833333333333,222.09047619047612,23.926190476190477,8.32,5.31,0.03,48320.47,67.58
74,VertexMarketplace2876,Long Tail,South India,"Sports,Home,Grocery,Electronics",4.19,1813,2526,33393678.63,18419.02,702.0976190476193,599.2738095238097,558.3642857142861,43.24285714285715,6.16,5.56,-0.04,131095.37,72.43
75,TechDistribution6111,Long Tail,Central India,Grocery,4.24,678,926,40715416.33,60052.24,251.99285714285713,212.06190476190474,195.32619047619042,17.06904761904762,6.77,5.68,-0.02,48937.36,72.18
76,NextStore5941,Long Tail,Central India,"Beauty,Fashion,Electronics,Home",4.0,698,1003,9423219.28,13500.31,261.352380952381,220.03809523809522,207.64523809523806,13.726190476190478,5.25,5.24,-0.08,45553.08,65.26
77,MegaCommerce9728,Long Tail,West India,Grocery,4.57,1149,1588,31975119.41,27828.65,422.4880952380955,359.161904761905,333.4928571428573,26.002380952380953,6.15,6.0,0.01,90075.89,78.53
78,TechWholesale7882,Premium,West India,"Electronics,Grocery,Home",3.65,66,86,283375.63,4293.57,24.104761904761904,22.03809523809524,20.45476190476191,1.5833333333333333,6.57,5.69,0.07,4576.03,69.33
79,EliteExports9548,Mid,East India,"Home,Beauty,Fashion,Grocery",3.71,751,1009,15788996.4,21023.96,280.007142857143,238.28333333333333,220.62857142857138,18.654761904761905,6.66,5.99,-0.02,59710.11,79.51
80,ModernWholesale5022,Mid,North India,"Beauty,Sports,Grocery,Home,Fashion",4.18,620,866,19985072.55,32233.99,227.69523809523804,192.09047619047615,177.2785714285714,15.311904761904763,6.72,5.41,-0.0,40179.53,64.81
81,TechTraders6325,Long Tail,South India,"Fashion,Beauty,Grocery,Sports",4.48,1081,1492,3850640.42,3562.11,400.03095238095256,330.0809523809525,308.58095238095245,22.250000000000004,5.56,6.04,-0.03,92513.08,85.9
82,ModernMart5526,Long Tail,Central India,"Home,Sports",4.03,1622,2247,15137531.79,9332.63,595.9928571428574,507.9904761904765,469.01904761904785,40.17142857142858,6.74,5.95,-0.03,137036.91,84.49
83,ExpressBazaar4937,Mid,West India,"Fashion,Electronics,Sports,Home,Beauty",4.21,176,251,2214390.48,12581.76,59.05952380952381,48.17619047619047,44.87619047619048,3.3000000000000003,5.59,6.17,-0.05,13633.82,77.46
84,QuickExports4986,Premium,East India,"Beauty,Sports,Electronics,Grocery,Fashion,Home",4.45,81,109,1562897.68,19295.03,33.076190476190476,25.792857142857144,23.042857142857148,2.75,8.31,6.6,0.0,8423.2,103.99
85,FutureExports8434,Mid,East India,"Home,Beauty,Sports,Fashion,Grocery",4.51,74,99,2311889.19,31241.75,26.37142857142857,23.56190476190476,23.05238095238095,0.5095238095238095,1.93,6.56,0.02,6804.03,91.95
86,ModernStore9779,Mid,South India,"Fashion,Electronics,Sports",4.53,69,91,3487366.4,50541.54,28.104761904761904,21.795238095238094,21.261904761904763,0.7833333333333332,2.79,5.36,-0.05,5017.76,72.72
87,FastExports9595,Long Tail,Central India,"Sports,Beauty",3.76,590,797,8758244.63,14844.48,214.59523809523807,172.6523809523809,158.96904761904761,15.516666666666666,7.23,7.0,-0.0,58564.19,99.43
88,DigitalRetail6912,Long Tail,South India,Fashion,3.84,662,914,58258343.68,88003.54,256.8071428571428,218.7119047619047,197.02380952380943,22.52142857142857,8.77,5.04,0.02,39587.1,59.98
89,ReliableHub5494,Long Tail,North India,Sports,3.92,1143,1595,6485490.01,5674.09,424.9595238095241,361.13571428571447,331.8690476190477,30.266666666666666,7.12,5.49,0.0,75416.13,66.1
90,ApexMart8690,Long Tail,West India,"Home,Fashion,Beauty,Electronics,Sports",4.54,55,80,207055.07,3764.64,19.752380952380953,16.235714285714284,13.785714285714285,2.45,12.4,6.64,0.02,4339.92,78.91
91,ExpressStore2070,Mid,West India,"Fashion,Electronics,Home",3.96,1166,1629,25853173.14,22172.53,436.46904761904796,367.01190476190493,336.9690476190477,31.042857142857148,7.11,6.26,-0.01,101585.48,87.27
92,MegaHub3444,Long Tail,Central India,Grocery,3.55,777,1091,164566653.35,211797.49,289.4642857142858,237.3,213.73809523809518,24.145238095238096,8.34,5.99,0.02,57081.43,73.46
93,UrbanBazaar7818,Long Tail,Central India,Fashion,4.48,100,147,7048324.26,70483.24,33.02857142857143,30.102380952380948,27.616666666666667,2.4857142857142858,7.53,6.59,0.01,9402.4,94.02
94,DigitalWholesale8025,Long Tail,East India,"Fashion,Grocery,Beauty,Sports,Home",4.81,351,448,15367733.33,43782.72,135.77857142857138,112.12619047619047,102.84047619047618,9.428571428571429,6.94,5.44,-0.02,23494.68,66.94
95,FastImports2330,Long Tail,South India,"Electronics,Grocery,Sports,Beauty,Home",4.68,1152,1605,83900547.79,72830.34,424.5880952380955,350.50238095238115,330.50952380952396,21.892857142857142,5.16,5.07,-0.01,70679.38,61.46
96,EliteKart7693,Long Tail,West India,"Grocery,Electronics",3.89,220,295,9039857.98,41090.26,82.45238095238096,66.70238095238096,63.60238095238094,3.0999999999999996,3.76,5.67,-0.07,15387.33,69.94
97,DigitalExports8438,Long Tail,North India,"Beauty,Home,Electronics,Sports,Fashion",4.51,727,998,8749429.3,12034.98,279.65000000000003,240.40238095238098,222.95,17.452380952380953,6.24,5.26,-0.07,48806.2,67.13
98,GlobalSupply2880,Long Tail,Central India,"Home,Grocery",3.67,705,956,15825382.63,22447.35,271.16428571428577,225.79047619047614,203.51190476190467,22.27857142857143,8.22,5.2,0.04,48931.46,69.41
99,DigitalMarketplace5728,Premium,West India,"Fashion,Home,Sports,Electronics,Grocery,Beauty",4.19,99,140,2484276.47,25093.7,36.87619047619048,30.500000000000004,29.71666666666667,0.7833333333333332,2.12,5.07,-0.12,6582.47,66.49
100,NationalBazaar9090,Mid,West India,"Sports,Home,Beauty,Fashion",4.32,63,81,6501288.33,103195.05,23.614285714285714,20.688095238095237,19.211904761904762,1.476190476190476,6.25,6.34,0.0,5493.66,87.2
101,TechStore4750,Premium,Central India,"Electronics,Beauty,Home,Grocery,Fashion",4.97,61,94,338560.64,5550.17,27.54285714285714,20.783333333333335,19.783333333333335,1.1428571428571428,4.15,5.54,-0.08,3665.93,60.1
102,FastMarketplace1659,Long Tail,South India,Sports,4.13,788,1085,8363337.6,10613.37,296.257142857143,249.25714285714287,232.30238095238093,18.204761904761906,6.14,5.5,-0.0,53651.34,68.09
103,ExpressStore8700,Mid,East India,"Sports,Beauty,Home,Electronics,Fashion",4.61,1071,1543,4175665.12,3898.85,392.50476190476206,337.9857142857144,309.9976190476191,29.354761904761908,7.48,6.13,-0.01,92919.24,86.84
104,ModernSupply9117,Long Tail,East India,"Home,Electronics,Fashion",3.92,587,772,3357817.33,5720.3,230.39761904761906,191.75714285714284,171.5380952380952,20.21904761904762,8.78,7.52,0.01,65871.33,112.22
105,ModernMart6296,Long Tail,North India,"Grocery,Electronics,Beauty,Sports",3.94,623,825,835679.05,1341.38,235.67857142857142,191.497619047619,181.39523809523806,10.519047619047619,4.46,5.53,-0.02,44250.08,71.14
106,MegaRetail9494,Mid,East India,"Grocery,Electronics,Beauty,Fashion",4.63,1694,2354,8766947.34,5175.29,620.9809523809525,515.1880952380956,478.2047619047623,37.81666666666667,6.09,5.35,-0.01,111673.41,66.12
107,FastBazaar3146,Long Tail,East India,"Sports,Beauty,Electronics,Grocery",3.53,1863,2628,19105136.73,10255.04,702.9809523809525,594.6261904761907,545.6714285714288,49.70476190476191,7.07,5.97,0.04,153075.56,82.39
108,DigitalBazaar1224,Long Tail,Central India,"Beauty,Electronics,Grocery,Home,Sports,Fashion",4.59,577,800,8846473.04,15331.84,225.97380952380948,189.75238095238095,173.3928571428571,17.359523809523807,7.68,6.35,-0.01,51747.92,89.68
109,UrbanTraders2924,Mid,South India,Fashion,4.74,1180,1611,7693177.13,6519.64,445.1785714285717,369.4809523809526,335.3738095238096,35.69047619047619,8.02,5.72,0.03,86169.8,73.21
110,NextTraders3369,Premium,West India,"Home,Grocery,Sports,Fashion,Beauty,Electronics",4.81,646,911,3386157.89,5241.73,245.11666666666665,208.60476190476186,190.97619047619042,17.62857142857143,7.19,5.31,0.0,39534.0,61.2
111,ModernDistribution9318,Mid,East India,"Grocery,Fashion,Electronics,Sports,Home",4.56,572,801,11247632.22,19663.69,206.23333333333326,177.43095238095233,164.94285714285712,12.488095238095237,6.06,5.66,-0.01,41180.98,71.99
112,DigitalWholesale9022,Mid,South India,Home,3.64,156,200,1970710.96,12632.76,58.59285714285715,51.3,46.81428571428572,4.485714285714286,7.66,5.25,0.0,9601.65,61.55
113,SuperDistribution6272,Long Tail,South India,"Beauty,Home,Grocery,Sports,Fashion",3.52,615,861,7848903.49,12762.44,234.30952380952377,198.31428571428566,180.3119047619047,18.00238095238095,7.68,5.22,0.05,40254.32,65.56
114,NextWholesale7730,Long Tail,North India,"Grocery,Beauty",3.95,94,142,279885.89,2977.51,34.695238095238096,31.045238095238094,28.752380952380953,2.2928571428571427,6.61,5.15,-0.02,5970.64,63.52
115,MegaHub9229,Long Tail,Central India,"Beauty,Sports,Grocery,Home,Electronics,Fashion",3.95,1172,1645,14459863.82,12337.77,432.2761904761908,372.011904761905,341.7000000000002,30.761904761904766,7.12,5.24,-0.03,74504.93,63.63
116,UrbanBazaar8486,Long Tail,North India,Beauty,4.61,268,363,3394424.81,12665.76,99.22857142857141,83.54523809523809,76.52857142857141,7.016666666666667,7.07,5.5,0.0,19415.25,72.44
117,PrimeTraders5342,Long Tail,East India,"Beauty,Fashion",4.85,757,1045,3971619.61,5246.53,282.4690476190476,240.31904761904755,219.8761904761904,20.776190476190475,7.36,5.16,0.05,47166.45,62.39
118,ExpressWholesale9864,Mid,North India,"Beauty,Electronics,Home,Sports,Fashion,Grocery",4.5,573,795,3350036.32,5846.49,219.7071428571428,188.53571428571428,174.32619047619045,14.40952380952381,6.56,5.29,0.01,34598.03,60.49
119,DigitalRetail2480,Long Tail,West India,Fashion,4.84,240,326,1923683.71,8015.35,90.55238095238094,74.01666666666667,68.64047619047618,6.376190476190476,7.04,5.59,-0.06,17577.29,73.55
120,MegaCommerce1919,Long Tail,East India,"Sports,Electronics,Beauty,Grocery,Fashion,Home",3.62,96,142,1170633.76,12194.1,38.47857142857143,31.811904761904763,28.061904761904756,3.75,9.75,6.23,0.1,8189.55,85.31
121,NationalSupply3950,Long Tail,South India,"Beauty,Fashion,Grocery",4.69,835,1126,5502734.98,6590.1,320.7476190476192,265.3261904761905,242.31904761904764,23.007142857142853,7.17,5.21,0.03,55792.68,66.82
122,QuickMarketplace4945,Long Tail,West India,Grocery,4.37,709,958,32461680.85,45785.16,255.20714285714283,217.79999999999993,201.91190476190468,15.888095238095236,6.23,5.7,0.0,48844.28,68.99
123,FastTraders5183,Mid,North India,"Fashion,Beauty",4.78,73,98,723031.19,9904.54,27.10952380952381,23.04285714285714,21.20952380952381,1.8333333333333333,6.76,6.65,-0.03,6726.71,92.15
124,SuperCommerce5901,Mid,West India,"Home,Grocery,Fashion,Electronics",3.6,136,194,1232131.02,9059.79,56.766666666666666,47.63095238095239,40.64761904761905,6.983333333333333,12.3,5.97,-0.07,11880.62,87.36
125,QuickWholesale8916,Mid,North India,"Beauty,Home,Fashion",4.4,194,250,725701.05,3740.73,72.3547619047619,60.37619047619047,55.04999999999999,5.326190476190476,7.36,5.2,0.0,12821.7,66.09
126,DigitalKart7484,Long Tail,East India,"Grocery,Home,Sports,Beauty",3.64,1258,1743,31846347.12,25315.06,476.116666666667,389.9285714285717,357.96428571428595,36.29761904761905,7.62,5.27,0.01,83175.68,66.28
127,VertexEnterprise6772,Long Tail,South India,"Sports,Electronics,Beauty,Fashion,Grocery",4.5,220,301,2431579.03,11052.63,84.34761904761905,73.11904761904762,67.07380952380952,6.045238095238096,7.17,5.7,0.1,15416.15,70.07
128,SmartImports2591,Long Tail,North India,"Grocery,Home",4.82,322,445,6219624.13,19315.6,117.64047619047619,95.33571428571429,88.87619047619047,6.45952380952381,5.49,4.88,-0.05,19678.97,61.11
129,SmartStore5835,Premium,East India,"Electronics,Grocery,Home,Beauty",4.28,1226,1692,11202284.51,9137.26,474.07857142857165,399.507142857143,374.4761904761906,26.864285714285714,5.67,5.37,-0.02,87643.05,71.78
130,FutureBazaar9221,Long Tail,East India,"Fashion,Sports,Grocery,Home",3.98,1149,1660,52895149.9,46035.81,430.8714285714289,356.92380952380984,327.49523809523834,30.678571428571427,7.12,6.24,0.0,98816.7,86.08
131,DigitalExports6549,Long Tail,North India,"Home,Beauty",4.66,134,185,2366704.75,17661.98,52.171428571428564,40.61190476190476,37.93571428571428,2.8428571428571425,5.45,6.76,0.03,12757.81,95.21
132,NextWholesale7511,Mid,Central India,Fashion,4.84,96,124,427840.09,4456.67,41.949999999999996,36.07380952380953,32.457142857142856,3.616666666666667,8.62,5.12,-0.01,6829.34,71.14
133,TechMart9791,Mid,North India,Beauty,4.41,172,237,7861768.02,45707.95,63.180952380952384,50.43095238095238,46.96190476190476,3.4690476190476187,5.49,5.78,0.01,12048.32,70.05
134,FutureStore4830,Mid,West India,"Sports,Home,Beauty",4.39,1167,1629,14586540.76,12499.18,444.70000000000033,369.3976190476193,347.92857142857156,21.835714285714282,4.91,5.03,-0.08,67578.86,58.11
135,SuperDistribution5951,Long Tail,West India,"Grocery,Home,Fashion,Sports,Electronics",3.86,71,95,373938.29,5266.74,20.36904761904762,14.335714285714285,13.66904761904762,0.6666666666666666,3.27,5.66,-0.21,4532.25,63.83
136,DigitalTraders2902,Mid,North India,"Electronics,Sports",3.66,653,880,93112111.87,142591.29,234.38809523809525,191.86428571428567,172.49523809523805,19.702380952380953,8.41,5.78,-0.01,46917.98,71.85
137,ApexExports3531,Long Tail,West India,"Fashion,Beauty,Grocery,Sports,Home",4.23,136,191,4549148.3,33449.62,51.12142857142857,42.05238095238096,40.57619047619048,1.976190476190476,3.87,5.43,-0.04,8942.14,65.75
138,VertexSupply5583,Long Tail,North India,Beauty,4.93,192,259,1503547.67,7830.98,73.07380952380952,62.68095238095238,57.02142857142857,5.859523809523809,8.02,5.38,0.1,12475.8,64.98
139,NextWholesale6942,Mid,North India,"Fashion,Beauty,Grocery",4.62,1068,1478,38699962.67,36235.92,413.764285714286,345.8380952380954,311.99761904761914,36.34047619047619,8.78,5.68,0.04,82592.14,77.33
140,QuickMart4109,Long Tail,North India,"Grocery,Home,Electronics",4.45,1374,1902,92329048.94,67197.27,508.02619047619083,428.3952380952384,394.36190476190495,35.31904761904762,6.95,5.6,0.01,98127.88,71.52
141,ModernRetail3063,Long Tail,Central India,"Electronics,Fashion,Sports,Beauty",3.88,1683,2316,18203802.95,10816.28,631.6357142857146,542.2404761904766,499.311904761905,43.37857142857143,6.87,5.27,-0.02,106113.26,63.28
142,GlobalMarketplace4538,Mid,South India,Grocery,4.21,204,280,5331754.78,26136.05,74.37380952380951,62.67857142857143,59.59523809523809,3.083333333333333,4.15,6.4,-0.01,16772.81,82.62
143,FastWholesale3370,Long Tail,South India,"Grocery,Electronics",3.71,823,1141,3135703.4,3810.09,307.6261904761905,255.25,235.2119047619047,22.988095238095237,7.47,5.96,-0.01,69269.97,84.17
144,SmartKart6869,Mid,South India,"Fashion,Electronics,Grocery",4.96,536,756,7680549.35,14329.38,190.55476190476185,159.3642857142857,148.32857142857142,11.285714285714285,5.92,5.28,-0.05,32071.49,59.83
145,MegaHub7897,Mid,Central India,"Electronics,Fashion,Home",4.22,665,917,2893061.64,4350.47,253.64285714285717,205.83095238095237,191.4095238095238,15.371428571428572,6.06,5.09,-0.01,41201.72,62.05
146,NationalRetail1710,Premium,Central India,"Electronics,Beauty,Grocery,Fashion,Sports,Home",4.42,188,263,4351851.68,23148.15,70.9095238095238,60.15,58.31666666666667,1.833333333333333,2.59,5.59,-0.08,14379.3,76.49
147,QuickSupply2768,Long Tail,West India,"Sports,Electronics,Grocery,Fashion",3.81,631,845,10844491.93,17186.2,244.52857142857147,207.53333333333333,193.58095238095237,14.36904761904762,5.88,4.93,-0.06,37141.53,58.86
148,SmartStore3067,Long Tail,East India,"Electronics,Sports,Home,Beauty",3.51,75,110,11424546.69,152327.29,23.34047619047619,19.44047619047619,17.223809523809525,2.216666666666667,9.5,5.62,0.13,4492.69,59.9
149,NationalMarketplace8048,Premium,North India,"Grocery,Sports,Home,Fashion,Beauty,Electronics",3.83,142,186,11477811.41,80829.66,58.62142857142858,48.88571428571429,43.74285714285715,5.476190476190476,9.34,6.38,-0.01,14006.49,98.64
150,ValueCommerce8430,Mid,West India,"Electronics,Grocery,Fashion,Beauty,Home,Sports",3.66,145,190,615151.57,4242.42,56.166666666666664,48.449999999999996,44.85,3.5999999999999996,6.41,5.97,-0.06,10535.7,72.66
151,SmartImports8770,Long Tail,North India,"Electronics,Home,Beauty,Fashion,Grocery,Sports",4.7,160,214,854922.33,5343.26,61.84285714285715,52.73333333333334,50.28333333333333,2.45,3.96,5.59,-0.05,12491.01,78.07
152,ValueStore7105,Mid,South India,Electronics,4.27,724,967,7228799.77,9984.53,282.84999999999997,237.26190476190473,214.9285714285714,22.916666666666664,8.1,5.94,-0.02,60184.88,83.36
153,ReliableBazaar6400,Mid,North India,Grocery,4.9,126,177,2275337.51,18058.23,44.51666666666667,37.16428571428572,33.01428571428572,4.15,9.32,5.22,0.13,8223.53,65.27
154,DigitalMarketplace6119,Long Tail,East India,"Sports,Beauty,Electronics",3.63,119,162,4505593.11,37862.13,41.14761904761905,31.904761904761905,28.53809523809524,3.3666666666666667,8.18,6.48,0.01,9302.41,78.17
155,NextWholesale2773,Long Tail,East India,"Grocery,Fashion,Sports,Home,Beauty",3.67,1215,1599,45722366.1,37631.58,459.86904761904793,387.8476190476192,353.6452380952383,35.535714285714285,7.73,5.61,0.01,84307.79,69.56
156,ValueWholesale1430,Mid,Central India,"Home,Electronics,Sports,Beauty,Grocery",4.26,668,928,20439095.23,30597.45,264.93809523809523,226.87380952380948,209.44761904761904,17.676190476190477,6.67,5.8,-0.02,53860.14,80.63
157,FutureKart3972,Long Tail,South India,"Home,Electronics,Fashion,Beauty,Sports,Grocery",4.24,38,55,426985.3,11236.46,12.685714285714285,11.476190476190476,10.142857142857144,1.8333333333333333,14.45,7.48,-0.15,4877.47,128.35
158,NationalRetail7163,Long Tail,West India,"Beauty,Electronics,Fashion,Home,Grocery,Sports",4.99,1266,1780,130125233.56,102784.54,482.75476190476223,405.30476190476213,375.26904761904785,32.80238095238096,6.79,6.07,-0.03,107537.4,85.08
159,ModernEnterprise2391,Mid,North India,"Fashion,Home,Grocery",3.91,279,390,3893355.56,13954.68,113.14761904761903,94.93809523809524,87.83809523809524,8.099999999999998,7.16,5.58,0.0,20719.32,74.26
160,PrimeMart8259,Long Tail,West India,"Grocery,Electronics",4.13,728,998,24668945.16,33885.91,280.00952380952384,245.53571428571433,223.34285714285713,22.19285714285714,7.93,5.7,-0.02,54862.69,75.36
161,FutureSupply2816,Mid,East India,"Beauty,Sports,Home,Electronics,Grocery",4.86,611,860,8183947.51,13394.35,221.51428571428568,181.34047619047615,169.78095238095236,11.89285714285714,5.37,5.53,-0.03,39990.73,65.45
162,VertexKart1125,Long Tail,South India,"Grocery,Beauty,Home,Electronics,Sports,Fashion",4.41,146,216,1110375.33,7605.31,55.135714285714286,47.85,43.25,4.6,8.34,5.7,0.06,10993.06,75.29
163,DigitalCommerce2965,Long Tail,North India,"Fashion,Home",4.74,226,308,1606028.72,7106.32,83.68809523809523,67.71666666666665,59.98333333333333,7.733333333333333,9.24,5.33,0.03,13201.32,58.41
164,PrimeSupply1693,Long Tail,West India,"Beauty,Fashion,Grocery,Sports,Electronics,Home",4.73,1669,2345,127926639.57,76648.68,632.4476190476192,533.4047619047622,491.66666666666697,43.24761904761905,6.84,5.97,-0.0,134265.3,80.49
165,QuickExports7843,Premium,East India,"Electronics,Home,Beauty,Grocery",4.45,105,138,1512776.65,14407.4,35.46904761904762,32.709523809523816,31.226190476190474,1.4833333333333332,4.18,6.41,0.0,8863.63,84.42
166,SuperWholesale6928,Long Tail,North India,"Electronics,Home,Fashion,Grocery",3.89,79,107,313427.81,3967.44,28.847619047619055,22.495238095238097,21.711904761904762,0.7833333333333333,2.72,6.73,-0.2,9109.14,115.31
167,ValueMarketplace7560,Mid,Central India,Fashion,4.41,1121,1553,11104781.21,9906.14,424.03571428571456,346.5285714285716,310.9904761904762,36.07142857142857,8.51,5.59,-0.01,75430.79,67.35
168,EliteStore9363,Mid,North India,"Home,Sports,Fashion,Beauty",3.67,706,980,4388177.07,6215.55,269.48333333333335,231.6309523809523,214.52857142857135,17.80238095238095,6.61,5.15,-0.06,44277.03,62.8
169,NextStore3399,Premium,East India,"Fashion,Home,Grocery,Beauty,Electronics",4.18,1759,2438,24920196.91,14167.25,660.6857142857145,551.1809523809527,503.4095238095242,50.66428571428572,7.67,6.46,0.0,161377.93,91.85
170,PrimeHub9095,Long Tail,West India,"Grocery,Fashion",3.68,637,863,5196728.52,8158.13,233.25476190476192,192.6523809523809,173.19285714285706,19.45952380952381,8.34,5.14,0.06,37291.84,58.63
171,SmartTraders2118,Long Tail,West India,"Grocery,Beauty,Home,Sports,Fashion",4.63,764,1089,6851944.66,8968.51,290.3547619047619,236.73095238095237,221.68333333333328,15.547619047619047,5.35,5.83,-0.07,61005.34,79.85
172,SuperTraders1616,Premium,North India,"Home,Sports,Electronics,Fashion,Beauty,Grocery",3.62,591,806,13343169.5,22577.27,216.31666666666666,178.5047619047619,166.37857142857138,13.626190476190477,6.3,7.5,0.0,67462.44,114.15
173,SuperMarketplace1672,Long Tail,West India,"Electronics,Sports,Beauty",4.91,687,960,2863155.99,4167.62,259.4952380952381,217.0119047619047,200.9095238095238,16.46904761904762,6.35,5.73,-0.04,51378.14,74.79
174,NationalHub2013,Mid,West India,"Sports,Fashion,Home,Beauty,Grocery",4.52,102,137,1005663.62,9859.45,42.430952380952384,33.77142857142857,31.061904761904763,2.9595238095238097,6.97,6.4,0.06,8499.93,83.33
175,MegaRetail8172,Long Tail,West India,"Sports,Electronics,Fashion",4.39,33,45,77311.77,2342.78,11.528571428571427,8.161904761904763,7.245238095238095,0.9166666666666665,7.95,5.77,0.12,2149.41,65.13
176,QuickSupply6543,Mid,Central India,"Grocery,Fashion,Home,Sports,Beauty",4.45,1270,1758,29372559.0,23128.0,485.34761904761933,414.6785714285717,376.64523809523826,39.36666666666667,8.11,5.77,-0.01,96486.73,75.97
177,DigitalMart3463,Long Tail,East India,"Sports,Home,Electronics,Fashion,Beauty,Grocery",4.42,168,221,2792426.83,16621.59,61.59523809523809,49.71904761904762,44.14047619047619,5.578571428571428,9.06,7.1,0.06,15922.2,94.77
178,SmartMarketplace2388,Mid,East India,"Sports,Fashion,Home,Grocery,Beauty",4.59,665,877,11684717.08,17571.0,241.80238095238093,199.25238095238095,185.4333333333333,13.819047619047618,5.72,7.53,-0.0,76256.6,115.02
179,NationalStore7937,Long Tail,Central India,"Sports,Home,Fashion,Grocery",4.85,1698,2314,185228197.01,109086.1,632.6595238095241,541.7976190476194,501.03809523809554,42.542857142857144,6.72,5.83,-0.02,134363.49,79.27
180,DigitalHub4509,Mid,East India,Home,4.3,660,910,99073525.39,150111.4,251.04047619047617,212.10952380952375,196.19761904761899,16.11190476190476,6.42,5.83,-0.06,52926.48,80.19
181,PrimeMart2657,Mid,Central India,"Fashion,Sports,Grocery,Electronics",3.52,60,76,110976.75,1849.61,23.495238095238093,20.67857142857143,18.561904761904763,2.1166666666666663,9.01,5.72,0.08,4106.92,68.45
182,VertexHub7172,Mid,South India,"Sports,Grocery,Electronics,Home,Fashion",3.94,594,835,24540943.98,41314.72,212.11904761904756,178.5214285714285,161.6928571428571,17.02857142857143,8.03,5.27,0.01,35333.09,59.68
183,EliteExports8170,Long Tail,North India,"Sports,Grocery",4.37,216,301,7196613.58,33317.66,79.39285714285714,65.55476190476192,61.504761904761914,4.442857142857143,5.6,5.58,-0.04,13798.29,63.88
184,VertexMart8355,Long Tail,South India,"Sports,Fashion,Beauty",3.68,63,93,3750905.08,59538.18,26.42857142857143,22.86190476190476,20.27857142857143,2.583333333333333,9.77,5.0,0.15,3959.4,62.85
185,GlobalCommerce8218,Mid,West India,"Home,Beauty",4.01,573,772,28781636.74,50229.73,222.21666666666664,175.6809523809523,164.35238095238088,12.52857142857143,5.64,6.39,0.01,50555.99,88.54
186,EliteWholesale4271,Long Tail,Central India,"Beauty,Grocery,Sports",4.48,593,794,11114284.36,18742.47,214.77380952380946,178.89523809523803,162.3023809523809,17.79285714285714,8.28,5.24,0.0,33706.84,56.84
187,ReliableDistribution2680,Long Tail,Central India,"Electronics,Beauty,Home",4.54,103,142,763121.57,7408.95,38.56190476190476,34.02857142857143,31.261904761904763,2.7666666666666666,7.17,4.84,0.11,5995.76,58.21
188,PrimeEnterprise3626,Long Tail,East India,Home,4.51,803,1111,18948519.47,23597.16,303.22142857142865,256.5452380952381,236.10238095238097,22.30952380952381,7.36,5.29,-0.06,51575.03,64.31
189,FutureDistribution1436,Long Tail,West India,"Fashion,Beauty,Electronics,Grocery,Sports",3.96,94,138,2012604.96,21410.69,39.800000000000004,31.714285714285715,30.17142857142857,2.0428571428571427,5.13,4.73,-0.01,5794.8,61.65
190,PrimeCommerce4678,Mid,North India,"Grocery,Home,Fashion,Beauty",4.17,881,1176,19129633.45,21713.55,336.42142857142875,279.21666666666675,254.3404761904762,24.876190476190477,7.39,5.37,-0.02,58713.6,66.64
191,ModernEnterprise3392,Premium,South India,Sports,4.73,653,899,5461481.38,8363.68,245.8214285714286,209.42142857142852,197.0928571428571,12.995238095238093,5.29,5.52,0.0,45001.12,68.91
192,SuperMarketplace1086,Long Tail,North India,"Beauty,Fashion,Sports",4.87,1827,2515,215124610.42,117747.46,683.7500000000002,575.4404761904765,526.069047619048,51.621428571428574,7.55,5.55,-0.01,128815.71,70.58
193,UrbanEnterprise5720,Long Tail,South India,"Fashion,Sports,Beauty",3.98,151,219,3113640.33,20620.13,62.997619047619054,48.35476190476191,44.76904761904762,4.585714285714286,7.28,5.61,-0.01,11064.3,73.27
194,NextSupply8489,Long Tail,North India,Electronics,4.06,677,945,6932239.24,10239.64,256.19523809523804,215.5380952380952,198.67857142857142,18.002380952380953,7.03,5.32,-0.03,43688.18,64.53
195,NationalMarketplace4963,Mid,South India,"Grocery,Sports,Electronics,Home",4.56,118,166,7507859.61,63625.93,45.01190476190476,37.945238095238096,36.49523809523809,1.45,3.22,5.92,0.06,8309.76,70.42
196,ApexSupply4068,Mid,North India,"Electronics,Grocery,Home,Sports",4.06,583,838,28473624.92,48839.84,213.36190476190473,179.38095238095238,166.77142857142857,12.942857142857143,6.07,5.27,-0.06,40508.41,69.6
197,QuickWholesale8702,Long Tail,North India,"Electronics,Grocery,Sports",4.15,1157,1647,73287840.51,63342.99,434.25238095238126,354.24523809523834,327.7928571428573,27.485714285714288,6.33,5.42,-0.02,74936.71,64.88
198,PrimeCommerce4950,Long Tail,North India,"Home,Sports,Electronics,Fashion",4.84,221,287,11444675.6,51785.86,82.58095238095238,63.945238095238096,60.68571428571429,3.259523809523809,3.95,5.33,-0.06,15467.14,69.99
199,ReliableCommerce3868,Long Tail,West India,"Sports,Home,Fashion,Electronics,Beauty",3.73,177,255,2980329.46,16838.02,64.93571428571428,53.23333333333334,48.6,4.633333333333334,7.14,5.86,0.07,14098.63,79.65
200,SuperKart5807,Long Tail,South India,"Sports,Fashion,Grocery,Electronics",4.47,1138,1571,5097064.53,4478.97,411.6023809523813,347.807142857143,321.58571428571446,29.58809523809524,7.19,5.14,-0.01,66099.89,58.19
201,DigitalBazaar7524,Long Tail,Central India,"Electronics,Home",4.01,79,106,407808.52,5162.13,31.609523809523807,27.28333333333333,26.75,0.5333333333333333,1.69,4.49,-0.08,4787.7,60.6
202,FutureWholesale1783,Premium,East India,"Electronics,Fashion,Home",4.11,850,1190,25047949.03,29468.18,325.5833333333334,276.0071428571429,259.0404761904762,16.96666666666667,5.21,5.48,-0.05,63311.93,74.48
203,ValueDistribution7553,Mid,West India,Home,4.52,703,968,2259958.53,3214.73,258.9166666666667,215.55238095238093,200.44285714285712,15.726190476190478,6.07,5.28,-0.0,42839.09,60.94
204,FutureDistribution9507,Long Tail,East India,"Fashion,Beauty,Grocery",4.05,1082,1539,32132977.23,29697.76,406.8357142857145,345.08095238095245,314.204761904762,34.076190476190476,8.38,5.57,-0.01,76602.82,70.8
205,ValueStore8055,Long Tail,Central India,Sports,4.98,121,155,2309996.09,19090.88,47.03333333333333,39.44047619047619,36.52380952380952,2.916666666666667,6.2,5.12,-0.13,8081.36,66.79
206,ModernStore2311,Premium,East India,"Grocery,Home",4.53,89,128,4987792.8,56042.62,29.938095238095237,26.97142857142857,25.43809523809524,1.5333333333333332,5.12,5.27,0.06,5881.8,66.09
207,EliteExports8272,Mid,East India,"Home,Beauty,Grocery",4.23,698,926,74846558.43,107230.03,259.2547619047619,215.35714285714283,200.047619047619,15.509523809523808,5.98,5.77,0.02,51716.37,74.09
208,FutureMarketplace8126,Long Tail,East India,Sports,4.26,67,86,209371.5,3124.95,27.895238095238096,23.895238095238096,21.811904761904763,2.083333333333333,7.47,4.79,-0.07,4026.86,60.1
209,QuickCommerce9406,Premium,South India,Electronics,4.08,744,1061,6421271.53,8630.74,282.54761904761915,239.19285714285715,222.53809523809522,17.654761904761905,6.25,5.4,-0.04,48784.18,65.57
210,MegaHub2101,Mid,South India,"Grocery,Beauty",3.55,121,170,2336694.99,19311.53,46.46190476190476,39.228571428571435,37.102380952380955,2.326190476190476,5.01,5.78,-0.02,9051.97,74.81
211,SuperCommerce7095,Long Tail,West India,"Home,Sports,Beauty,Grocery,Electronics,Fashion",3.74,1847,2524,37686237.03,20404.03,701.8476190476192,588.6571428571433,541.621428571429,47.70238095238095,6.8,5.48,0.0,128160.22,69.46
212,SmartBazaar7012,Long Tail,West India,Grocery,4.63,1314,1783,29889782.5,22747.17,496.85000000000025,417.42857142857173,382.2547619047621,36.40714285714286,7.33,6.43,0.02,121700.18,92.83
213,NationalSupply2929,Long Tail,East India,"Home,Fashion,Electronics,Beauty,Sports,Grocery",3.93,615,856,3157865.6,5134.74,228.20238095238093,182.75952380952376,168.7142857142857,15.211904761904762,6.67,6.09,-0.02,52884.68,85.99
214,VertexMart9047,Mid,South India,"Sports,Beauty,Fashion",3.67,749,1026,5430247.88,7250.0,275.4047619047619,223.27142857142852,204.19047619047618,20.647619047619045,7.5,5.14,0.01,42644.26,57.01
215,EliteDistribution8292,Long Tail,North India,"Electronics,Beauty",3.97,577,786,46830767.18,81162.51,222.21190476190472,187.48571428571427,171.52142857142854,17.714285714285715,7.97,7.39,-0.03,71645.6,124.38
216,EliteExports3852,Mid,East India,"Home,Sports,Electronics,Grocery,Fashion,Beauty",4.4,623,869,7621391.08,12233.37,241.0142857142857,203.8285714285714,185.85238095238094,18.30952380952381,7.6,6.18,-0.03,52337.11,84.01
217,SmartRetail9094,Mid,North India,"Electronics,Fashion",4.98,659,884,46500233.27,70561.81,247.57619047619045,209.49999999999994,193.07380952380947,16.759523809523806,6.77,6.09,-0.05,51907.09,78.89
218,VertexDistribution2412,Long Tail,North India,"Grocery,Home,Beauty,Sports,Electronics",4.94,100,131,2783731.21,27837.31,36.385714285714286,31.21904761904762,28.185714285714283,3.0333333333333337,8.34,5.99,0.01,7408.03,74.08
219,ApexStore3053,Long Tail,East India,"Sports,Beauty,Grocery,Fashion",4.08,677,938,78789121.43,116379.8,250.79285714285714,218.37857142857138,201.12857142857135,17.583333333333336,7.01,5.87,-0.03,53755.9,79.52
220,SuperImports9476,Long Tail,East India,Beauty,4.31,648,885,9620621.13,14846.64,248.16666666666666,204.46190476190475,186.99761904761903,17.46428571428571,7.04,6.12,0.01,55263.54,85.28
221,NationalDistribution1907,Long Tail,North India,"Sports,Grocery,Fashion,Electronics,Beauty",4.33,869,1195,39329855.74,45258.75,325.0619047619048,274.8619047619047,255.43571428571423,20.009523809523806,6.16,7.09,-0.04,94407.7,108.64
222,EliteCommerce4694,Long Tail,East India,"Home,Fashion",4.64,163,205,2880828.45,17673.79,63.904761904761905,53.84523809523809,48.661904761904765,6.183333333333334,9.68,5.12,-0.02,12422.83,76.21
223,ReliableMart3050,Premium,East India,"Electronics,Home,Fashion",4.16,200,256,8297537.02,41487.69,75.53095238095237,64.71904761904761,57.166666666666664,7.552380952380952,10.0,5.97,0.08,16128.18,80.64
224,EliteImports6531,Mid,Central India,"Electronics,Grocery,Fashion,Home,Sports",3.89,667,947,6563884.19,9840.91,251.79285714285714,211.7166666666666,199.447619047619,12.435714285714287,4.94,4.95,-0.03,39580.39,59.43
225,MegaImports5336,Mid,South India,Electronics,3.59,222,296,4474474.62,20155.29,85.48571428571428,72.50238095238095,66.69285714285715,5.809523809523809,6.8,5.62,-0.04,16183.14,72.9
226,DigitalTraders5012,Mid,West India,"Beauty,Grocery,Electronics,Fashion,Home",3.91,1154,1631,2590963.88,2245.2,435.15000000000026,372.7285714285716,341.13571428571447,32.09285714285714,7.38,5.63,-0.01,83408.8,72.34
227,ValueTraders8609,Long Tail,South India,"Electronics,Sports,Fashion,Beauty",4.34,1216,1688,24718381.98,20327.62,457.90952380952416,385.9500000000003,355.9404761904764,32.02619047619048,6.99,5.04,-0.02,72444.87,59.63
228,QuickHub7070,Mid,Central India,"Fashion,Home,Grocery,Beauty,Sports",4.37,1293,1770,42515093.64,32880.97,500.4595238095241,422.5738095238098,390.6095238095241,32.857142857142854,6.57,5.59,-0.03,97646.88,75.7
230,MegaMart7293,Long Tail,Central India,"Fashion,Electronics",4.23,737,1040,6530907.19,8861.48,270.05,232.5428571428571,212.89285714285708,20.65,7.65,5.4,0.04,46416.27,63.07
231,ApexExports6123,Long Tail,South India,"Fashion,Home",4.99,64,80,12115273.47,189301.15,26.83809523809524,25.054761904761904,21.628571428571426,3.4261904761904756,12.77,5.14,0.09,4672.47,73.01
232,SuperTraders6055,Long Tail,West India,"Beauty,Grocery",4.44,1152,1637,232524764.66,201844.41,413.11904761904793,347.911904761905,323.57380952380964,25.014285714285716,6.05,5.91,-0.03,85344.2,74.15
233,NationalTraders4944,Long Tail,South India,Beauty,4.43,1312,1821,193103044.55,147182.2,494.56904761904786,410.14523809523826,378.20952380952394,33.019047619047626,6.68,5.58,-0.01,92262.03,70.38
234,ExpressMarketplace8710,Long Tail,East India,"Electronics,Sports,Home",4.09,132,156,500927.33,3794.9,52.65238095238095,45.385714285714286,42.03333333333334,3.3523809523809525,6.37,5.02,-0.03,8600.18,65.15
235,ValueHub5333,Mid,East India,Electronics,4.21,68,93,2728190.24,40120.44,26.13095238095238,21.21428571428571,18.954761904761906,3.2595238095238095,12.47,5.88,0.05,4292.74,63.13
236,ApexBazaar4189,Long Tail,East India,"Home,Electronics,Beauty,Grocery",3.84,547,772,36317207.18,66393.43,210.68571428571425,174.95714285714283,158.72380952380948,17.73333333333333,8.42,5.03,0.03,33377.02,61.02
237,ReliableMart2946,Mid,South India,"Electronics,Beauty,Grocery",4.86,782,1072,5174288.85,6616.74,287.9309523809524,239.29285714285712,221.65238095238095,18.783333333333335,6.52,5.38,0.02,48589.62,62.21
238,GlobalMarketplace9341,Premium,West India,"Home,Sports,Grocery,Electronics",4.3,193,252,15496886.44,80294.75,67.48809523809523,57.85476190476191,53.82857142857142,4.226190476190476,6.26,5.9,0.06,14333.92,74.27
239,MegaHub6456,Long Tail,West India,Electronics,3.7,1277,1751,39727799.33,31110.26,482.91904761904794,406.47380952380973,374.661904761905,33.311904761904756,6.9,5.18,-0.02,82782.03,64.98
240,VertexCommerce3662,Mid,West India,"Fashion,Grocery,Sports,Beauty",3.69,612,871,12595817.68,20581.4,230.45238095238088,197.68333333333328,183.18571428571425,15.080952380952382,6.54,7.19,0.01,69300.92,113.24
241,ExpressWholesale1272,Long Tail,East India,"Home,Grocery,Sports,Beauty,Fashion,Electronics",3.91,329,461,15091343.54,45870.35,118.67142857142855,98.1690476190476,90.47619047619048,8.526190476190477,7.18,6.03,-0.05,24464.53,74.36
242,FastImports4728,Long Tail,North India,"Electronics,Beauty,Home,Grocery,Sports,Fashion",4.92,41,60,46109.92,1124.63,15.7,13.433333333333332,12.183333333333332,1.25,7.96,4.6,-0.06,2489.85,60.73
243,NextKart2800,Long Tail,South India,"Fashion,Grocery,Beauty,Electronics",4.19,679,971,4419564.45,6508.93,258.1547619047619,218.83095238095237,200.18571428571425,20.47857142857143,7.93,5.15,0.01,42663.62,63.02
244,GlobalSupply9221,Mid,Central India,"Home,Beauty,Fashion,Grocery",4.23,1136,1556,20147835.23,17735.77,431.71428571428606,364.8071428571431,340.23571428571444,26.104761904761908,6.05,5.91,-0.04,91234.52,80.38
245,ExpressBazaar7173,Premium,East India,"Sports,Electronics,Fashion,Home,Grocery,Beauty",4.38,1160,1562,11082368.07,9553.77,446.88095238095264,379.88571428571447,343.2904761904763,37.92857142857143,8.49,5.11,-0.01,67696.12,58.36
246,FastMarketplace8932,Long Tail,South India,"Grocery,Home,Sports,Beauty",3.93,685,955,4011828.56,5856.68,250.92142857142855,215.5142857142857,199.3095238095238,16.37142857142857,6.52,5.34,-0.03,42607.11,62.2
247,DigitalEnterprise5735,Long Tail,South India,"Grocery,Home,Fashion",4.64,138,185,1693724.74,12273.37,54.085714285714296,45.89047619047619,43.12380952380953,2.766666666666667,5.12,6.32,-0.06,11972.6,86.76
248,UrbanMarketplace9899,Long Tail,West India,"Beauty,Home,Sports,Fashion,Grocery,Electronics",4.27,96,131,424931.3,4426.37,37.80238095238095,31.969047619047622,30.06904761904762,1.9,5.03,4.76,-0.07,6131.44,63.87
249,DigitalExports2294,Long Tail,East India,"Fashion,Home,Electronics",4.37,222,316,966491.53,4353.57,90.56904761904762,73.81666666666666,69.03333333333333,5.033333333333332,5.56,5.29,-0.05,16063.07,72.36
250,SmartStore4920,Long Tail,South India,"Home,Beauty,Fashion,Electronics,Grocery,Sports",4.97,63,92,507936.72,8062.49,24.271428571428572,20.204761904761902,19.36190476190476,0.8428571428571429,3.47,5.11,-0.06,4693.82,74.51
252,EliteSupply8793,Mid,West India,"Electronics,Grocery",4.36,738,1015,6324261.09,8569.46,267.752380952381,220.34999999999997,205.69761904761904,14.985714285714282,5.6,5.57,-0.03,52451.0,71.17
253,DigitalImports1969,Long Tail,North India,"Home,Sports",3.8,1709,2420,71282914.7,41710.31,632.3928571428573,535.0928571428575,490.6047619047623,46.4047619047619,7.34,6.55,-0.04,157615.77,92.44
254,EliteDistribution1595,Mid,West India,"Fashion,Grocery,Electronics,Beauty,Sports",4.78,210,306,4803529.9,22873.95,80.5047619047619,67.60952380952381,63.349999999999994,4.5928571428571425,5.71,5.57,-0.01,16519.78,78.67
255,DigitalMarketplace2758,Mid,East India,"Fashion,Home,Electronics,Beauty",4.77,614,855,12490750.1,20343.24,234.66190476190474,204.04523809523803,186.71666666666664,17.328571428571426,7.38,5.02,0.0,37625.93,61.38
256,NationalTraders5470,Long Tail,South India,"Sports,Grocery,Beauty,Electronics",3.59,1691,2262,12281439.22,7262.83,630.9833333333336,540.1333333333337,495.19761904761936,45.68571428571429,7.24,5.83,-0.01,128591.18,76.18
257,EliteExports8518,Long Tail,East India,Home,4.17,726,1002,5757286.79,7930.15,261.7261904761905,225.1095238095238,213.28333333333336,12.492857142857144,4.77,5.13,-0.07,43540.79,60.06
258,DigitalMarketplace4164,Long Tail,South India,"Electronics,Home",4.44,75,104,2694292.59,35923.9,26.371428571428574,22.3952380952381,21.361904761904764,1.0333333333333332,3.92,5.75,-0.2,5192.15,69.23
259,EliteHub8822,Long Tail,East India,"Beauty,Sports,Home,Electronics,Fashion,Grocery",3.53,172,248,6802835.15,39551.37,62.59047619047619,49.18095238095238,44.84761904761905,4.333333333333333,6.92,6.38,0.0,14876.5,86.49
260,QuickRetail8319,Premium,East India,Home,4.53,200,292,3162555.89,15812.78,72.13333333333334,62.57857142857143,60.35952380952381,2.8857142857142857,4.0,5.8,-0.06,15611.0,78.06
261,FastImports6890,Long Tail,South India,"Grocery,Sports,Electronics",4.54,225,320,2886951.58,12830.9,85.99047619047619,76.77380952380952,69.47857142857143,7.461904761904762,8.68,5.1,0.03,14800.87,65.78
262,UrbanImports5833,Long Tail,East India,"Electronics,Beauty,Home,Sports,Fashion,Grocery",3.95,579,780,14576559.69,25175.41,223.41904761904757,186.83333333333331,172.45714285714283,14.376190476190477,6.43,5.7,-0.04,43735.82,75.54
263,ExpressHub8454,Mid,Central India,"Fashion,Sports",4.71,522,715,12585994.62,24111.1,199.30714285714285,165.46666666666667,154.5738095238095,10.892857142857142,5.47,7.2,-0.04,59118.6,113.25
264,GlobalEnterprise5054,Long Tail,Central India,"Sports,Grocery,Beauty,Home",3.82,587,795,4001028.9,6816.06,222.28571428571425,184.5333333333333,169.57142857142856,15.545238095238096,6.99,5.09,-0.0,35243.51,60.04
265,SuperBazaar6927,Long Tail,North India,Grocery,3.51,118,153,2913565.29,24691.23,48.13809523809523,41.904761904761905,38.9547619047619,3.4499999999999997,7.17,5.43,-0.03,8993.45,76.22
266,ReliableDistribution9281,Long Tail,South India,Electronics,4.52,1124,1592,31248108.35,27800.81,437.3714285714289,372.2714285714287,345.1523809523811,27.31904761904762,6.25,4.93,0.0,66180.16,58.98
267,UrbanImports4365,Long Tail,Central India,"Fashion,Sports,Home,Beauty,Grocery",3.94,719,994,7429210.04,10332.7,277.4928571428572,232.99047619047613,222.59523809523807,10.895238095238096,3.93,5.18,-0.08,44778.0,62.36
268,SuperEnterprise1911,Long Tail,West India,Grocery,4.61,220,301,1618471.82,7356.69,75.69285714285714,64.75,60.48095238095238,4.269047619047619,5.64,5.29,-0.06,13832.33,62.87
269,DigitalExports1356,Mid,West India,"Beauty,Sports,Electronics,Home,Fashion",4.61,695,1000,95526679.12,137448.46,269.53095238095244,232.1047619047619,214.4285714285714,18.176190476190477,6.74,5.75,-0.01,55268.32,79.64
270,GlobalMarketplace2196,Mid,North India,Sports,4.63,190,254,4191089.41,22058.37,78.93095238095239,63.661904761904765,60.06904761904762,3.5928571428571425,4.55,6.5,-0.13,19529.7,102.79
271,PrimeDistribution8734,Long Tail,North India,"Sports,Electronics,Grocery",4.49,699,966,23730742.25,33949.56,260.11904761904754,218.30714285714282,196.02619047619044,22.28095238095238,8.57,5.64,-0.0,47759.55,68.42
272,QuickTraders7184,Long Tail,West India,"Fashion,Sports,Beauty,Grocery",4.77,660,912,2990780.56,4531.49,249.10476190476192,201.4261904761904,186.09047619047612,15.335714285714285,6.16,5.32,0.0,43951.17,66.69
273,EliteBazaar7439,Long Tail,Central India,"Sports,Grocery,Fashion,Home,Beauty,Electronics",3.63,92,142,688529.54,7484.02,34.24047619047619,27.840476190476192,27.340476190476192,0.5,1.46,4.88,-0.14,5217.43,56.71
274,ReliableSupply4762,Long Tail,South India,"Fashion,Electronics,Grocery,Sports,Home,Beauty",3.62,679,998,14833233.44,21845.7,258.80476190476185,217.21428571428564,203.05476190476185,14.15952380952381,5.47,5.97,-0.03,54395.91,80.23
275,UrbanKart7868,Long Tail,Central India,"Fashion,Home,Sports",4.11,604,837,1958848.77,3243.13,231.83571428571426,185.9095238095238,167.53095238095236,18.745238095238093,8.09,5.76,0.02,46250.21,76.57
276,GlobalStore2653,Long Tail,Central India,Fashion,4.02,135,190,4639380.49,34365.78,51.42857142857143,44.86904761904762,42.142857142857146,2.726190476190476,5.3,5.48,-0.08,9090.0,67.33
277,MegaSupply8191,Long Tail,South India,"Grocery,Electronics,Fashion,Home",4.71,119,165,872829.86,7334.7,43.083333333333336,32.11666666666667,30.0,2.1166666666666667,4.91,6.06,-0.06,7725.93,64.92
278,NationalMart4836,Long Tail,Central India,"Electronics,Fashion",3.61,251,319,10536667.51,41978.76,99.36666666666666,84.28333333333332,78.08333333333333,6.2,6.24,5.25,-0.0,17384.72,69.26
279,NationalRetail7775,Long Tail,East India,"Grocery,Home,Fashion,Beauty,Electronics",4.28,550,771,14588053.05,26523.73,210.99523809523805,173.94523809523807,157.10952380952375,17.235714285714288,8.17,6.92,0.02,61293.45,111.65
280,ApexDistribution3869,Long Tail,West India,Grocery,3.62,107,151,2215916.84,20709.5,45.090476190476195,40.13095238095238,35.904761904761905,4.226190476190476,9.37,5.44,0.02,8367.55,78.2
281,ModernExports7821,Long Tail,West India,"Electronics,Home,Beauty,Grocery",4.69,696,916,118582406.54,170377.02,260.98333333333335,219.72857142857137,201.5333333333333,18.61190476190476,7.13,5.36,-0.04,46042.89,66.15
282,NextWholesale4692,Mid,East India,"Beauty,Fashion,Sports",3.58,642,880,2858926.55,4453.16,239.72619047619045,198.04047619047614,181.63095238095235,17.24285714285714,7.19,5.29,-0.06,39290.33,61.2
283,ReliableBazaar3196,Mid,West India,"Fashion,Beauty,Electronics,Home,Sports,Grocery",4.1,595,844,22174122.46,37267.43,227.59285714285713,187.98571428571424,169.38333333333327,20.60238095238095,9.05,5.53,0.02,41204.03,69.25
284,SuperWholesale7079,Premium,North India,"Fashion,Home,Electronics",3.85,671,915,8211377.2,12237.52,253.79523809523806,220.0928571428571,199.20714285714283,20.885714285714286,8.23,5.2,0.03,43282.05,64.5
285,GlobalEnterprise4555,Long Tail,West India,"Fashion,Electronics,Home,Sports,Grocery,Beauty",4.71,1176,1660,7555226.48,6424.51,442.73095238095283,368.5547619047621,339.68571428571437,30.56904761904762,6.9,5.77,0.01,87555.86,74.45
286,GlobalExports2922,Premium,West India,"Home,Electronics,Fashion",4.11,1282,1747,82198538.01,64117.42,480.3357142857147,401.39285714285745,370.60952380952403,32.06666666666667,6.68,6.72,0.0,122671.53,95.84
287,QuickTraders9743,Long Tail,East India,"Grocery,Fashion,Beauty,Electronics,Sports,Home",3.98,1080,1490,50108578.0,46396.83,390.4285714285717,320.4285714285715,292.35714285714295,30.13095238095238,7.72,5.45,0.01,70919.64,65.79
288,SuperStore8692,Long Tail,East India,"Home,Grocery,Beauty",3.84,593,807,50268749.98,84770.24,218.73571428571427,181.66428571428565,163.8428571428571,18.4047619047619,8.41,5.29,0.09,34267.71,57.79
289,ApexWholesale4625,Mid,South India,"Home,Beauty,Electronics",4.97,76,110,805457.09,10598.12,29.971428571428568,24.845238095238095,23.61904761904762,1.2261904761904763,4.09,5.66,-0.05,5763.61,75.84
290,DigitalHub4214,Long Tail,East India,"Grocery,Sports,Beauty",4.04,823,1172,4223403.35,5131.72,296.6952380952382,253.88809523809525,234.61190476190478,19.60952380952381,6.61,5.63,-0.04,57427.42,69.78
291,ModernMart9005,Premium,West India,"Grocery,Fashion,Beauty,Home",3.68,750,1040,5965403.06,7953.87,288.13809523809533,245.61190476190473,224.58333333333326,21.945238095238096,7.62,5.33,0.03,49855.55,66.56
292,EliteHub9954,Premium,West India,"Sports,Home",4.25,758,1073,18369738.55,24234.48,290.4285714285715,243.42857142857142,220.57142857142853,24.257142857142856,8.35,5.22,0.03,47629.48,62.92
293,TechSupply3252,Long Tail,South India,"Sports,Electronics,Grocery,Beauty,Home",4.38,1277,1779,124597481.04,97570.46,486.81190476190517,409.1071428571431,374.3357142857145,35.27142857142857,7.25,5.98,-0.01,101487.83,79.54
294,MegaMarketplace8916,Mid,West India,"Fashion,Electronics,Sports,Home,Beauty,Grocery",3.61,159,227,1040330.62,6542.96,54.304761904761904,45.449999999999996,41.57380952380953,4.542857142857143,8.37,5.61,-0.06,11592.34,72.91
295,ReliableSupply1194,Mid,North India,Grocery,3.86,742,1015,15916274.05,21450.5,273.302380952381,223.66190476190474,208.8666666666666,15.295238095238096,5.6,5.34,-0.0,49146.32,66.23
296,UrbanDistribution2578,Long Tail,Central India,"Home,Grocery,Sports,Electronics,Fashion,Beauty",4.73,702,942,8066692.82,11491.02,265.06428571428575,219.8738095238095,203.01428571428568,18.726190476190474,7.06,5.36,-0.04,45847.42,65.31
297,NationalMart6807,Long Tail,East India,"Fashion,Grocery",4.33,813,1147,18413728.05,22649.11,319.21428571428584,263.25952380952384,239.36666666666665,24.626190476190473,7.71,7.2,0.02,90541.36,111.37
298,ApexRetail4700,Mid,East India,"Electronics,Home,Beauty,Fashion",3.71,1742,2456,80380514.54,46142.66,675.5738095238097,560.0357142857146,515.1642857142859,46.37142857142858,6.86,5.0,-0.03,104613.88,60.12
299,MegaStore7640,Long Tail,West India,Sports,3.91,816,1123,17105823.06,20963.02,309.354761904762,259.87857142857143,240.79285714285714,20.485714285714288,6.62,5.03,-0.06,50175.27,61.49
300,PrimeTraders8109,Premium,East India,"Beauty,Electronics,Grocery,Home,Sports",3.93,1235,1700,8239426.63,6671.6,462.95238095238125,389.85476190476214,356.457142857143,34.73095238095239,7.5,6.02,-0.03,100300.24,81.41
301,MegaRetail4463,Premium,Central India,Grocery,4.44,2771,3774,154563141.81,55778.83,1039.1547619047615,885.1476190476188,822.4119047619047,65.93571428571428,6.35,5.4,-0.02,186517.24,67.53
302,ReliableMarketplace1539,Long Tail,South India,"Electronics,Sports,Home",4.62,1099,1572,52954792.92,48184.52,390.08809523809555,333.68095238095253,309.4809523809525,26.176190476190477,6.71,5.24,0.0,64683.28,59.07
303,QuickDistribution2260,Long Tail,East India,"Electronics,Fashion,Grocery",3.5,1210,1647,30865995.7,25509.09,446.12857142857166,369.5142857142859,337.0166666666668,33.66428571428572,7.55,5.26,-0.02,76775.83,63.5
304,QuickEnterprise3292,Long Tail,North India,"Fashion,Grocery,Beauty,Home,Sports",3.57,119,180,18001296.6,151271.4,46.38095238095237,37.66428571428572,34.63095238095238,3.033333333333333,6.54,6.56,0.01,10594.94,89.03
305,ModernMarketplace7499,Long Tail,East India,"Home,Electronics,Grocery,Fashion,Beauty,Sports",4.56,39,57,1312148.86,33644.84,15.397619047619047,12.445238095238095,11.028571428571428,1.4166666666666667,9.2,7.42,0.19,4690.45,120.27
306,ValueHub7227,Long Tail,North India,"Home,Beauty,Grocery,Electronics,Fashion,Sports",4.76,1934,2648,7000202.9,3619.55,708.4452380952386,581.4738095238098,539.6119047619051,43.845238095238095,6.19,5.48,-0.03,137834.89,71.53
307,SmartSupply3527,Long Tail,West India,"Home,Fashion,Electronics,Beauty,Grocery",3.87,601,838,7741515.58,12881.06,231.9142857142857,196.32142857142856,184.59047619047615,11.93095238095238,5.14,5.69,0.02,46956.74,78.13
308,DigitalTraders6896,Mid,East India,"Electronics,Sports,Grocery",3.97,623,873,3062896.39,4916.37,236.80476190476185,202.13095238095232,188.1119047619047,15.185714285714283,6.41,6.15,-0.04,54349.54,87.24
309,ValueTraders9395,Long Tail,West India,"Electronics,Fashion",4.04,127,176,4624188.72,36410.93,44.747619047619054,37.77142857142858,32.121428571428574,5.65,12.63,5.64,0.11,9266.11,72.96
310,FutureBazaar2524,Mid,Central India,Electronics,4.76,168,227,5582094.65,33226.75,65.83809523809524,56.695238095238096,49.97857142857143,6.716666666666667,10.2,5.03,-0.01,9775.43,58.19
311,ValueSupply2387,Long Tail,Central India,"Beauty,Electronics,Home",4.68,644,875,17620207.71,27360.57,246.6428571428571,204.00476190476186,185.25238095238086,18.752380952380953,7.6,5.33,0.02,42854.47,66.65
312,FastMart5397,Premium,West India,"Grocery,Fashion,Beauty,Electronics,Home",4.15,607,852,2257148.31,3718.53,230.36190476190473,184.54999999999995,169.7380952380952,15.811904761904763,6.86,5.19,-0.01,35633.84,58.7
313,ValueMart7899,Premium,East India,Fashion,4.07,662,932,1891596.65,2857.4,247.33333333333334,210.30238095238096,195.0190476190476,15.283333333333333,6.18,4.99,-0.01,37751.53,57.2
314,FastRetail9123,Long Tail,Central India,Home,3.63,67,96,544788.25,8131.17,29.10952380952381,24.016666666666666,19.650000000000002,4.366666666666666,15.0,5.24,0.15,4989.69,74.47
315,SmartMart1110,Long Tail,West India,"Beauty,Electronics",4.24,700,928,7503756.55,10719.65,260.5571428571428,226.18809523809523,212.88571428571424,13.80238095238095,5.3,7.18,-0.02,76346.58,109.22
316,VertexHub5922,Long Tail,East India,"Beauty,Home,Sports,Fashion,Grocery",4.45,1745,2464,5777695.31,3311.0,656.516666666667,552.914285714286,510.3642857142861,44.383333333333326,6.76,5.61,-0.02,126576.81,72.58
317,DigitalExports9044,Long Tail,Central India,"Fashion,Beauty,Home,Electronics,Sports,Grocery",3.51,116,177,594857.25,5128.08,44.32857142857143,34.90238095238095,31.719047619047622,3.683333333333333,8.31,5.4,0.03,8029.51,69.22
318,FastWholesale7437,Mid,East India,"Home,Beauty",4.57,583,830,60374993.5,103559.17,217.3761904761905,183.44523809523807,165.48333333333332,18.378571428571426,8.45,6.11,0.05,44368.18,76.23
319,SuperExports4434,Mid,West India,"Fashion,Grocery,Sports,Home,Electronics",4.95,166,244,3686660.58,22208.8,58.285714285714285,48.547619047619044,43.45476190476191,5.0928571428571425,8.74,6.61,0.01,13547.79,81.61
320,ExpressHub5961,Mid,South India,"Sports,Electronics,Beauty",4.93,129,180,521438.1,4042.16,47.36666666666666,40.00714285714286,35.44761904761905,4.726190476190476,9.98,6.48,0.05,10919.9,84.65
321,ApexSupply9755,Long Tail,Central India,"Fashion,Beauty,Grocery,Electronics,Sports,Home",3.95,182,267,13623635.06,74855.14,71.4738095238095,58.88809523809524,54.595238095238095,4.292857142857143,6.01,5.36,0.07,12272.28,67.43
322,NextImports6816,Long Tail,South India,"Beauty,Grocery,Electronics,Fashion,Sports,Home",4.67,2373,3256,28638316.93,12068.4,880.1714285714287,732.7809523809524,673.7642857142857,63.442857142857136,7.21,5.81,-0.0,182828.24,77.21
323,UrbanKart2615,Long Tail,East India,"Electronics,Grocery,Beauty,Fashion,Home",3.57,180,240,10243998.59,56911.1,73.71666666666667,62.107142857142854,58.68095238095239,3.926190476190476,5.33,6.02,-0.13,16315.85,90.64
324,QuickTraders9199,Mid,South India,"Sports,Grocery,Fashion,Beauty,Home",4.94,87,126,268987.34,3091.81,37.48095238095238,32.82857142857143,31.652380952380952,1.176190476190476,3.14,5.37,0.04,6885.48,79.14
325,UrbanMart7815,Long Tail,North India,Beauty,4.15,675,939,3238630.03,4797.97,270.67857142857144,230.38571428571424,208.8047619047619,21.83095238095238,8.07,5.03,0.03,42175.28,62.48
326,NationalTraders6706,Long Tail,West India,"Fashion,Home,Grocery,Sports,Beauty,Electronics",3.81,670,908,10700526.18,15970.93,262.4333333333333,216.68571428571425,195.54999999999995,21.469047619047622,8.18,5.81,0.0,51729.06,77.21
327,DigitalKart2885,Long Tail,North India,"Sports,Beauty,Home,Electronics",4.05,607,827,109698672.83,180722.69,224.50476190476184,184.697619047619,171.9190476190476,14.778571428571428,6.58,6.07,-0.01,49355.85,81.45
328,NextBazaar3858,Long Tail,Central India,"Sports,Electronics,Fashion",4.65,60,82,18955.47,315.92,22.62619047619048,20.142857142857146,19.80952380952381,0.3333333333333333,1.47,5.96,-0.14,4590.27,76.5
329,NextEnterprise7636,Long Tail,South India,"Grocery,Beauty,Sports",4.73,1763,2430,66404517.52,37665.64,683.9047619047622,573.0047619047622,528.6619047619049,44.87619047619047,6.56,5.34,0.0,119731.55,68.07
330,ApexSupply7370,Mid,North India,"Sports,Beauty,Grocery,Electronics,Home,Fashion",3.82,186,281,2433794.69,13084.92,68.9595238095238,59.18095238095238,54.854761904761915,4.326190476190476,6.27,5.5,0.05,12377.05,66.54
331,PrimeMarketplace2667,Mid,Central India,"Fashion,Home",4.21,174,230,740477.31,4255.62,62.9547619047619,55.50238095238095,49.135714285714286,6.366666666666666,10.11,5.97,0.02,14080.12,80.92
333,ApexStore6700,Premium,East India,"Grocery,Beauty,Sports",4.41,745,1031,7931994.13,10646.97,279.2285714285715,232.97142857142856,216.7857142857142,16.80238095238095,6.02,5.43,0.0,48694.46,65.36
334,ApexStore3194,Mid,East India,"Grocery,Fashion,Home,Beauty",3.7,37,52,2135967.21,57728.84,17.585714285714285,15.05238095238095,13.219047619047618,1.8333333333333333,10.43,6.06,0.06,3687.08,99.65
335,EliteCommerce3316,Premium,Central India,"Home,Electronics",4.61,1620,2253,25248815.48,15585.69,589.066666666667,485.15714285714324,453.3904761904765,33.516666666666666,5.69,5.37,-0.03,105410.53,65.07
336,EliteTraders9804,Premium,South India,"Grocery,Fashion,Beauty,Sports",4.47,572,764,3317430.02,5799.7,222.41904761904755,184.63095238095235,175.40476190476187,9.592857142857143,4.31,5.49,-0.08,40892.38,71.62
337,SmartHub6154,Long Tail,West India,"Beauty,Home",4.57,212,289,4875158.55,22996.03,78.16904761904762,64.06666666666668,59.807142857142864,4.2595238095238095,5.45,5.74,0.02,16456.59,77.63
338,TechTraders3236,Long Tail,South India,Home,4.84,30,37,17520.24,584.01,10.395238095238094,9.11190476190476,9.11190476190476,0.0,0.0,6.0,-0.16,1942.58,64.75
339,ExpressSupply8272,Long Tail,West India,"Grocery,Sports,Beauty,Fashion",4.05,114,145,264958.85,2324.2,43.695238095238096,33.46190476190476,32.7952380952381,0.6666666666666666,1.53,4.75,-0.08,6703.59,58.8
340,TechEnterprise4613,Premium,East India,Grocery,3.67,1132,1548,168647899.5,148982.24,422.8761904761907,352.39047619047636,326.52619047619066,27.89761904761905,6.6,5.33,-0.02,71674.9,63.37
341,EliteEnterprise8492,Long Tail,Central India,"Fashion,Grocery,Home",3.9,67,97,196576.67,2933.98,24.295238095238098,19.935714285714287,19.01904761904762,0.9166666666666666,3.77,5.43,-0.04,4542.13,67.79
342,UrbanMart9898,Long Tail,East India,"Grocery,Sports,Electronics,Home",3.52,1762,2391,50250552.82,28519.04,647.6928571428575,534.6000000000004,491.05714285714316,44.94285714285714,6.94,5.75,0.02,129163.38,73.3
343,SuperBazaar4580,Mid,West India,Sports,4.01,229,306,13074480.94,57093.8,90.56904761904761,77.5595238095238,71.69047619047619,6.369047619047619,7.03,6.3,0.09,20840.44,91.01
344,FutureWholesale2425,Long Tail,West India,"Sports,Fashion,Home,Electronics,Grocery,Beauty",3.69,1060,1459,2907602.56,2743.02,398.23095238095266,340.15000000000015,312.35000000000014,28.666666666666668,7.2,5.08,-0.02,66087.37,62.35
345,GlobalEnterprise6744,Mid,Central India,Fashion,4.24,701,980,62081067.93,88560.72,272.7166666666667,227.03571428571428,207.86428571428567,19.314285714285717,7.08,5.48,0.03,47175.38,67.39
346,GlobalEnterprise1972,Long Tail,Central India,"Fashion,Grocery,Sports,Electronics",4.3,613,852,11471158.67,18713.15,229.31190476190469,196.3285714285714,178.66904761904757,17.826190476190476,7.77,7.28,-0.01,65448.72,106.77
347,DigitalMarketplace5380,Long Tail,Central India,"Home,Grocery,Fashion,Beauty,Sports",3.51,102,146,1307781.81,12821.39,37.99523809523809,31.261904761904766,27.978571428571428,3.283333333333333,8.64,5.52,0.06,7144.19,70.04
348,ValueDistribution1971,Premium,East India,Fashion,4.95,738,1023,22117549.03,29969.58,278.64047619047625,228.91666666666663,209.86428571428564,20.552380952380954,7.38,6.6,0.02,72064.52,97.91
349,QuickTraders3329,Mid,Central India,"Fashion,Sports,Grocery,Electronics,Beauty,Home",4.52,1673,2266,54092738.96,32332.78,642.5571428571429,537.3880952380954,486.6928571428574,52.36190476190475,8.15,5.78,0.01,128047.36,76.58
350,SuperStore2525,Long Tail,West India,"Sports,Beauty,Grocery",4.66,587,820,59843167.63,101947.47,212.5880952380952,182.72619047619042,169.66666666666663,13.592857142857143,6.39,6.01,-0.05,47881.93,81.57
351,PrimeExports8511,Long Tail,East India,"Home,Sports,Beauty,Fashion,Grocery,Electronics",4.28,622,879,4087340.34,6571.29,247.72142857142856,213.9571428571428,191.12380952380946,22.833333333333336,9.22,5.2,-0.01,38788.23,62.36
352,QuickRetail8039,Long Tail,South India,Grocery,3.69,730,1002,5421397.51,7426.57,268.4619047619048,226.7880952380952,212.4023809523809,15.885714285714284,5.92,5.43,-0.05,50106.27,68.64
353,ReliableMarketplace3139,Long Tail,Central India,"Home,Sports,Grocery",4.66,572,797,10274821.65,17962.97,211.61904761904754,180.84523809523805,165.14999999999998,17.195238095238096,8.13,4.99,0.01,34865.55,60.95
354,SuperKart3035,Mid,South India,"Home,Electronics,Grocery,Beauty",3.68,629,881,6694835.42,10643.62,236.39285714285714,201.54523809523806,187.36904761904756,14.676190476190476,6.21,6.19,-0.05,53672.8,85.33
355,SmartDistribution5945,Premium,South India,"Electronics,Beauty,Fashion,Home",3.53,1258,1775,29867063.23,23741.7,485.81428571428603,405.90476190476215,380.2690476190478,26.802380952380954,5.52,5.85,-0.07,98309.4,78.33
356,PrimeCommerce3711,Long Tail,North India,"Electronics,Home,Grocery",4.66,254,366,7005932.2,27582.41,97.04999999999998,86.15714285714284,80.47380952380952,5.883333333333334,6.06,6.05,-0.08,21609.7,85.08
357,TechRetail8812,Premium,North India,"Home,Fashion,Beauty,Sports,Electronics,Grocery",4.02,1248,1721,14851956.74,11900.61,465.97380952380973,394.5190476190478,365.6380952380954,29.880952380952376,6.41,6.69,-0.06,124669.42,99.9
358,ModernWholesale2975,Long Tail,West India,"Fashion,Grocery,Beauty,Electronics,Home",3.5,25,37,2315794.59,92631.78,10.966666666666667,9.133333333333333,8.383333333333333,0.75,6.84,5.14,-0.14,1508.06,60.32
359,NextSupply2463,Long Tail,North India,"Beauty,Electronics",4.47,637,880,13383764.31,21010.62,237.28809523809525,199.4571428571428,186.86428571428567,12.792857142857143,5.39,5.54,-0.02,44146.96,69.3
360,QuickEnterprise3181,Long Tail,South India,"Home,Sports,Fashion",4.77,638,862,9374898.32,14694.2,237.25952380952378,196.06428571428566,175.46904761904756,21.045238095238098,8.87,6.16,0.0,49901.6,78.46
361,GlobalImports3480,Mid,West India,"Grocery,Electronics,Fashion,Beauty,Home",4.85,140,209,1361070.73,9721.93,55.46666666666667,46.74761904761904,45.22857142857142,1.719047619047619,3.1,6.52,0.02,13928.35,99.49
362,ApexExports7291,Long Tail,East India,"Beauty,Fashion,Electronics,Sports,Home,Grocery",4.67,635,863,7514565.83,11833.96,233.67142857142855,196.8928571428571,178.44761904761899,19.27857142857143,8.25,5.28,0.03,39552.38,62.29
364,MegaEnterprise4921,Long Tail,West India,"Home,Fashion,Grocery,Sports,Beauty,Electronics",3.6,1753,2460,8297333.8,4733.22,661.016666666667,558.3452380952384,518.7523809523814,42.92619047619048,6.49,5.05,-0.03,104610.79,59.78
365,ExpressImports2163,Long Tail,Central India,Fashion,3.87,2340,3278,58861101.99,25154.32,879.6238095238095,741.2690476190476,689.047619047619,55.13809523809524,6.27,6.52,-0.01,222346.16,95.43
366,ApexSupply6986,Mid,Central India,"Home,Fashion,Beauty",4.62,1309,1835,13769786.53,10519.32,487.8023809523812,407.5690476190478,377.2142857142859,30.938095238095237,6.34,5.29,-0.02,83497.64,63.84
367,TechMarketplace2106,Long Tail,North India,"Beauty,Electronics",3.59,1728,2338,36127563.59,20907.15,633.2833333333336,534.2571428571432,492.8928571428575,42.23095238095238,6.67,6.38,0.0,154550.48,89.59
368,QuickBazaar5693,Long Tail,Central India,"Electronics,Sports",4.91,1197,1637,43366167.11,36229.05,445.58571428571463,376.57142857142884,353.27380952380975,26.080952380952382,5.85,5.5,-0.04,82984.13,69.44
369,ReliableBazaar3501,Mid,East India,"Beauty,Sports,Electronics,Home",4.99,2341,3281,224176570.8,95761.03,878.3071428571427,732.0476190476193,666.9452380952382,69.26904761904763,7.89,6.24,0.0,200950.42,86.28
370,SmartBazaar6353,Premium,West India,"Electronics,Grocery,Fashion",4.94,1832,2527,53172280.44,29024.17,679.9071428571431,565.9642857142859,520.261904761905,47.36904761904761,6.97,5.4,-0.01,121509.88,66.47
371,MegaRetail2412,Mid,West India,"Sports,Electronics,Home,Beauty,Fashion,Grocery",4.05,632,871,13628824.94,21564.6,242.86428571428573,205.1785714285714,186.55952380952374,18.61904761904762,7.67,5.36,-0.03,44066.25,69.73
372,EliteStore1207,Premium,South India,"Grocery,Sports,Electronics,Fashion",3.79,641,877,17027128.37,26563.38,251.952380952381,210.02142857142852,192.55476190476185,17.833333333333332,7.08,6.47,-0.04,60825.61,95.04
373,ExpressCommerce9568,Premium,Central India,Fashion,4.43,587,817,23793303.53,40533.74,218.17619047619044,186.61428571428567,173.23571428571424,14.12857142857143,6.48,5.19,-0.02,36890.97,62.85
374,TechCommerce8034,Long Tail,East India,"Home,Fashion,Sports,Electronics,Grocery,Beauty",4.37,180,282,7462170.69,41456.5,71.75238095238095,63.53333333333333,60.38333333333334,3.1500000000000004,4.39,5.5,-0.1,14263.15,79.24
375,ApexImports2262,Premium,West India,Home,4.72,715,1021,5897325.04,8248.01,275.67380952380955,230.6642857142857,213.3285714285714,17.83571428571429,6.47,4.98,0.01,44051.34,61.7
376,FutureHub5179,Mid,North India,"Home,Electronics,Beauty,Sports,Grocery",4.08,123,178,12385437.51,100694.61,49.73333333333334,41.89047619047619,40.47380952380952,1.4166666666666665,2.85,5.05,-0.19,8023.55,65.23
377,TechRetail1753,Long Tail,West India,"Sports,Electronics,Fashion,Home,Grocery,Beauty",3.89,743,1001,9354364.89,12589.99,266.49523809523816,225.26428571428568,201.54999999999998,24.547619047619044,9.21,5.41,0.04,45418.97,61.29
378,ValueRetail6272,Premium,South India,"Fashion,Sports,Electronics,Home",4.88,1636,2268,44478552.11,27187.38,612.1976190476195,515.17380952381,473.41904761904794,42.254761904761914,6.9,5.58,0.02,114499.38,70.07
379,NationalImports1862,Long Tail,South India,"Home,Sports,Electronics,Grocery,Fashion,Beauty",4.2,138,181,1284354.82,9306.92,53.21428571428572,42.114285714285714,40.614285714285714,1.5,2.82,6.26,-0.16,11796.75,85.48
380,DigitalCommerce2415,Mid,Central India,"Electronics,Beauty,Sports,Fashion,Home",4.56,40,50,1609283.05,40232.08,14.161904761904763,11.161904761904763,9.245238095238095,2.4166666666666665,17.06,5.94,-0.06,3028.95,75.72
381,GlobalMart5979,Mid,Central India,Home,3.72,318,436,2177535.13,6847.59,116.52380952380952,98.44761904761903,94.79761904761902,4.550000000000001,3.9,5.3,-0.12,21466.77,67.51
382,ReliableEnterprise5016,Long Tail,South India,"Home,Grocery,Beauty,Electronics",4.45,1395,1903,11668511.23,8364.52,530.5761904761907,446.1071428571432,410.55952380952414,37.547619047619044,7.08,5.17,-0.02,90395.52,64.85
383,TechCommerce1023,Long Tail,West India,"Electronics,Fashion,Home,Beauty",3.7,2182,3073,68764277.03,31514.33,818.5428571428573,688.4928571428576,637.7214285714289,52.52142857142858,6.42,5.52,-0.01,151276.84,69.46
384,ExpressKart3332,Long Tail,East India,"Sports,Home,Electronics,Beauty,Grocery,Fashion",4.29,195,267,8481115.09,43492.9,72.79761904761905,60.23571428571429,54.485714285714295,5.75,7.9,5.35,-0.03,12810.19,65.69
385,NationalSupply7102,Long Tail,West India,Fashion,4.25,1705,2378,148744651.05,87240.26,636.8857142857147,538.6833333333337,497.4071428571433,41.94285714285714,6.59,5.17,-0.02,104094.06,61.16
386,UrbanBazaar3187,Long Tail,West India,Grocery,3.61,682,931,6386616.75,9364.54,265.66666666666674,221.4928571428571,207.16904761904755,14.466666666666667,5.45,6.05,-0.04,56071.67,82.46
387,NextMart5276,Mid,East India,"Grocery,Electronics,Beauty,Home,Sports",4.71,552,763,3525592.09,6386.94,199.43095238095233,163.8190476190476,150.57619047619045,13.442857142857143,6.74,5.21,0.0,32682.28,59.21
388,FastRetail2223,Mid,South India,"Sports,Home,Grocery,Fashion",4.32,101,143,616158.93,6100.58,36.923809523809524,29.340476190476192,26.271428571428576,3.7690476190476194,10.21,5.62,0.0,7396.84,73.24
389,SuperCommerce7660,Long Tail,North India,"Electronics,Fashion,Sports,Beauty,Grocery",3.57,781,1060,5479037.38,7015.41,291.7476190476191,244.38333333333333,222.71428571428567,21.919047619047618,7.51,5.25,-0.02,50707.89,64.93
390,SuperMart2964,Long Tail,North India,"Fashion,Beauty,Home",4.17,764,1023,2843054.37,3721.28,289.2380952380953,237.33809523809526,212.13333333333333,26.204761904761906,9.06,6.37,0.01,69611.44,91.11
391,PrimeExports5066,Long Tail,East India,"Home,Grocery,Electronics,Beauty,Fashion,Sports",3.57,599,829,116782570.86,194962.56,223.95238095238088,184.67857142857136,167.94285714285706,16.735714285714284,7.47,5.87,-0.04,45275.66,75.59
392,QuickWholesale8408,Long Tail,Central India,"Electronics,Home,Grocery,Sports,Beauty",4.97,1297,1768,6184025.64,4767.95,502.8119047619051,423.7261904761908,383.94761904761936,40.87857142857142,8.13,5.14,0.02,80888.58,62.41
393,UrbanKart2010,Mid,South India,"Fashion,Electronics,Beauty,Grocery,Home",4.78,67,100,3550673.96,52995.13,25.854761904761904,18.988095238095237,17.288095238095238,1.7,6.58,6.15,0.07,4929.8,73.58
394,PrimeMarketplace5240,Long Tail,North India,"Beauty,Home",4.94,227,314,10330163.3,45507.33,87.45,70.3142857142857,64.33809523809525,6.976190476190476,7.98,5.85,-0.04,16919.21,74.53
395,SuperEnterprise3110,Mid,North India,Fashion,4.93,106,149,2362593.15,22288.61,46.44047619047618,39.357142857142854,37.10714285714286,2.25,4.84,5.54,0.07,8143.6,76.83
396,MegaHub8096,Long Tail,West India,"Electronics,Sports,Beauty",4.57,1037,1426,13779497.74,13287.85,396.56428571428586,335.04047619047634,306.42142857142863,30.11904761904762,7.59,6.29,-0.0,92643.96,89.34
397,ValueHub6799,Long Tail,South India,Beauty,4.35,1268,1732,56968058.45,44927.49,479.3000000000003,412.2023809523813,383.2404761904765,29.295238095238098,6.11,5.13,-0.01,82702.92,65.27
398,MegaMarketplace5026,Long Tail,East India,"Home,Beauty,Fashion",4.16,2276,3162,14756721.8,6483.62,868.3666666666669,736.1333333333336,667.1595238095241,69.67380952380952,8.02,6.2,0.02,196874.09,86.73
399,FastSupply3248,Long Tail,West India,"Grocery,Beauty,Electronics,Sports",3.61,104,141,1895440.66,18225.39,38.57857142857143,30.902380952380952,29.952380952380953,0.95,2.46,5.56,-0.06,7217.58,69.4
400,ReliableEnterprise8940,Long Tail,East India,"Grocery,Fashion,Electronics,Sports,Home,Beauty",4.97,642,884,2299771.02,3582.2,242.77857142857144,202.58333333333326,188.15714285714284,14.676190476190477,6.05,5.3,-0.01,39744.45,61.91
401,ModernMarketplace4588,Mid,North India,"Home,Beauty,Sports,Electronics,Grocery",4.69,98,152,1253984.37,12795.76,38.564285714285724,34.0452380952381,31.77857142857143,2.2666666666666666,5.88,6.36,0.01,8750.89,89.29
402,ApexRetail3615,Long Tail,North India,"Electronics,Beauty,Home",4.92,1162,1568,48633418.67,41853.2,434.71428571428606,370.7666666666669,345.509523809524,25.590476190476192,5.89,5.25,-0.03,73144.08,63.06
403,EliteHub4875,Long Tail,Central India,"Fashion,Home,Electronics,Beauty,Sports,Grocery",4.28,630,888,19968339.59,31695.78,240.7,206.06190476190474,191.25238095238097,15.476190476190474,6.43,6.54,-0.03,58911.75,93.66
404,ApexRetail9064,Long Tail,Central India,"Sports,Home,Electronics,Grocery,Fashion,Beauty",4.64,66,95,7864960.93,119166.07,26.902380952380952,22.869047619047617,21.14285714285714,1.726190476190476,6.42,5.21,0.09,4049.16,61.35
405,PrimeKart4811,Mid,Central India,"Beauty,Electronics",4.22,673,908,16840715.31,25023.35,246.17142857142855,210.64523809523806,193.89047619047614,17.33809523809524,7.04,4.95,-0.0,40898.95,60.77
406,ExpressKart6435,Long Tail,Central India,Grocery,3.87,188,268,2585457.09,13752.43,73.61666666666667,60.76428571428572,55.48095238095238,5.283333333333333,7.18,6.22,-0.01,17275.8,91.89
407,ModernKart1359,Mid,South India,"Home,Fashion",4.5,105,129,1188694.89,11320.9,38.10714285714286,32.00714285714286,28.054761904761904,3.9523809523809526,10.37,5.82,0.06,8028.82,76.46
408,ApexStore6514,Premium,East India,"Fashion,Electronics,Home,Grocery,Sports,Beauty",4.35,57,74,129035.86,2263.79,19.445238095238096,14.635714285714284,13.269047619047619,1.3666666666666667,7.03,4.91,-0.09,3376.13,59.23
409,ExpressImports6198,Long Tail,South India,"Fashion,Beauty",4.25,258,338,6339556.48,24571.92,99.2904761904762,84.04523809523809,77.8452380952381,6.4,6.45,5.76,-0.05,19965.06,77.38
410,QuickMart5825,Premium,South India,"Sports,Grocery,Home,Electronics,Beauty",3.51,59,83,400076.22,6780.95,22.6,20.483333333333334,19.333333333333332,1.15,5.09,4.75,0.13,3703.51,62.77
411,VertexCommerce4619,Mid,Central India,"Electronics,Grocery,Beauty,Home,Sports,Fashion",4.89,1722,2423,96431449.66,55999.68,645.809523809524,535.9380952380956,501.60476190476226,36.28333333333333,5.62,5.04,-0.05,102624.64,59.77
412,FutureCommerce3750,Long Tail,North India,"Fashion,Home,Electronics,Beauty",4.45,131,174,1021999.36,7801.52,54.449999999999996,43.790476190476184,42.040476190476184,1.75,3.21,5.17,-0.11,9248.26,70.6
413,NextExports2110,Long Tail,East India,"Sports,Home,Beauty,Electronics,Fashion,Grocery",3.98,155,213,4805216.62,31001.4,61.38333333333333,52.97380952380952,49.14047619047619,3.833333333333333,6.24,5.56,0.0,11086.93,71.53
414,TechKart7323,Long Tail,West India,Sports,4.59,92,114,3436857.5,37357.15,35.095238095238095,31.645238095238092,31.05238095238095,0.5928571428571429,1.69,5.82,-0.1,7486.32,81.37
415,FutureBazaar7149,Long Tail,North India,"Fashion,Beauty,Grocery,Sports",4.14,678,912,107372473.8,158366.48,250.82380952380953,203.3690476190476,187.02380952380946,17.345238095238095,6.92,6.23,-0.01,55676.3,82.48
416,PrimeEnterprise1547,Long Tail,East India,"Grocery,Fashion,Sports,Beauty",4.22,787,1096,3517669.66,4469.72,300.82380952380964,252.55714285714285,234.29761904761904,21.20952380952381,7.05,5.56,-0.03,52173.33,66.29
417,ModernHub7151,Mid,South India,"Home,Electronics,Grocery",3.68,531,712,2723849.79,5129.66,204.38571428571422,171.91428571428565,158.17380952380947,13.907142857142857,6.8,5.97,0.06,44219.9,83.28
418,PrimeCommerce8909,Mid,North India,Grocery,4.1,750,1031,2856235.56,3808.31,273.16666666666674,231.32857142857142,212.5928571428571,18.735714285714284,6.86,5.25,-0.04,48467.4,64.62
419,ModernRetail4112,Long Tail,West India,"Fashion,Grocery,Beauty,Electronics,Home,Sports",4.99,786,1126,17578206.34,22364.13,284.7285714285715,244.98571428571432,224.19761904761907,21.788095238095238,7.65,5.46,0.01,51940.03,66.08
420,DigitalRetail2571,Long Tail,North India,"Sports,Grocery,Home,Beauty,Fashion",4.64,196,274,8558059.58,43663.57,65.12142857142857,57.92857142857142,51.702380952380956,6.726190476190476,10.33,5.85,0.04,14203.61,72.47
421,TechSupply2435,Long Tail,East India,"Grocery,Beauty,Fashion,Electronics,Sports",4.09,87,124,830232.94,9542.91,33.392857142857146,28.666666666666668,25.25,3.4166666666666665,10.23,5.49,0.04,6319.59,72.64
422,GlobalHub5781,Long Tail,North India,"Sports,Grocery,Beauty,Electronics,Home,Fashion",4.88,281,395,15343016.15,54601.48,98.96190476190473,85.24285714285713,79.91666666666666,5.326190476190476,5.38,6.22,-0.05,21671.01,77.12
423,QuickTraders9013,Premium,East India,Home,4.37,642,852,2821829.89,4395.37,243.89285714285717,195.93095238095233,178.50952380952378,18.421428571428574,7.55,5.26,0.03,40664.11,63.34
424,EliteTraders1731,Long Tail,East India,"Grocery,Beauty,Fashion,Sports,Home,Electronics",4.68,174,253,1053197.01,6052.86,63.18333333333334,57.19047619047618,50.654761904761905,6.535714285714286,10.34,5.59,-0.04,11537.37,66.31
425,MegaHub2584,Premium,North India,"Home,Fashion,Sports,Beauty",4.35,1118,1529,7629241.45,6824.01,428.8238095238099,354.4880952380954,331.8761904761906,23.77857142857143,5.55,6.5,-0.04,111727.45,100.02
426,ReliableKart7342,Long Tail,Central India,"Grocery,Beauty,Fashion",4.48,604,828,8625404.64,14280.47,234.28095238095236,201.52380952380946,179.38571428571424,22.13809523809524,9.45,4.86,0.09,33520.75,55.5
427,PrimeSupply1568,Long Tail,Central India,"Sports,Beauty,Fashion,Grocery,Home",3.79,590,836,6769123.29,11473.09,224.12619047619046,191.25714285714284,175.68095238095233,15.576190476190478,6.95,6.26,0.02,50276.32,85.21
428,EliteHub4471,Long Tail,South India,"Grocery,Sports,Fashion,Electronics,Beauty",3.65,177,227,1501119.74,8480.9,71.55952380952381,57.30952380952381,52.826190476190476,4.483333333333333,6.27,5.42,-0.05,12564.28,70.98
429,PrimeImports8133,Mid,South India,Beauty,3.83,663,932,11751923.15,17725.37,250.17619047619047,216.05714285714282,198.47857142857137,18.745238095238097,7.49,5.38,-0.01,42690.1,64.39
430,QuickBazaar7510,Mid,Central India,"Fashion,Grocery,Home,Sports,Electronics,Beauty",3.55,1103,1500,13635365.25,12362.07,399.10476190476214,328.90000000000015,305.79761904761915,24.002380952380953,6.01,5.17,-0.02,67677.04,61.47
431,VertexMarketplace9561,Mid,West India,"Grocery,Beauty,Electronics",4.8,175,254,6678334.06,38161.91,67.0809523809524,55.13809523809524,52.654761904761905,2.65,3.95,5.73,-0.04,14621.66,83.55
432,ApexEnterprise2654,Long Tail,East India,"Fashion,Sports,Electronics,Beauty",4.93,589,797,7422032.06,12601.07,221.98571428571427,182.8285714285714,166.26666666666665,17.538095238095238,7.9,5.14,0.04,36766.38,62.42
433,ApexMarketplace8750,Long Tail,North India,"Home,Beauty,Sports,Fashion,Grocery",4.15,1168,1627,11166667.16,9560.5,433.18809523809557,368.1547619047622,338.0690476190478,30.752380952380953,7.1,5.94,-0.01,92080.53,78.97
434,MegaSupply6431,Mid,South India,"Beauty,Fashion,Sports",4.28,1158,1596,21418135.34,18495.8,450.0142857142861,385.3214285714287,355.4738095238097,30.014285714285716,6.67,5.37,-0.03,79156.55,68.42
435,DigitalMart9054,Premium,North India,"Beauty,Home,Grocery,Electronics,Fashion,Sports",3.92,60,86,1449748.01,24162.47,18.964285714285715,14.980952380952381,14.421428571428573,0.5595238095238095,2.95,6.98,-0.16,4954.41,82.57
436,SuperEnterprise6257,Long Tail,East India,"Fashion,Home",4.84,83,114,453595.65,5465.01,31.147619047619052,27.361904761904764,26.045238095238098,1.3166666666666667,4.23,5.07,-0.07,4723.52,56.91
437,GlobalDistribution7671,Premium,West India,"Grocery,Electronics,Fashion,Beauty",4.84,1706,2355,34050223.88,19959.1,614.0523809523813,520.5166666666671,478.20238095238125,43.907142857142865,7.15,5.26,-0.02,107176.74,62.86
438,NationalSupply3222,Long Tail,Central India,"Home,Electronics,Fashion,Grocery,Beauty",4.67,247,346,21372366.9,86527.8,98.25476190476188,80.4595238095238,77.2095238095238,3.25,3.31,5.98,-0.09,20441.18,82.76
439,NextKart8478,Long Tail,North India,"Electronics,Fashion,Grocery,Sports,Home",4.25,140,177,4960137.34,35429.55,52.457142857142856,42.06428571428572,39.07142857142857,2.992857142857143,5.71,6.85,-0.05,14346.92,102.48
440,TechRetail7102,Premium,West India,"Fashion,Home,Grocery,Sports,Beauty,Electronics",4.39,1272,1704,7762199.53,6102.36,480.0761904761908,392.9761904761907,355.87142857142874,40.3547619047619,8.41,6.35,0.02,114570.74,90.28
441,EliteWholesale5237,Premium,North India,"Fashion,Beauty,Home,Sports",4.0,1118,1516,3952082.32,3534.96,422.9285714285717,360.34047619047635,333.72619047619065,27.28095238095238,6.45,4.94,-0.01,63442.03,56.8
442,MegaHub4511,Long Tail,South India,Beauty,3.81,651,897,1606850.13,2468.28,250.19047619047615,217.397619047619,200.52857142857135,16.86904761904762,6.74,5.08,-0.02,40559.37,62.3
443,FastImports7709,Mid,Central India,"Sports,Fashion",3.6,782,1132,114524785.44,146451.13,291.49761904761914,244.49523809523814,223.15714285714282,23.45476190476191,8.05,5.7,0.05,57434.33,73.45
444,NextMart6004,Mid,East India,"Electronics,Beauty,Fashion,Home,Sports,Grocery",4.26,793,1103,10298529.0,12986.8,295.89047619047625,251.58333333333337,233.02857142857138,19.054761904761904,6.44,5.32,-0.04,49761.53,62.75
445,SuperMart9530,Long Tail,Central India,"Home,Beauty,Sports,Electronics",4.72,1182,1625,26611787.68,22514.2,463.03333333333364,386.2476190476193,350.31666666666683,37.180952380952384,8.03,5.95,0.04,94210.81,79.77
446,DigitalImports2771,Long Tail,West India,"Electronics,Sports,Home,Beauty,Fashion",4.0,707,989,13164923.61,18620.83,260.7190476190476,220.15714285714282,202.14523809523806,18.59523809523809,7.13,5.23,0.02,43612.82,61.86
447,FastImports5895,Long Tail,South India,"Home,Sports,Grocery",4.66,998,1383,5118744.3,5129.0,374.26190476190504,317.36904761904776,288.9119047619048,28.957142857142856,7.74,5.49,0.02,66977.33,67.25
448,SmartExports1417,Long Tail,West India,"Fashion,Electronics,Beauty,Home,Sports",3.73,165,235,6364713.67,38574.02,60.0095238095238,47.43095238095238,41.94761904761904,5.483333333333333,9.14,5.79,0.05,10549.0,63.93
449,MegaMarketplace4111,Mid,East India,"Beauty,Sports,Grocery",4.31,1162,1630,20127550.48,17321.47,452.73333333333375,377.1928571428574,354.5166666666669,24.37619047619048,5.38,5.25,-0.07,76583.55,65.96
450,EliteWholesale3967,Premium,East India,"Fashion,Grocery,Beauty,Home,Sports,Electronics",4.14,222,303,12143391.13,54699.96,78.85,68.55714285714286,64.27142857142857,4.2857142857142865,5.44,6.0,0.01,16622.89,74.88
451,ModernImports2463,Long Tail,South India,"Fashion,Home,Sports,Grocery",3.69,1143,1582,1953240.63,1708.87,437.0714285714289,373.19047619047643,346.88809523809533,26.46904761904762,6.06,5.05,-0.01,68939.51,60.42
452,ValueEnterprise6428,Long Tail,East India,"Sports,Home",3.5,61,114,2932639.83,48076.06,22.869047619047617,20.53571428571428,18.119047619047617,2.4166666666666665,10.57,5.54,0.07,3982.63,65.29
453,ApexMarketplace2166,Long Tail,West India,"Home,Beauty,Electronics,Fashion,Grocery",4.28,778,1087,83460985.87,107276.33,297.7666666666668,247.67142857142852,229.61666666666662,18.58809523809524,6.24,5.53,-0.03,55600.04,71.56
454,SmartHub4281,Long Tail,East India,"Electronics,Beauty,Home,Fashion,Sports",4.96,1377,1878,10303174.48,7482.33,514.8261904761907,448.8976190476193,416.5857142857145,34.221428571428575,6.65,5.64,-0.02,99229.28,72.17
455,PrimeTraders6449,Mid,South India,"Beauty,Fashion,Home,Sports,Electronics",3.96,137,204,3761038.82,27452.84,50.61904761904762,43.102380952380955,37.56904761904762,5.533333333333333,10.93,6.33,-0.03,10335.94,75.44
456,ApexEnterprise3595,Long Tail,West India,"Electronics,Sports,Beauty,Fashion,Grocery,Home",3.85,814,1148,10894850.22,13384.34,312.67857142857156,263.1714285714286,241.54285714285712,21.82857142857143,6.98,6.04,0.03,65365.14,80.3
457,VertexSupply8035,Premium,West India,Fashion,4.59,1202,1672,72041796.61,59934.94,451.88095238095264,376.14523809523837,347.0476190476192,30.930952380952377,6.84,5.09,0.0,76652.63,63.77
458,GlobalExports7112,Long Tail,North India,"Beauty,Electronics,Grocery,Home",3.84,1136,1603,59389748.61,52279.71,417.3452380952383,352.3928571428573,318.3119047619049,34.91428571428571,8.37,5.29,0.01,75138.84,66.14
459,NextExports6641,Premium,East India,"Fashion,Electronics,Grocery,Home,Beauty",4.61,1307,1805,20714999.74,15849.27,487.4214285714289,407.9928571428574,373.8333333333335,35.99285714285715,7.38,5.15,-0.04,79723.52,61.04
460,NationalMarketplace6015,Mid,South India,Beauty,4.13,1122,1590,49315693.51,43953.38,410.42380952380984,347.2690476190479,317.7642857142859,29.647619047619045,7.22,5.76,-0.07,85116.91,76.07
461,DigitalTraders9524,Mid,Central India,Home,3.99,1145,1545,14953642.54,13059.95,437.6214285714289,370.509523809524,342.08095238095257,29.795238095238098,6.81,5.36,-0.03,79753.0,69.71
462,ExpressCommerce4087,Long Tail,South India,"Beauty,Fashion,Home",4.73,181,262,1845857.49,10198.11,69.72619047619047,57.20952380952381,53.99999999999999,3.2095238095238097,4.6,6.24,-0.12,17491.9,96.64
463,SmartRetail1359,Long Tail,Central India,"Electronics,Fashion,Grocery,Home",4.06,570,795,2983726.99,5234.61,218.35714285714283,180.2428571428571,167.81666666666663,12.426190476190477,5.69,5.02,-0.01,32296.53,56.66
464,MegaSupply5190,Long Tail,Central India,"Electronics,Home",4.71,122,169,6476878.44,53089.17,40.390476190476186,36.74047619047619,32.69761904761905,4.042857142857143,10.01,5.38,0.01,8095.81,66.36
465,MegaImports2771,Long Tail,North India,Grocery,4.63,736,1017,5603433.22,7613.36,269.8285714285715,227.5952380952381,208.53571428571428,19.80952380952381,7.34,5.75,0.0,52319.66,71.09
466,ExpressExports3508,Mid,South India,"Electronics,Beauty,Grocery,Fashion,Sports,Home",4.39,604,851,4571206.82,7568.22,225.06666666666663,195.6880952380952,176.08809523809518,20.1,8.93,5.88,0.03,45785.57,75.8
467,VertexMarketplace3247,Mid,West India,"Sports,Electronics,Home,Fashion,Grocery,Beauty",3.62,110,149,11730891.98,106644.47,41.68809523809524,36.12142857142857,34.22142857142857,1.9,4.56,4.69,-0.04,7219.19,65.63
468,VertexStore5631,Long Tail,North India,Grocery,4.56,132,192,790262.87,5986.84,44.404761904761905,39.385714285714286,36.73571428571429,2.6500000000000004,5.97,5.1,-0.1,7913.56,59.95
469,GlobalMarketplace4272,Mid,East India,Beauty,4.67,1195,1686,15186275.06,12708.18,440.5547619047622,370.41904761904783,339.7690476190478,31.79285714285714,7.22,5.7,0.02,85652.85,71.74
470,MegaBazaar9132,Long Tail,South India,"Fashion,Home,Beauty,Sports,Electronics",4.93,767,1064,3995305.03,5209.0,286.77857142857147,245.04285714285712,227.4595238095238,17.583333333333332,6.13,4.99,-0.04,47141.53,61.54
471,PrimeDistribution2809,Premium,Central India,"Home,Fashion,Electronics,Beauty",3.9,206,282,1720695.9,8352.89,72.80952380952381,64.05714285714285,57.10714285714286,6.95,9.55,5.25,0.03,14183.67,68.85
472,UrbanDistribution5192,Long Tail,South India,"Fashion,Electronics,Grocery,Home",3.94,678,982,3128190.15,4613.85,255.20952380952377,212.26190476190467,190.4571428571428,22.054761904761907,8.64,5.26,0.05,44010.87,65.01
473,UrbanWholesale3862,Premium,North India,"Home,Beauty,Electronics",4.64,1191,1615,29116232.66,24446.88,445.78095238095267,380.59047619047647,353.6380952380954,27.485714285714288,6.17,5.18,-0.03,74971.6,63.11
474,UrbanStore1751,Long Tail,North India,"Home,Sports,Beauty",4.27,693,934,11956459.78,17253.19,255.49761904761908,210.79999999999995,198.34999999999994,13.350000000000001,5.23,5.13,-0.08,42666.41,61.57
475,ModernCommerce8171,Long Tail,Central India,"Sports,Fashion",4.05,645,947,2995237.12,4643.78,236.79047619047614,198.94999999999996,182.49761904761903,16.95238095238095,7.16,4.91,-0.02,37460.66,58.08
476,QuickTraders5453,Long Tail,West India,"Electronics,Home,Grocery,Sports,Beauty,Fashion",4.74,727,993,71317040.17,98097.72,277.002380952381,227.88809523809522,204.93571428571425,24.28571428571428,8.77,6.03,-0.02,57607.46,79.24
477,MegaWholesale3611,Premium,North India,"Beauty,Fashion,Electronics,Sports",4.57,1276,1779,20192104.22,15824.53,464.414285714286,393.2976190476192,364.0642857142859,31.733333333333334,6.83,5.46,-0.01,85357.08,67.0
478,FutureMarketplace1472,Long Tail,South India,"Beauty,Grocery,Sports,Electronics,Fashion",4.88,135,193,494099.98,3660.0,48.976190476190474,41.25952380952381,38.67619047619047,2.5833333333333335,5.27,6.22,-0.08,10069.68,74.59
479,PrimeMart6148,Long Tail,North India,"Electronics,Beauty,Grocery,Sports",4.59,619,879,3754972.35,6066.19,239.86904761904762,202.87142857142854,190.4452380952381,12.926190476190476,5.39,5.0,0.04,37303.05,60.26
480,ValueImports5072,Long Tail,West India,"Grocery,Sports,Fashion,Home,Beauty,Electronics",3.91,1182,1649,209414344.44,177169.5,451.4690476190479,387.70952380952406,356.7357142857145,31.55714285714285,6.99,5.5,-0.01,81315.5,68.91
481,EliteBazaar8688,Long Tail,West India,"Sports,Beauty,Fashion,Home,Electronics,Grocery",3.79,685,944,2403961.57,3509.43,254.4857142857143,207.37857142857138,193.94761904761899,14.68095238095238,5.77,6.27,-0.01,58534.17,85.45
482,ModernRetail6421,Long Tail,East India,"Electronics,Beauty",4.0,80,124,133211.15,1665.14,26.68095238095238,23.57142857142857,21.621428571428574,2.283333333333333,8.56,5.41,0.01,5242.8,65.53
483,PrimeTraders8277,Long Tail,Central India,"Fashion,Grocery,Beauty,Sports,Electronics",4.78,679,925,6457067.32,9509.67,260.4452380952381,221.18571428571428,206.21666666666667,15.385714285714286,5.91,5.11,0.0,44288.06,65.23
484,SuperCommerce2944,Long Tail,West India,Beauty,4.59,774,1058,4358803.81,5631.53,291.7785714285715,248.34523809523813,223.81666666666666,24.97857142857143,8.56,5.3,0.04,50824.6,65.75
485,PrimeEnterprise5990,Long Tail,Central India,"Electronics,Sports,Beauty,Fashion,Grocery,Home",4.92,203,294,6311137.33,31089.35,77.68571428571428,68.54047619047618,61.64047619047619,6.9,8.88,5.48,0.02,14574.69,71.8
486,ModernCommerce1889,Long Tail,South India,"Sports,Beauty",4.07,686,938,12315398.83,17952.48,261.3833333333334,218.69047619047612,202.76904761904757,17.004761904761907,6.51,5.21,-0.04,43496.61,63.41
487,FutureExports8414,Premium,North India,"Home,Grocery,Beauty,Sports",4.68,625,823,116840087.47,186944.14,225.2166666666666,182.70952380952372,167.20476190476185,17.088095238095235,7.59,5.36,0.03,40718.91,65.15
488,UrbanKart3689,Mid,West India,"Fashion,Electronics,Home,Sports,Beauty,Grocery",4.08,618,855,1466763.14,2373.4,228.7166666666666,194.10476190476186,175.54047619047617,19.39761904761905,8.48,5.32,0.03,37545.12,60.85
489,UrbanDistribution7437,Long Tail,South India,"Sports,Beauty,Electronics,Fashion,Grocery,Home",4.76,82,119,13264160.2,161758.05,26.992857142857144,20.390476190476193,19.247619047619047,1.1428571428571428,4.23,5.78,0.06,5605.02,68.35
490,UrbanEnterprise7790,Long Tail,North India,"Sports,Home",4.56,628,872,8241590.51,13123.55,225.13095238095235,188.85952380952378,169.4380952380952,19.871428571428574,8.83,6.81,0.05,62888.35,100.3
491,TechBazaar1795,Long Tail,Central India,"Grocery,Electronics,Beauty,Fashion,Sports,Home",4.16,1081,1496,22215825.61,20551.18,411.36428571428604,352.2952380952383,329.5023809523811,23.45952380952381,5.7,6.39,-0.03,97937.37,90.77
492,SmartStore7347,Long Tail,Central India,"Beauty,Grocery,Fashion,Home,Electronics",4.56,47,68,551840.51,11741.29,18.976190476190478,16.30952380952381,15.30952380952381,1.0,5.27,5.53,-0.05,3454.46,73.5
493,VertexDistribution5067,Mid,East India,"Grocery,Beauty,Sports",4.32,1233,1683,6301409.71,5110.63,469.18333333333374,396.4404761904765,367.7690476190479,30.571428571428577,6.52,5.49,-0.02,82720.2,67.09
494,SmartSupply9393,Mid,East India,"Home,Beauty,Fashion",3.58,732,1033,10335808.71,14119.96,278.49047619047616,240.7119047619047,216.71428571428567,23.997619047619047,8.62,5.75,0.02,52425.86,71.62
495,FutureDistribution3173,Long Tail,South India,"Grocery,Home,Fashion,Electronics,Sports,Beauty",4.58,1782,2458,80103869.71,44951.67,669.6380952380955,560.7023809523814,518.8619047619051,42.50714285714287,6.35,6.11,-0.02,145190.39,81.57
496,ApexMarketplace7839,Mid,Central India,"Sports,Home,Electronics,Fashion,Grocery",3.77,103,141,4595632.98,44617.8,42.37857142857142,36.095238095238095,35.06190476190476,2.033333333333333,4.8,5.57,-0.08,7263.73,70.52
497,QuickHub1869,Long Tail,North India,"Electronics,Grocery,Sports,Beauty",4.33,728,986,14721078.48,20221.26,264.2428571428572,224.12142857142854,204.27619047619044,20.095238095238095,7.6,5.4,0.02,50273.58,69.06
498,SmartWholesale2016,Premium,East India,"Fashion,Home,Grocery",3.7,100,147,556076.12,5560.76,36.04285714285714,30.726190476190474,27.942857142857143,2.7833333333333337,7.72,6.13,-0.02,9821.42,98.21
499,ReliableSupply4892,Long Tail,Central India,"Electronics,Home,Beauty,Sports,Grocery",3.74,26,35,441997.84,16999.92,5.9523809523809526,4.335714285714285,3.5857142857142854,0.75,12.6,6.89,-0.05,1819.94,70.0
500,ReliableKart1212,Long Tail,East India,"Home,Electronics,Beauty,Fashion,Sports,Grocery",3.94,117,157,2153263.79,18403.96,47.10952380952381,37.900000000000006,37.25,0.65,1.38,5.63,-0.16,8548.11,73.06
501,GlobalMart8353,Long Tail,South India,"Beauty,Fashion,Home,Sports,Electronics",4.51,104,141,5352220.92,51463.66,40.8547619047619,35.19523809523809,34.128571428571426,1.0666666666666667,2.61,5.49,-0.04,6529.74,62.79
502,EliteExports9418,Long Tail,North India,Fashion,3.88,1207,1652,27051419.65,22412.11,458.7333333333336,393.6071428571431,360.78571428571445,33.154761904761905,7.23,6.19,0.01,108879.9,90.28
503,FastBazaar5329,Mid,South India,Beauty,4.36,664,941,1458550.85,2196.61,253.67380952380955,212.50952380952373,195.3809523809523,17.32857142857143,6.83,5.32,0.02,43510.91,65.73
504,MegaHub6285,Long Tail,Central India,"Home,Electronics,Sports,Fashion,Grocery",4.86,39,58,857275.85,21981.43,14.652380952380954,14.06904761904762,12.06904761904762,2.0,13.65,7.46,0.16,4710.94,120.79
505,ModernBazaar4603,Long Tail,South India,"Grocery,Home,Beauty,Sports,Fashion,Electronics",4.51,1215,1644,7944559.71,6538.73,448.32619047619073,378.92142857142875,345.0928571428573,34.57857142857143,7.71,5.14,0.0,70466.81,58.0
506,EliteSupply9897,Mid,Central India,Grocery,4.32,1199,1635,21605733.26,18019.79,449.55952380952414,372.96904761904784,339.66190476190485,34.60000000000001,7.7,6.18,0.02,100240.02,83.74
507,NextDistribution4495,Long Tail,East India,Home,3.96,1203,1691,89842403.2,74681.96,449.14285714285745,389.03333333333353,356.9690476190479,32.99285714285715,7.35,6.73,0.01,119895.73,99.75
508,ReliableWholesale1144,Long Tail,North India,"Home,Fashion,Beauty",4.43,667,931,3133087.39,4697.28,260.6952380952381,216.25238095238092,205.25952380952378,11.65952380952381,4.47,5.85,-0.12,52895.63,79.54
509,MegaImports6258,Long Tail,West India,"Beauty,Fashion,Grocery",4.6,1160,1580,72526237.57,62522.62,432.8285714285717,358.3904761904764,330.60476190476203,29.652380952380952,6.85,6.24,-0.01,99350.52,85.79
510,FastBazaar5633,Long Tail,North India,Beauty,3.6,589,819,3625843.16,6155.93,220.76666666666668,184.3880952380952,172.54285714285712,12.178571428571429,5.52,5.87,-0.02,42769.72,72.61
511,ExpressKart5856,Long Tail,South India,"Grocery,Sports,Beauty",3.93,751,1045,124385385.48,165626.35,277.9119047619048,228.74761904761903,207.43571428571423,21.97857142857143,7.91,5.32,0.05,47544.31,63.31
512,PrimeRetail4492,Long Tail,West India,"Electronics,Sports,Fashion,Home,Grocery",4.53,196,273,5184621.33,26452.15,79.53333333333333,61.39761904761905,56.471428571428575,4.926190476190476,6.19,5.5,-0.04,14272.74,72.82
513,ReliableWholesale8130,Long Tail,North India,Fashion,3.58,142,193,3683756.78,25941.95,50.776190476190486,40.266666666666666,38.06666666666667,2.1999999999999997,4.33,6.11,-0.07,11696.61,82.37
514,PrimeStore1889,Long Tail,South India,"Fashion,Electronics,Beauty,Home,Sports,Grocery",4.92,818,1154,5446215.83,6657.97,301.80238095238104,254.18095238095242,236.69285714285715,17.988095238095237,5.96,5.27,0.01,53254.48,65.1
515,FastSupply7357,Premium,West India,"Grocery,Electronics,Fashion",4.51,1767,2487,97473949.72,55163.53,648.1857142857144,537.5214285714289,483.35476190476226,54.91666666666667,8.47,6.77,0.01,174526.21,98.88
516,UrbanBazaar1096,Premium,Central India,"Beauty,Home,Electronics,Fashion",3.8,628,853,9201976.62,14652.83,226.91904761904757,192.2380952380952,171.86904761904756,20.36904761904762,8.98,5.27,0.05,38453.59,61.23
517,DigitalMarketplace2417,Mid,East India,"Grocery,Electronics,Sports,Fashion,Beauty,Home",4.63,1156,1604,12401550.51,10727.98,447.2738095238099,380.1785714285716,352.609523809524,29.15238095238095,6.52,5.61,-0.01,81855.7,70.93
518,EliteBazaar4602,Long Tail,South India,"Beauty,Sports,Electronics,Fashion",3.92,74,101,6828552.02,92277.73,29.561904761904763,27.435714285714283,24.019047619047615,3.4166666666666665,11.56,6.78,-0.04,8829.51,119.32
519,FutureKart3316,Long Tail,North India,"Grocery,Home,Fashion,Beauty",4.15,703,968,5848920.33,8319.94,269.72380952380956,218.79999999999995,206.39523809523803,12.654761904761905,4.69,6.37,-0.03,63429.07,90.35
520,VertexSupply9800,Mid,Central India,Grocery,3.6,605,844,8526478.39,14093.35,230.59047619047612,194.07619047619045,178.7809523809523,15.795238095238092,6.85,5.56,-0.02,43857.83,72.73
521,ValueDistribution9397,Long Tail,South India,"Fashion,Home,Sports",3.77,710,969,3106726.44,4375.67,269.00952380952384,222.9452380952381,206.17619047619047,17.01904761904762,6.33,5.19,0.02,43506.32,61.28
522,FastRetail2877,Mid,South India,"Fashion,Grocery",3.67,712,970,8778404.27,12329.22,256.73809523809524,220.59761904761905,206.21190476190472,14.885714285714288,5.8,5.38,-0.03,44199.76,62.08
523,DigitalImports2103,Long Tail,East India,"Electronics,Grocery,Beauty,Home,Sports",4.61,1622,2237,85962312.45,52997.73,611.2071428571431,508.95952380952417,469.7547619047622,41.03809523809524,6.71,5.18,-0.01,102613.44,63.34
524,ExpressCommerce6851,Long Tail,South India,"Sports,Grocery",4.13,199,285,5766810.6,28978.95,72.77619047619046,60.04285714285713,53.916666666666664,7.126190476190477,9.79,6.22,0.05,15156.13,76.16
525,ModernTraders8383,Long Tail,East India,"Fashion,Electronics,Home,Beauty,Grocery,Sports",4.1,1776,2452,21673776.98,12203.7,670.2285714285715,564.1333333333337,521.661904761905,44.814285714285724,6.69,5.93,-0.02,146051.12,82.38
526,ValueHub1079,Long Tail,East India,"Home,Grocery,Fashion,Sports,Beauty,Electronics",3.81,133,184,9767901.66,73442.87,45.63809523809523,40.28809523809524,34.73809523809524,5.8,12.71,6.78,0.0,10832.92,81.45
527,FastWholesale6889,Long Tail,South India,"Sports,Beauty",3.9,1192,1657,30598537.46,25669.91,463.3738095238099,396.95476190476217,361.7500000000002,35.70476190476191,7.71,5.11,0.02,74046.81,62.22
528,ExpressBazaar2783,Mid,South India,"Home,Beauty,Grocery,Fashion,Sports,Electronics",4.49,844,1166,21429201.02,25390.05,332.17619047619064,279.12857142857155,257.2428571428572,22.385714285714283,6.74,5.86,-0.01,64209.68,76.08
529,FastExports2252,Premium,North India,"Electronics,Home,Fashion,Grocery,Sports",4.41,1718,2370,8749764.53,5092.99,640.4309523809527,528.5238095238099,479.78333333333376,51.607142857142854,8.06,6.26,-0.0,152099.35,88.58
530,MegaBazaar5269,Long Tail,Central India,"Sports,Electronics,Beauty,Home,Grocery",3.61,30,54,139750.21,4658.34,9.435714285714287,8.31904761904762,7.485714285714285,0.8333333333333333,8.83,6.35,0.0,1859.23,61.97
531,NextDistribution5767,Long Tail,South India,"Sports,Fashion,Home,Grocery",3.95,137,181,2076376.42,15156.03,52.95,43.34047619047619,38.890476190476186,4.449999999999999,8.4,5.91,0.08,10821.99,79.57
532,NextWholesale3717,Long Tail,Central India,"Grocery,Electronics,Beauty,Fashion,Sports",4.4,218,305,6618705.06,30361.03,87.73571428571428,72.01904761904763,64.70238095238095,7.316666666666666,8.34,5.96,0.03,19371.56,88.86
533,ExpressCommerce1662,Long Tail,South India,"Fashion,Sports,Grocery,Home",4.47,1626,2217,95184969.03,58539.34,609.97380952381,519.4119047619051,473.36428571428604,48.78095238095238,8.0,5.63,0.01,116107.16,71.45
534,NextKart4387,Long Tail,Central India,"Fashion,Electronics,Home,Sports",3.52,543,741,3209827.54,5911.28,211.81190476190477,181.09047619047618,169.5523809523809,12.204761904761904,5.76,4.76,-0.01,30753.06,56.64
535,MegaKart6309,Long Tail,North India,"Beauty,Sports,Grocery",3.88,1699,2314,162311041.73,95533.28,631.5333333333336,530.8904761904766,493.7095238095242,40.88095238095238,6.47,5.66,-0.03,119728.36,70.59
536,QuickImports7201,Long Tail,East India,"Sports,Home,Grocery,Beauty,Electronics",4.56,701,982,20097721.09,28670.07,260.96190476190475,226.15714285714284,202.98809523809518,25.16904761904762,9.64,5.12,0.03,44671.73,63.73
537,FutureWholesale6653,Long Tail,West India,"Electronics,Grocery,Home,Fashion,Sports,Beauty",3.97,98,145,4113322.89,41972.68,40.488095238095234,30.42142857142857,26.9952380952381,3.426190476190476,8.46,5.63,0.09,6327.38,64.57
538,EliteRetail2263,Mid,Central India,"Grocery,Electronics,Fashion,Beauty",4.4,592,819,85241440.23,143988.92,224.5880952380952,188.94999999999996,172.38809523809522,17.511904761904763,7.8,5.89,-0.02,47565.31,80.35
539,EliteCommerce2938,Long Tail,South India,"Fashion,Sports,Grocery",4.92,659,887,20437966.03,31013.61,240.85714285714286,200.85238095238088,191.18571428571425,9.866666666666667,4.1,6.2,-0.04,55080.83,83.58
540,ExpressTraders4452,Mid,Central India,"Sports,Electronics,Beauty",3.73,196,267,3188604.55,16268.39,73.99761904761904,65.96428571428572,63.654761904761905,2.3095238095238098,3.12,5.72,-0.06,14943.62,76.24
541,SmartImports9399,Long Tail,North India,"Beauty,Electronics,Fashion,Grocery,Home,Sports",4.6,1257,1749,108193693.31,86072.95,474.95476190476217,399.4880952380954,368.21190476190486,32.176190476190484,6.77,6.28,-0.02,114663.54,91.29
542,FastDistribution3949,Long Tail,Central India,"Electronics,Fashion",3.8,705,950,37852999.12,53692.2,272.8095238095238,234.44047619047615,217.13571428571427,17.304761904761904,6.34,5.63,-0.06,52891.29,75.02
543,SuperMarketplace8723,Mid,West India,"Grocery,Electronics,Home,Sports,Beauty",4.55,634,900,9517280.95,15011.48,241.4928571428571,193.50952380952378,177.34047619047618,17.169047619047618,7.11,7.18,0.02,71492.27,112.76
544,SmartEnterprise3979,Long Tail,Central India,"Beauty,Grocery",4.11,768,1056,5023062.56,6540.45,281.86428571428576,238.8166666666667,217.4642857142857,23.352380952380955,8.28,5.46,-0.02,50753.81,66.09
545,NextSupply7315,Long Tail,South India,"Home,Fashion,Sports,Grocery,Electronics",4.37,637,888,6795729.9,10668.34,238.26904761904763,201.34523809523805,183.27380952380946,19.104761904761904,8.02,5.07,0.0,39175.43,61.5
546,NationalWholesale9263,Mid,West India,Fashion,4.18,700,986,21173604.63,30248.01,268.34761904761905,220.29047619047614,203.647619047619,18.30952380952381,6.82,5.08,-0.01,41989.34,60.16
547,EliteTraders1639,Mid,Central India,"Grocery,Electronics",4.1,1120,1512,16093170.26,14368.9,398.09047619047635,331.552380952381,304.7761904761905,27.02619047619047,6.79,6.23,-0.01,93682.74,83.79
548,ExpressImports3135,Long Tail,Central India,Electronics,3.78,1242,1731,21161363.26,17038.13,462.22619047619077,384.33333333333354,355.3190476190478,29.347619047619048,6.35,5.18,-0.02,76334.74,61.71
549,ValueBazaar7892,Long Tail,East India,Sports,4.97,1219,1696,59149208.51,48522.73,457.09047619047664,385.1428571428574,356.93095238095253,28.545238095238098,6.24,6.37,-0.05,116524.19,95.75
550,NationalSupply4759,Long Tail,West India,Sports,3.51,1268,1713,16502610.13,13014.68,470.464285714286,393.2785714285717,357.9738095238096,37.47142857142857,7.96,6.42,0.0,119242.44,94.19
551,SmartMart8817,Long Tail,South India,"Home,Grocery,Electronics,Fashion",3.64,121,163,8186027.66,67653.12,46.5595238095238,38.31666666666668,34.89047619047619,3.426190476190476,7.36,5.36,-0.01,8153.68,67.39
552,VertexDistribution9908,Long Tail,West India,Home,4.87,264,371,2675784.98,10135.55,100.17380952380952,83.28809523809524,74.68571428571427,8.80238095238095,8.79,6.52,0.05,22991.6,87.09
553,ApexBazaar2930,Long Tail,Central India,"Electronics,Sports",3.89,1192,1661,29051792.91,24372.31,449.30952380952414,374.11190476190495,345.3047619047621,30.700000000000003,6.83,6.41,-0.02,109199.44,91.84
554,FutureStore3535,Long Tail,West India,"Sports,Fashion,Home,Grocery",4.59,206,288,9406358.91,45661.94,77.08333333333333,65.24761904761904,61.71428571428572,3.533333333333333,4.58,5.88,-0.11,16114.59,78.23
555,VertexMart7511,Long Tail,South India,"Home,Sports,Beauty,Grocery,Fashion",4.38,2314,3179,18848439.29,8145.39,886.6119047619048,744.7023809523811,688.8452380952383,60.10714285714286,6.78,5.3,-0.03,151999.41,65.8
556,FastMart6641,Long Tail,West India,"Grocery,Beauty,Fashion,Sports,Home",4.46,149,206,2588039.39,17369.39,54.27619047619047,48.10952380952381,45.32619047619048,2.783333333333333,5.13,6.1,-0.05,11750.36,78.86
557,NextTraders3650,Mid,North India,"Sports,Electronics",4.57,198,258,550079.8,2778.18,76.13095238095238,64.80238095238094,59.969047619047615,5.166666666666666,6.79,5.46,-0.02,12503.68,63.15
558,TechEnterprise2492,Premium,South India,"Beauty,Home,Electronics,Sports,Fashion",3.8,1148,1598,17482598.96,15228.74,429.1857142857145,362.207142857143,338.0023809523811,24.954761904761902,5.81,5.82,-0.04,85540.86,74.64
559,FutureStore1618,Long Tail,West India,"Beauty,Electronics,Grocery,Fashion,Sports",4.61,148,206,4559008.65,30804.11,56.490476190476194,50.67380952380952,50.05714285714286,0.6166666666666667,1.09,5.65,-0.13,11167.47,75.46
560,EliteImports9099,Long Tail,West India,"Sports,Grocery,Home,Beauty,Electronics",3.87,1672,2312,7288872.08,4359.37,617.6690476190481,523.564285714286,477.8452380952384,48.27857142857143,7.82,5.67,0.0,120430.35,72.11
561,DigitalRetail1550,Long Tail,Central India,"Sports,Grocery",3.91,1657,2292,44043920.6,26580.52,620.1976190476192,536.6809523809526,499.53571428571456,38.31190476190476,6.18,5.75,-0.05,125260.35,75.73
563,QuickMarketplace4281,Mid,Central India,"Beauty,Home,Sports",4.6,103,146,2762329.78,26818.74,36.50714285714286,32.34047619047619,29.747619047619047,3.0928571428571425,8.47,6.45,0.03,9693.74,94.11
564,FutureWholesale5530,Premium,South India,"Sports,Electronics,Grocery,Home,Fashion,Beauty",4.51,210,281,3621935.93,17247.31,76.71428571428572,69.0047619047619,60.871428571428574,8.133333333333333,10.6,5.3,0.12,13257.55,63.13
565,ApexKart5277,Mid,South India,"Beauty,Sports",4.93,139,190,717202.83,5159.73,56.12142857142857,45.18809523809524,41.404761904761905,3.783333333333333,6.74,5.03,-0.07,10416.35,74.94
566,ModernStore9409,Long Tail,East India,"Electronics,Grocery,Sports,Home,Fashion",4.71,174,239,10955938.2,62965.16,66.17380952380952,53.8547619047619,48.70476190476191,5.516666666666667,8.34,5.87,-0.02,15912.17,91.45
567,NextEnterprise6565,Mid,West India,"Grocery,Home,Beauty,Fashion,Sports",4.9,589,790,122477442.28,207941.33,220.28809523809522,185.28333333333327,168.497619047619,17.285714285714285,7.85,6.04,-0.02,45638.92,77.49
568,FastStore7269,Long Tail,South India,"Grocery,Electronics,Beauty,Sports",3.8,811,1149,17422222.58,21482.4,308.1761904761905,256.6690476190476,234.39047619047616,24.488095238095237,7.95,5.34,-0.0,54969.99,67.86
569,NextMart2523,Long Tail,West India,"Fashion,Home,Beauty,Sports,Electronics,Grocery",4.61,851,1178,18487662.87,21724.63,314.6166666666668,264.25,246.68095238095233,17.735714285714288,5.64,6.51,-0.07,81238.94,95.8
570,GlobalDistribution5408,Mid,South India,"Home,Electronics,Fashion,Beauty,Sports,Grocery",4.28,1112,1526,142149586.99,127832.36,403.96904761904784,338.8476190476192,311.7500000000001,27.847619047619048,6.89,5.4,0.02,71502.72,64.3
571,GlobalRetail4322,Long Tail,South India,"Fashion,Beauty,Sports,Electronics,Home,Grocery",4.06,642,889,28843820.84,44928.07,240.9309523809524,203.59047619047618,190.03095238095236,15.592857142857142,6.47,5.14,-0.02,43510.81,67.77
572,ExpressMarketplace1108,Long Tail,Central India,"Home,Fashion,Electronics,Beauty,Sports",4.38,608,835,703858.66,1157.66,238.63809523809522,198.32619047619045,179.60714285714283,19.71904761904762,8.26,4.89,0.02,35208.17,57.91
573,ApexWholesale5501,Mid,West India,"Home,Grocery,Sports,Fashion",3.9,95,123,1333928.33,14041.35,31.333333333333336,27.299999999999997,23.057142857142857,4.242857142857143,13.54,5.64,-0.01,6152.67,64.76
574,MegaBazaar7933,Long Tail,West India,"Home,Beauty,Fashion,Sports,Electronics",4.84,630,860,5751581.88,9129.5,237.8904761904762,198.7595238095238,178.5333333333333,20.642857142857142,8.68,6.45,0.01,56401.65,89.67
575,FutureSupply3863,Long Tail,West India,Grocery,4.68,1617,2286,22380925.57,13841.02,613.7047619047622,510.7880952380956,473.9500000000004,37.87142857142857,6.17,5.52,-0.03,110868.86,68.95
576,GlobalSupply2650,Long Tail,East India,"Grocery,Beauty,Home,Sports,Electronics,Fashion",4.45,694,971,55896509.51,80542.52,257.92380952380955,208.74047619047616,190.84047619047615,18.042857142857144,7.0,5.72,0.05,50800.37,73.31
577,ExpressMarketplace6621,Mid,East India,"Home,Fashion,Sports,Electronics,Grocery",4.56,1732,2385,85709857.73,49486.06,645.4547619047622,535.6261904761909,489.1642857142861,48.7952380952381,7.56,6.59,0.01,155009.58,89.65
578,FutureCommerce7563,Long Tail,East India,"Beauty,Fashion,Sports,Home",4.16,1191,1676,68810412.46,57775.33,446.8904761904764,383.91904761904783,358.407142857143,25.911904761904765,5.8,6.94,-0.06,131943.52,110.88
579,ApexImports4744,Long Tail,North India,"Grocery,Fashion",4.9,1623,2263,126318845.65,77830.47,613.5547619047622,519.2047619047623,488.9666666666669,30.838095238095242,5.03,6.06,-0.05,137921.42,85.08
580,QuickRetail3389,Mid,South India,"Fashion,Grocery,Beauty",4.74,732,978,78524557.46,107273.99,278.5285714285714,229.61904761904756,206.30952380952374,23.642857142857146,8.49,5.53,0.02,51981.4,71.01
581,ValueTraders3203,Long Tail,Central India,Fashion,4.17,1070,1519,6589973.91,6158.85,387.78333333333353,337.47619047619065,318.3976190476192,20.02857142857143,5.16,5.16,-0.04,64455.07,60.41
582,UrbanExports3676,Long Tail,North India,"Home,Beauty,Sports,Fashion,Electronics,Grocery",3.95,122,169,3951989.96,32393.36,45.352380952380955,40.44285714285715,37.692857142857136,2.75,6.06,5.23,-0.1,9142.1,74.94
583,ModernMart6914,Long Tail,East India,"Beauty,Electronics,Sports",3.58,190,271,17975973.15,94610.39,63.661904761904765,51.95238095238095,48.71904761904762,3.2333333333333334,5.08,5.58,-0.04,13712.45,72.17
584,FutureWholesale4259,Mid,Central India,"Home,Sports,Electronics,Fashion,Beauty",4.89,1103,1514,11314810.98,10258.21,412.5595238095242,343.09047619047635,315.44761904761924,28.542857142857144,6.92,5.46,-0.03,76947.11,69.82
585,NationalTraders8322,Long Tail,North India,"Sports,Grocery,Fashion,Beauty,Home,Electronics",4.65,227,320,10480900.36,46171.37,86.13571428571427,76.92619047619047,70.74285714285715,7.183333333333334,8.34,5.82,-0.01,18886.38,83.2
586,ValueImports7631,Mid,North India,"Home,Beauty,Fashion,Electronics,Grocery",4.48,1306,1784,28938589.34,22158.18,475.9595238095242,395.714285714286,361.5976190476192,35.699999999999996,7.5,6.77,-0.02,126771.55,97.14
587,ModernCommerce5773,Premium,East India,"Home,Fashion",3.74,588,826,28106682.77,47800.48,218.38809523809516,183.99285714285708,166.7571428571428,17.635714285714283,8.08,7.59,-0.01,71754.39,122.03
588,EliteHub1378,Mid,South India,"Beauty,Home,Sports,Fashion,Grocery,Electronics",3.61,1151,1565,7417109.65,6444.06,428.5738095238098,358.43333333333345,322.04523809523823,36.38809523809524,8.49,5.83,0.04,81113.4,70.66
589,PrimeRetail3734,Mid,West India,"Sports,Home",4.5,612,852,30159789.0,49280.7,236.0380952380952,201.3428571428571,184.347619047619,16.995238095238093,7.2,5.43,0.08,42073.94,68.75
590,ExpressBazaar1881,Mid,North India,Electronics,4.72,1667,2358,156915186.69,94130.29,626.0523809523813,539.2095238095242,498.5761904761909,41.333333333333336,6.6,5.91,-0.02,128999.96,77.52
591,VertexHub2381,Mid,West India,"Grocery,Electronics,Sports,Fashion",3.67,98,143,1184310.55,12084.8,31.809523809523814,25.176190476190474,24.58333333333333,0.5928571428571429,1.86,6.16,-0.13,8332.6,85.03
592,SuperImports3071,Long Tail,South India,"Fashion,Home",3.96,575,801,2906898.25,5055.48,219.21904761904756,181.55476190476188,161.6952380952381,19.85952380952381,9.06,5.37,0.11,37968.62,66.15
593,FutureWholesale6328,Mid,West India,"Electronics,Sports",4.27,113,158,3296782.42,29175.07,39.84047619047619,35.207142857142856,30.86190476190476,4.545238095238095,11.41,6.01,0.0,8126.11,72.55
594,ApexMarketplace8480,Mid,Central India,"Home,Grocery,Beauty,Electronics,Sports",4.04,207,280,2559170.24,12363.14,76.27142857142857,65.12142857142858,56.96190476190476,8.15952380952381,10.7,7.02,0.07,21117.62,102.02
595,ReliableRetail2467,Long Tail,West India,"Sports,Grocery,Home,Fashion,Beauty",4.74,640,869,20560617.27,32125.96,241.70952380952377,211.69047619047615,192.90476190476187,18.785714285714285,7.77,5.27,-0.03,44735.4,69.9
596,DigitalKart1001,Long Tail,Central India,"Beauty,Home,Fashion",3.96,585,784,2239622.28,3828.41,210.05476190476188,181.62619047619043,163.7380952380952,17.888095238095236,8.52,5.44,-0.02,36971.46,63.2
597,ExpressBazaar1136,Long Tail,West India,"Home,Sports",4.93,620,888,139611258.69,225179.45,236.3642857142857,203.58571428571423,188.93095238095233,15.154761904761905,6.41,5.58,-0.02,44694.86,72.32
598,VertexRetail1118,Mid,Central India,"Home,Electronics,Beauty,Fashion",4.03,1669,2320,82567702.58,49471.36,631.32380952381,537.7285714285717,500.0095238095241,40.30238095238095,6.38,6.02,-0.03,135655.33,81.33
599,ValueSupply5094,Mid,South India,"Beauty,Grocery",4.91,135,187,8638122.61,63986.09,50.58095238095238,42.05476190476191,38.10476190476191,5.283333333333332,10.45,6.68,0.01,11773.2,87.86
600,ValueImports4924,Premium,Central India,"Sports,Beauty,Grocery,Electronics,Fashion,Home",3.65,799,1118,91505555.4,114525.1,301.27619047619055,251.14523809523808,231.23333333333332,19.91190476190476,6.61,5.83,0.02,61426.94,76.98
601,ValueRetail2121,Mid,South India,"Sports,Home,Grocery,Beauty,Fashion",4.33,626,861,3525623.34,5631.99,241.5357142857143,200.85952380952375,184.8833333333333,16.976190476190474,7.03,4.85,-0.05,38439.6,61.41
602,FastExports9060,Mid,South India,"Electronics,Beauty,Grocery",3.79,131,183,424448.34,3240.06,49.345238095238095,43.19523809523809,40.80238095238094,2.392857142857143,4.85,5.68,-0.13,9436.65,72.04
603,MegaBazaar1362,Mid,South India,Fashion,4.52,1069,1461,38285178.92,35814.01,400.88333333333367,335.89285714285734,305.7523809523811,32.2,8.03,6.1,0.01,82595.26,77.41
604,TechRetail2477,Premium,South India,"Home,Fashion,Beauty",4.79,692,927,10493296.46,15163.72,255.30476190476196,219.77857142857138,201.4833333333333,19.72142857142857,7.72,5.14,0.01,39653.19,57.3
605,ExpressCommerce8597,Mid,North India,"Fashion,Home,Beauty,Sports",4.16,2325,3181,57338572.38,24661.75,867.0047619047621,750.6166666666668,700.0166666666665,53.133333333333326,6.13,6.16,-0.03,200803.44,86.55
606,MegaMart7429,Long Tail,North India,Fashion,3.74,1591,2203,9505742.75,5974.7,608.1452380952385,505.8857142857146,469.32857142857165,37.557142857142864,6.18,5.08,0.03,89503.83,56.33
607,TechStore5078,Mid,West India,"Fashion,Sports,Home,Grocery",3.77,671,944,2069460.6,3084.14,249.27142857142854,211.07142857142853,192.54523809523803,18.726190476190474,7.51,5.71,-0.03,47746.2,71.16
608,UrbanBazaar4415,Mid,West India,"Fashion,Electronics,Sports,Beauty",3.84,92,133,3615040.51,39293.92,33.67142857142857,25.111904761904764,22.302380952380954,3.1428571428571423,9.33,5.89,-0.06,7403.56,80.47
609,FastTraders5895,Long Tail,South India,"Home,Sports,Fashion,Grocery,Electronics,Beauty",3.75,1790,2489,16743334.46,9353.82,679.5619047619052,567.5642857142861,519.0785714285718,50.102380952380955,7.37,6.08,-0.01,149354.89,83.49
610,GlobalStore4866,Long Tail,West India,Sports,4.58,1249,1685,66397398.99,53160.45,475.264285714286,393.38809523809545,358.7380952380954,35.21666666666667,7.41,5.58,-0.01,87653.37,70.18
612,ApexEnterprise8786,Long Tail,Central India,"Electronics,Sports",3.63,626,895,3639530.68,5813.95,226.20476190476188,192.10952380952375,179.3904761904761,12.719047619047618,5.62,4.7,-0.07,34436.01,55.01
613,ExpressStore6544,Long Tail,North India,"Electronics,Fashion,Grocery",3.75,124,171,12980438.84,104680.96,49.228571428571435,40.7452380952381,38.18571428571429,2.5595238095238093,5.2,5.94,-0.03,9749.21,78.62
614,SmartTraders4812,Premium,East India,"Sports,Fashion,Electronics",3.86,76,92,215301.41,2832.91,28.111904761904764,23.678571428571427,22.785714285714285,0.8928571428571428,3.18,5.21,-0.1,4345.27,57.17
615,SmartMart1646,Long Tail,West India,"Home,Beauty,Fashion,Electronics,Grocery,Sports",3.66,1220,1721,39440729.46,32328.47,469.60000000000025,387.88095238095264,352.88333333333355,35.99761904761905,7.67,5.85,-0.01,97966.04,80.37
616,ApexHub9906,Long Tail,East India,"Grocery,Home,Beauty,Electronics",4.28,1552,2123,145449694.55,93717.59,587.9476190476194,493.35000000000036,464.88571428571447,29.047619047619047,4.94,5.44,-0.05,106383.12,68.68
617,DigitalWholesale5314,Premium,Central India,"Beauty,Home,Fashion,Electronics,Grocery,Sports",3.87,664,939,4531501.77,6824.55,249.14761904761903,214.00238095238092,194.3428571428571,19.65952380952381,7.89,5.04,-0.04,40557.48,61.08
618,EliteDistribution1306,Mid,Central India,"Electronics,Grocery,Beauty,Home",4.09,1223,1675,89985249.32,73577.47,454.959523809524,378.4166666666668,341.99047619047633,37.769047619047626,8.3,5.73,0.04,89446.5,73.26
619,PrimeImports9830,Long Tail,West India,"Grocery,Fashion,Home",3.83,680,925,1778571.27,2615.55,252.5738095238095,212.9833333333333,199.54999999999998,14.266666666666666,5.65,5.61,-0.03,49104.7,72.21
620,ModernSupply6276,Long Tail,North India,"Sports,Beauty,Fashion,Home,Grocery",4.42,711,1001,16955202.69,23846.98,263.3595238095238,218.73809523809518,197.79523809523806,20.94285714285714,7.95,6.04,-0.03,59406.55,83.67
621,MegaRetail2753,Mid,West India,"Sports,Electronics,Grocery,Beauty,Home",4.12,1099,1496,26622044.61,24223.88,409.04523809523835,342.6761904761906,311.4380952380954,32.98809523809524,8.06,6.3,0.01,97773.53,89.05
622,ApexImports7366,Mid,West India,Electronics,4.31,736,1010,14002700.56,19025.41,283.58571428571435,232.94761904761904,216.71904761904761,17.061904761904763,6.02,6.84,0.03,72994.88,99.18
623,NextMarketplace2161,Mid,North India,"Sports,Grocery,Home,Electronics,Fashion",4.55,1115,1526,62651682.43,56189.85,413.0476190476193,353.91190476190496,325.9166666666668,28.245238095238097,6.84,5.28,0.01,71984.1,64.62
624,ReliableExports7814,Long Tail,East India,"Beauty,Electronics,Sports,Home,Grocery,Fashion",4.25,131,175,966624.37,7378.81,51.68571428571428,40.95238095238095,36.16904761904762,4.783333333333333,9.25,5.38,0.01,9560.52,72.98
625,DigitalStore4537,Long Tail,Central India,"Electronics,Grocery,Home,Beauty,Sports,Fashion",4.81,1246,1746,10281768.11,8251.82,457.98809523809564,394.2000000000003,366.55476190476213,27.978571428571428,6.11,5.96,-0.04,96385.34,77.48
626,NextBazaar7313,Mid,South India,Sports,4.3,1358,1880,19828371.09,14601.16,520.32380952381,437.466666666667,402.01904761904797,38.20714285714286,7.34,5.83,-0.02,104403.13,76.88
627,UrbanEnterprise6864,Long Tail,West India,"Sports,Fashion,Grocery,Home,Beauty",4.41,681,940,5049583.11,7414.95,259.00714285714287,214.95952380952377,196.28571428571428,19.873809523809527,7.67,5.18,0.02,44305.76,65.16
628,EliteBazaar8258,Long Tail,East India,"Beauty,Electronics,Fashion,Grocery,Sports,Home",4.01,28,40,212349.03,7583.89,9.659523809523808,8.376190476190477,6.876190476190477,1.5,15.53,8.46,0.38,3420.68,122.17
629,ModernMarketplace4943,Premium,Central India,"Home,Sports,Beauty,Grocery,Fashion",4.54,159,210,967288.73,6083.58,60.68571428571429,47.30714285714285,43.773809523809526,3.7,6.1,5.37,0.01,11645.23,73.24
630,FastCommerce8412,Mid,West India,"Beauty,Grocery",4.09,130,161,1040798.58,8006.14,42.43333333333334,36.73095238095238,34.88809523809525,1.8428571428571427,4.34,5.75,-0.24,8788.73,67.61
631,MegaMart1267,Long Tail,Central India,Sports,3.81,623,877,6749507.46,10833.88,241.25952380952376,206.75238095238092,189.147619047619,17.854761904761904,7.4,5.69,-0.03,46548.06,74.84
632,GlobalWholesale6159,Long Tail,North India,"Electronics,Home,Fashion",4.13,1657,2315,47968402.29,28948.95,619.0309523809526,519.766666666667,478.64047619047653,41.87619047619048,6.76,5.48,-0.0,115823.09,70.03
633,FutureHub3267,Long Tail,East India,"Home,Grocery,Fashion,Electronics,Sports,Beauty",4.69,554,751,14974650.19,27030.05,205.097619047619,170.79523809523806,156.19285714285712,14.852380952380951,7.24,7.24,0.02,61181.87,110.44
634,ApexSupply4562,Long Tail,North India,"Fashion,Sports,Home,Grocery,Electronics",4.21,140,190,1668628.17,11918.77,50.71190476190476,43.83571428571429,40.509523809523806,3.3261904761904764,6.56,5.54,-0.02,9546.99,68.19
635,ApexWholesale2562,Mid,Central India,"Beauty,Fashion,Sports",4.44,54,76,320052.6,5926.9,18.642857142857142,17.133333333333333,16.633333333333333,0.5,2.68,6.37,-0.04,4892.42,90.6
636,PrimeEnterprise1916,Long Tail,East India,"Electronics,Grocery,Beauty",3.88,3392,4695,185047230.06,54554.02,1255.9785714285706,1056.4976190476186,971.6857142857141,91.34523809523809,7.27,5.47,-0.02,228447.65,67.67
637,VertexDistribution1187,Long Tail,West India,"Beauty,Electronics,Fashion,Home",4.59,696,970,5317086.69,7639.49,261.78571428571433,222.1595238095238,209.71428571428572,13.111904761904762,5.01,4.99,0.01,42883.57,61.61
638,ReliableMarketplace3450,Mid,East India,"Grocery,Electronics,Home",4.75,551,788,3753700.45,6812.52,206.13571428571424,165.24285714285708,150.20952380952377,15.366666666666667,7.45,5.08,0.0,33007.63,59.9
639,VertexMarketplace9269,Mid,North India,"Fashion,Sports,Electronics,Home,Grocery,Beauty",4.76,690,906,9905264.5,14355.46,239.90238095238095,196.0666666666666,182.02142857142852,14.545238095238096,6.06,5.57,0.02,43662.19,63.37
640,ModernStore8796,Mid,Central India,"Home,Beauty,Fashion,Electronics",4.0,622,889,37675593.41,60571.69,236.5285714285714,200.37857142857138,183.59285714285713,16.985714285714288,7.18,5.31,-0.02,43568.84,70.05
642,ReliableRetail8993,Mid,West India,"Sports,Fashion,Grocery,Beauty",4.78,107,137,2558246.86,23908.85,40.93571428571428,34.81904761904762,32.31904761904762,2.75,6.72,5.7,-0.1,8495.21,79.39
643,FastEnterprise8046,Mid,East India,"Fashion,Grocery,Sports,Electronics,Home",4.2,1213,1682,35279895.47,29084.83,442.2642857142859,375.9357142857146,342.911904761905,33.19047619047619,7.5,6.56,0.03,111844.9,92.21
644,FutureRetail6254,Mid,East India,"Electronics,Sports,Beauty,Fashion,Home",4.08,725,1002,9053053.97,12486.97,275.05952380952385,235.2238095238095,220.00952380952376,16.69047619047619,6.07,6.51,-0.03,68504.85,94.49
645,SuperKart4825,Mid,South India,"Electronics,Home,Fashion,Beauty,Grocery,Sports",4.85,78,106,1920354.37,24619.93,29.083333333333336,23.823809523809523,21.93095238095238,1.8928571428571428,6.51,6.82,0.01,7918.25,101.52
646,MegaRetail3419,Long Tail,East India,"Fashion,Electronics,Grocery",3.6,1206,1640,10468848.37,8680.64,435.3309523809527,368.87380952380977,332.0452380952383,36.9952380952381,8.5,6.14,-0.01,97989.6,81.45
647,SuperTraders1372,Long Tail,East India,"Sports,Electronics,Home",4.08,505,707,5034766.27,9969.83,187.38333333333327,157.91904761904757,142.71428571428567,15.904761904761903,8.49,5.02,0.01,29338.04,58.21
648,VertexExports3315,Long Tail,North India,"Grocery,Fashion,Sports,Home,Beauty,Electronics",4.95,1278,1682,5174179.57,4048.65,478.1428571428575,400.4619047619051,367.9238095238098,32.88095238095238,6.88,5.66,0.01,92318.86,72.35
649,MegaMart4288,Long Tail,Central India,"Sports,Grocery,Electronics,Fashion,Beauty",4.47,108,144,7735560.66,71625.56,42.37380952380951,33.8547619047619,33.021428571428565,0.8333333333333333,1.97,5.17,-0.11,6597.93,61.09
650,TechStore7367,Long Tail,East India,Beauty,4.06,97,124,2243054.75,23124.28,34.38095238095239,29.2547619047619,27.328571428571426,2.1261904761904757,6.18,4.93,0.02,5433.52,56.02
651,QuickBazaar2631,Premium,East India,"Home,Electronics,Grocery,Fashion,Sports,Beauty",4.15,731,1053,6919733.18,9466.12,280.13571428571436,232.14285714285708,212.6714285714285,19.614285714285714,7.0,5.34,-0.01,48227.85,65.98
652,ReliableDistribution1352,Long Tail,North India,"Grocery,Electronics,Fashion,Sports,Beauty",4.34,637,880,6758749.92,10610.28,230.9047619047619,183.59047619047615,165.87857142857138,19.128571428571426,8.28,5.1,-0.04,36168.67,56.78
653,TechCommerce6765,Long Tail,East India,"Home,Sports,Beauty,Fashion,Electronics",3.83,1168,1596,20450247.86,17508.77,431.2309523809527,363.78333333333353,332.38571428571447,33.430952380952384,7.75,6.07,-0.02,93062.58,79.88
654,MegaImports5221,Long Tail,West India,"Fashion,Grocery,Home",4.06,793,1092,34539946.2,43556.05,299.02380952380963,255.95238095238102,230.75952380952387,25.192857142857143,8.43,6.01,-0.02,64816.75,81.74
655,FastRetail3485,Long Tail,East India,Grocery,4.05,750,1016,12119121.19,16158.83,283.66428571428577,238.297619047619,217.12857142857138,22.585714285714285,7.96,5.21,0.0,47330.13,63.11
656,NextMarketplace3502,Mid,West India,"Fashion,Electronics,Beauty,Home,Grocery,Sports",4.58,159,205,1274532.75,8015.93,57.54047619047619,43.66428571428572,40.91428571428572,3.083333333333333,5.36,5.7,-0.06,10577.05,66.52
657,ApexBazaar4314,Mid,South India,"Home,Beauty,Fashion,Electronics,Sports",4.56,680,968,51479381.9,75704.97,258.9452380952381,217.36428571428564,202.78809523809517,15.026190476190475,5.8,5.79,-0.02,53315.13,78.52
658,ModernStore9732,Mid,North India,"Sports,Grocery,Fashion,Beauty,Electronics,Home",3.83,832,1179,47896684.83,57568.13,317.66904761904766,271.17380952380955,243.1714285714285,28.00238095238095,8.81,6.81,0.06,87037.61,104.61
659,ValueSupply5970,Long Tail,West India,"Fashion,Electronics,Home",4.23,650,885,1214635.15,1868.67,245.67380952380955,201.1380952380952,186.79047619047614,15.264285714285712,6.21,6.18,0.02,55225.03,84.96
660,EliteKart5372,Long Tail,Central India,"Sports,Home,Fashion,Electronics,Grocery,Beauty",4.71,1606,2208,9864545.83,6142.31,610.1428571428573,512.0190476190479,475.5952380952383,37.62380952380953,6.17,5.63,-0.01,121543.71,75.82
661,FutureStore8808,Mid,South India,"Fashion,Grocery,Sports,Electronics,Home",4.32,1166,1585,14544167.64,12473.56,449.63095238095264,375.7690476190478,338.2071428571429,40.01190476190476,8.9,5.82,0.05,87148.43,74.74
662,ExpressHub3683,Long Tail,South India,"Beauty,Home,Fashion,Sports,Grocery",4.65,1170,1626,14260061.87,12188.09,433.20476190476217,366.03571428571445,331.87380952380965,34.695238095238096,8.01,5.15,0.0,72842.74,62.31
663,TechDistribution5421,Long Tail,West India,Beauty,4.67,114,158,5531624.8,48523.02,40.371428571428574,35.02142857142858,27.311904761904763,7.709523809523809,19.1,5.77,0.35,8371.12,73.43
664,VertexTraders6323,Mid,West India,"Sports,Fashion,Grocery,Electronics,Home,Beauty",4.7,608,826,3115576.95,5124.3,228.79047619047617,190.36666666666662,174.26428571428568,16.102380952380955,7.04,6.02,-0.01,45180.83,74.31
665,ModernSupply9784,Mid,Central India,"Beauty,Electronics,Sports,Home",3.71,593,790,2070565.56,3491.68,224.2785714285714,190.66666666666666,177.74761904761903,13.252380952380953,5.91,4.94,0.01,34298.17,57.94
666,NextBazaar9812,Mid,West India,"Electronics,Grocery,Sports,Fashion,Home,Beauty",4.43,734,1034,15756423.05,21466.52,276.02619047619055,237.09523809523813,221.43571428571425,15.659523809523808,5.67,6.27,-0.01,62299.65,85.23
667,QuickBazaar1807,Mid,South India,Grocery,3.75,72,113,437617.03,6078.01,29.254761904761907,25.254761904761903,22.67142857142857,2.583333333333333,8.83,4.87,-0.08,4539.5,63.05
668,EliteSupply5823,Mid,Central India,"Beauty,Home,Grocery,Fashion",4.84,1688,2335,30017590.87,17782.93,629.9500000000004,534.4333333333336,495.8595238095241,39.75,6.31,5.21,-0.04,108850.48,64.68
669,NationalStore3945,Mid,Central India,"Grocery,Fashion,Beauty,Home,Sports,Electronics",4.86,597,786,8232801.59,13790.29,229.9619047619048,188.49047619047613,169.06428571428566,20.676190476190477,8.99,6.87,0.0,67855.77,113.85
670,TechHub8433,Mid,Central India,"Fashion,Beauty,Grocery,Sports,Home",4.4,1171,1615,55334673.21,47254.2,447.86904761904793,385.2976190476193,349.8738095238097,35.673809523809524,7.97,5.85,0.02,92177.78,78.78
671,FastCommerce3686,Mid,North India,"Beauty,Electronics",4.83,535,728,10750125.84,20093.69,196.6761904761904,164.44761904761899,151.39523809523806,13.585714285714285,6.91,5.85,-0.01,38662.21,72.27
672,SuperImports6946,Long Tail,North India,Sports,4.45,103,136,1941608.42,18850.57,39.08095238095238,32.76428571428571,30.621428571428574,2.642857142857143,6.76,5.69,-0.13,7368.37,71.54
673,EliteDistribution6491,Premium,Central India,"Beauty,Grocery,Fashion,Sports,Home,Electronics",4.21,1230,1737,18943094.44,15400.89,469.6904761904765,388.1095238095241,360.5404761904764,28.31904761904762,6.03,5.82,-0.02,94158.87,76.68
674,DigitalMart8311,Long Tail,East India,"Fashion,Sports,Grocery,Electronics,Home,Beauty",3.91,1441,2016,61101438.8,42402.11,539.8595238095241,449.22142857142893,410.88809523809556,40.7,7.54,5.62,-0.01,102474.5,71.26
675,GlobalKart5146,Long Tail,North India,"Electronics,Fashion",3.97,749,1083,8482827.13,11325.54,283.3928571428572,228.01428571428568,213.09761904761902,14.916666666666666,5.26,5.84,-0.0,58004.13,77.44
676,ExpressRetail4553,Long Tail,Central India,"Beauty,Grocery,Electronics,Home",3.82,1152,1570,90621283.58,78664.31,424.08809523809555,356.4809523809526,329.2714285714287,27.90952380952381,6.58,5.58,-0.01,77968.6,67.8
677,VertexMarketplace1107,Mid,South India,"Beauty,Sports,Grocery,Electronics",4.86,593,792,22794984.55,38440.11,218.2690476190476,187.53095238095233,172.80238095238093,14.72857142857143,6.75,5.89,-0.01,44350.54,74.79
678,MegaHub3429,Mid,North India,"Grocery,Sports,Fashion",3.78,644,899,6703094.76,10408.53,241.43095238095236,212.25714285714284,194.96428571428567,17.992857142857144,7.45,5.23,0.04,39438.02,61.33
679,ApexWholesale5889,Long Tail,East India,"Electronics,Fashion,Sports",4.54,1153,1580,14768549.76,12808.8,434.15714285714324,363.93571428571454,337.57857142857165,28.307142857142857,6.52,5.35,-0.02,75376.58,65.37
680,ValueHub3643,Long Tail,East India,Electronics,4.73,1834,2551,67568517.34,36842.16,698.1595238095241,585.0880952380955,543.7047619047622,43.16666666666667,6.18,5.74,-0.05,136697.41,74.62
681,PrimeEnterprise5903,Long Tail,East India,"Sports,Grocery,Fashion,Beauty,Home,Electronics",4.69,1578,2136,147885474.18,93717.03,588.1000000000001,496.2119047619051,458.7214285714288,38.6904761904762,6.58,5.48,-0.01,109514.83,69.45
682,ExpressHub2999,Mid,East India,"Electronics,Beauty,Sports,Fashion",4.54,186,241,1627549.09,8750.26,78.64999999999999,65.52142857142857,61.088095238095235,4.966666666666667,6.31,4.88,-0.08,12169.0,65.42
683,VertexKart2790,Mid,Central India,"Beauty,Grocery,Fashion,Home,Electronics",4.91,92,121,1377063.41,14968.08,29.84285714285714,26.02619047619047,22.24285714285714,3.783333333333333,12.68,6.89,0.13,8437.82,91.72
684,VertexWholesale6185,Long Tail,East India,"Grocery,Electronics,Beauty,Home,Fashion,Sports",3.99,695,929,6399008.58,9207.21,262.5285714285714,221.78809523809522,208.9785714285714,12.976190476190474,4.94,5.46,-0.06,47686.85,68.71
685,NationalExports9154,Long Tail,West India,"Grocery,Home,Fashion,Sports,Beauty",3.79,648,930,2908062.22,4487.75,232.28571428571425,200.1404761904761,189.93809523809517,10.45238095238095,4.5,5.07,-0.09,40553.76,62.58
686,DigitalRetail1025,Long Tail,North India,"Grocery,Fashion",3.83,617,859,3054599.87,4950.73,236.47142857142856,192.54285714285712,175.7547619047619,17.43095238095238,7.37,5.14,0.04,39023.8,63.25
687,ValueSupply1745,Long Tail,East India,"Sports,Electronics,Fashion,Home",3.9,1669,2266,155736298.81,93311.14,623.261904761905,538.9404761904764,497.12857142857166,42.22857142857143,6.78,5.52,-0.02,120406.19,72.27
688,DigitalMart2111,Mid,East India,"Sports,Fashion,Electronics,Home,Beauty",4.72,1166,1577,96295226.96,82585.96,428.2952380952384,356.5166666666668,331.204761904762,25.511904761904766,5.96,5.77,-0.07,87523.27,75.13
689,ModernSupply1477,Long Tail,South India,"Grocery,Home,Electronics,Beauty,Fashion",4.64,614,865,3462166.11,5638.71,229.46666666666664,194.16190476190474,179.63571428571424,16.026190476190475,6.98,5.37,0.06,38435.9,62.6
690,MegaImports3224,Mid,West India,"Home,Beauty,Grocery",3.63,158,212,1429042.29,9044.57,61.9547619047619,51.97857142857143,47.86190476190476,4.116666666666667,6.64,6.18,0.0,13387.08,84.73
691,NationalMart6169,Mid,Central India,"Beauty,Grocery,Home,Fashion,Sports,Electronics",4.05,99,125,908481.97,9176.59,34.833333333333336,30.20714285714286,29.864285714285714,0.34285714285714286,0.98,5.53,-0.21,7047.9,71.19
692,ApexImports6434,Long Tail,East India,Fashion,3.55,1212,1643,24735504.53,20408.83,443.0357142857146,368.52380952380975,337.7904761904764,32.042857142857144,7.23,6.11,0.01,94968.81,78.55
693,ModernSupply9753,Long Tail,South India,"Home,Electronics",3.55,813,1136,4072250.94,5008.92,311.057142857143,266.7166666666667,242.5452380952381,25.097619047619048,8.07,5.44,0.01,54341.43,66.84
694,MegaMart7780,Mid,North India,"Beauty,Fashion,Electronics,Grocery,Home",3.87,27,36,27589.48,1021.83,10.785714285714286,10.119047619047619,9.785714285714286,0.3333333333333333,3.09,5.76,-0.04,1732.69,64.17
695,DigitalRetail9603,Mid,East India,"Home,Beauty",3.56,668,932,789802.05,1182.34,250.90714285714284,207.85952380952378,193.79047619047617,15.069047619047618,6.01,6.34,-0.05,56541.33,84.77
696,MegaEnterprise4311,Long Tail,North India,Home,3.98,639,919,41267199.42,64580.91,240.41666666666663,201.15476190476187,187.33571428571426,15.51904761904762,6.46,6.08,-0.04,52416.02,82.16
697,ExpressExports9579,Mid,East India,"Electronics,Beauty,Fashion,Sports,Grocery",4.83,107,132,217636.8,2033.99,38.042857142857144,32.557142857142864,29.657142857142855,2.9,7.62,5.53,0.1,7710.2,72.06
698,GlobalExports1598,Long Tail,West India,"Fashion,Electronics,Sports",4.85,59,78,243341.3,4124.43,22.192857142857143,20.4,19.7,0.7,3.15,4.67,-0.07,3475.27,58.9
699,ModernTraders1755,Mid,North India,"Grocery,Electronics,Sports,Fashion,Beauty,Home",4.74,62,90,196536.39,3169.94,25.195238095238093,19.745238095238093,17.45952380952381,2.2857142857142856,9.07,5.33,-0.06,4152.03,66.97
700,ModernRetail4154,Long Tail,East India,"Sports,Home,Electronics,Grocery,Fashion,Beauty",3.87,876,1156,10630398.93,12135.16,313.80714285714294,264.76190476190476,243.80952380952377,21.652380952380952,6.9,5.44,0.01,55772.11,63.67
701,EliteMart2875,Long Tail,North India,"Home,Beauty,Electronics,Fashion,Grocery",3.6,1150,1549,71499923.19,62173.85,418.5714285714288,358.60714285714306,328.6714285714287,30.969047619047622,7.4,6.03,-0.01,89572.55,77.89
702,ReliableCommerce5440,Premium,South India,"Grocery,Electronics,Fashion,Home,Beauty",5.0,590,854,50634287.97,85820.83,220.25952380952376,187.3619047619047,175.2761904761904,12.085714285714285,5.49,5.65,0.02,43063.04,72.99
703,PrimeMart6549,Mid,Central India,"Grocery,Fashion,Sports",4.62,590,813,46910818.13,79509.86,231.32619047619042,194.9690476190476,178.38333333333324,17.085714285714285,7.39,5.64,0.04,42981.3,72.85
704,TechTraders1826,Mid,North India,Fashion,4.79,137,188,6789256.89,49556.62,51.42619047619048,45.826190476190476,43.11666666666667,2.7095238095238097,5.27,5.26,-0.06,9206.72,67.2
705,ValueSupply3932,Premium,Central India,Electronics,3.86,600,809,31287140.86,52145.23,230.70476190476188,195.7619047619047,175.0619047619047,21.449999999999996,9.3,5.36,0.04,42103.73,70.17
706,ReliableStore8629,Long Tail,Central India,"Sports,Beauty,Home,Fashion,Grocery,Electronics",4.12,809,1118,5214316.19,6445.38,307.49285714285725,261.1880952380953,238.90714285714284,22.28095238095238,7.25,5.45,-0.03,55010.29,68.17
707,SuperStore8464,Mid,East India,Sports,3.53,763,1045,92738776.12,121544.92,292.8404761904763,240.4714285714286,227.21190476190478,14.00952380952381,4.78,5.26,-0.05,51093.35,66.96
708,VertexMart6954,Long Tail,West India,"Sports,Beauty,Grocery,Electronics,Home,Fashion",4.68,200,283,4161447.5,20807.24,74.0547619047619,60.5047619047619,57.0047619047619,3.4999999999999996,4.73,5.46,-0.05,14628.81,73.14
709,PrimeTraders2849,Mid,East India,"Sports,Home,Grocery,Fashion,Beauty,Electronics",3.97,712,962,10367778.88,14561.49,271.0880952380952,228.71904761904761,208.50952380952378,20.992857142857147,7.74,6.92,-0.0,75857.54,106.69
710,ApexHub9322,Long Tail,North India,"Fashion,Home,Grocery,Beauty",3.85,149,206,4954667.95,33252.81,52.50714285714287,44.12380952380953,40.16428571428572,3.95952380952381,7.54,6.16,0.02,11478.83,77.04
711,ApexSupply4908,Long Tail,Central India,"Electronics,Home,Sports,Fashion,Grocery,Beauty",4.65,741,1019,18374173.48,24796.46,277.72619047619054,232.98571428571427,218.53095238095239,14.82142857142857,5.34,5.9,0.0,57785.26,78.09
712,GlobalWholesale8063,Long Tail,West India,"Fashion,Beauty,Grocery,Electronics,Sports",4.64,1220,1650,9838408.41,8064.27,464.2261904761909,383.67619047619075,351.661904761905,33.68095238095238,7.26,5.57,-0.01,87129.78,71.48
713,PrimeExports8972,Long Tail,North India,"Grocery,Fashion,Sports",4.76,229,314,2772648.41,12107.63,88.86190476190475,79.7095238095238,74.24047619047619,5.969047619047618,6.72,5.59,-0.01,17951.85,78.39
714,DigitalSupply2140,Long Tail,Central India,"Beauty,Home,Electronics,Fashion,Sports",4.35,148,198,14430558.56,97503.77,50.30238095238096,40.659523809523805,37.0,4.65952380952381,9.26,5.51,0.1,9667.11,65.76
715,GlobalWholesale3276,Mid,Central India,"Grocery,Beauty,Home,Fashion,Electronics,Sports",4.8,1125,1613,13839048.75,12301.38,421.0619047619051,346.78809523809554,309.4904761904764,37.83095238095238,8.98,5.59,0.03,83595.26,74.51
716,VertexMarketplace8326,Long Tail,South India,"Electronics,Fashion,Grocery,Beauty,Home,Sports",4.37,632,850,4291812.58,6790.84,244.2833333333333,212.79285714285714,198.1952380952381,14.597619047619046,5.98,5.13,-0.02,41431.72,65.76
717,ApexKart9362,Long Tail,West India,"Home,Sports,Grocery,Fashion,Beauty,Electronics",4.64,1339,1840,16187838.31,12089.5,500.23095238095266,429.514285714286,387.6142857142859,42.233333333333334,8.44,5.32,0.06,89004.49,66.47
718,FutureDistribution9992,Long Tail,North India,"Home,Electronics",4.56,183,259,1214627.73,6637.31,71.78333333333333,61.85000000000001,58.923809523809524,2.9261904761904765,4.08,5.54,-0.06,14264.1,77.95
719,ValueExports7459,Mid,East India,"Grocery,Home,Electronics,Fashion,Beauty,Sports",3.84,647,880,2061860.98,3186.8,254.73571428571432,212.32142857142856,198.59523809523805,13.976190476190474,5.49,5.12,-0.06,42991.49,66.55
720,GlobalImports3841,Long Tail,West India,"Beauty,Sports,Grocery,Home",4.89,111,161,293532.6,2644.44,38.214285714285715,33.647619047619045,31.364285714285717,2.283333333333333,5.98,5.54,0.0,6834.34,61.57
721,FutureWholesale7835,Long Tail,South India,"Grocery,Beauty",4.01,124,186,4117923.04,33209.06,46.3952380952381,42.516666666666666,39.85,2.6666666666666665,5.75,5.38,-0.05,8738.34,70.47
722,ExpressImports8155,Mid,South India,"Fashion,Sports,Electronics,Beauty,Home,Grocery",3.82,146,213,4851444.9,33229.07,56.48571428571429,46.226190476190474,41.74285714285714,4.483333333333333,7.94,5.92,0.07,10849.57,74.31
723,SuperDistribution7974,Premium,Central India,"Sports,Beauty",4.97,277,371,4036000.02,14570.4,105.64761904761905,89.53571428571429,85.10238095238095,4.433333333333333,4.2,5.83,-0.09,22217.86,80.21
724,FutureRetail4044,Long Tail,West India,"Grocery,Beauty,Sports,Fashion",4.71,114,158,403396.27,3538.56,41.32380952380952,37.11190476190476,33.38571428571428,3.726190476190476,9.02,5.86,-0.01,8212.65,72.04
726,MegaMarketplace8917,Long Tail,East India,"Grocery,Sports,Home,Electronics",4.18,617,854,3221230.46,5220.79,231.8095238095238,189.30714285714285,165.98809523809524,23.485714285714284,10.13,6.5,0.06,56683.56,92.02
727,SuperBazaar2281,Mid,Central India,"Beauty,Electronics,Fashion,Home,Sports",4.52,102,155,10776174.92,105648.77,36.804761904761904,28.42857142857143,26.178571428571434,2.25,6.11,6.23,-0.07,8330.51,81.67
728,ExpressImports2279,Long Tail,Central India,Fashion,4.91,135,195,909575.86,6737.6,49.80952380952381,39.47380952380952,37.64047619047619,2.2,4.42,5.82,0.04,9902.61,73.35
729,ExpressTraders9399,Mid,West India,"Home,Grocery,Electronics,Fashion,Beauty",4.25,681,952,6340652.16,9310.8,250.73095238095232,212.14523809523803,192.53333333333327,19.945238095238096,7.95,5.25,0.02,43383.42,63.8
730,MegaExports5981,Mid,Central India,"Home,Beauty,Sports,Fashion,Grocery,Electronics",4.55,739,1020,59462309.0,80463.21,271.7476190476191,226.0785714285714,209.0571428571428,18.91428571428571,6.96,5.69,0.01,54393.45,73.7
731,ExpressMarketplace3770,Mid,Central India,Sports,3.91,203,300,9609350.78,47336.7,82.74285714285713,72.98333333333333,66.47380952380952,6.876190476190475,8.31,5.53,0.01,15661.54,77.15
732,SmartBazaar2259,Long Tail,East India,"Home,Grocery,Electronics,Fashion,Sports,Beauty",4.45,688,916,3506631.52,5096.85,260.5190476190476,229.57380952380953,218.27142857142854,11.302380952380952,4.34,5.12,-0.05,43049.62,62.57
733,FastWholesale5209,Long Tail,North India,"Grocery,Home",3.77,19,22,691460.2,36392.64,7.376190476190476,6.876190476190476,6.042857142857143,0.8333333333333333,11.3,5.33,0.22,1380.1,72.64
734,EliteDistribution3476,Long Tail,West India,Grocery,4.18,102,141,1863184.65,18266.52,36.86666666666666,32.35714285714286,28.107142857142858,4.5,12.21,6.84,0.07,9950.01,97.55
735,ExpressHub9640,Mid,North India,"Home,Fashion",4.76,706,979,9088442.58,12873.15,270.08095238095245,228.64047619047616,208.9857142857143,20.654761904761905,7.65,5.42,0.06,49963.83,70.77
736,VertexDistribution3525,Long Tail,West India,Fashion,3.53,1182,1674,4434055.91,3751.32,447.4714285714289,382.99047619047644,349.1523809523812,34.87142857142857,7.79,5.06,0.03,69897.48,59.13
737,EliteRetail6653,Mid,North India,"Beauty,Fashion,Sports,Home",4.41,1097,1577,201469360.13,183654.84,412.72857142857174,348.21666666666687,325.00714285714304,24.45952380952381,5.93,5.67,-0.02,77340.42,70.5
738,SuperSupply8802,Long Tail,East India,"Electronics,Sports,Fashion",4.76,713,983,125065106.98,175406.88,269.002380952381,221.84761904761905,206.13809523809522,16.95952380952381,6.3,5.97,-0.01,54495.72,76.43
739,FastHub9690,Long Tail,West India,"Grocery,Fashion,Beauty,Home,Sports,Electronics",4.94,239,343,7569364.32,31670.98,90.32142857142857,77.62619047619049,71.0,7.126190476190477,7.89,6.41,-0.01,20848.99,87.23
740,NationalImports1672,Mid,North India,"Beauty,Sports,Home",4.23,686,1000,3116100.79,4542.42,258.302380952381,208.68095238095236,191.60238095238094,19.57857142857143,7.58,5.05,0.02,40102.14,58.46
741,UrbanMart7408,Long Tail,West India,"Home,Beauty,Sports,Fashion,Grocery,Electronics",3.73,30,44,218962.26,7298.74,12.835714285714285,11.085714285714285,11.085714285714285,0.0,0.0,5.48,-0.36,2332.7,77.76
742,ModernBazaar1173,Mid,North India,"Sports,Fashion,Grocery,Home,Beauty,Electronics",3.92,128,171,2491044.0,19461.28,49.69047619047619,42.98095238095238,39.147619047619045,3.9761904761904763,8.0,5.1,-0.03,9114.15,71.76
743,ValueStore9605,Long Tail,North India,Electronics,4.37,93,140,518642.05,5576.8,35.733333333333334,29.78333333333333,27.699999999999996,2.083333333333333,5.83,5.41,0.01,7089.89,76.24
744,GlobalKart1388,Long Tail,Central India,"Home,Fashion,Sports,Grocery",4.03,582,805,3578419.54,6148.49,205.10238095238088,175.12380952380948,157.75952380952378,17.364285714285714,8.47,5.11,0.01,34430.95,59.16
745,GlobalMarketplace2995,Mid,North India,Grocery,3.55,593,831,19631390.47,33105.21,220.26904761904754,178.96190476190472,166.57619047619042,13.05238095238095,5.93,6.79,-0.03,59796.44,100.84
746,FastMart8650,Long Tail,North India,"Fashion,Beauty,Sports,Electronics,Home",3.63,1249,1725,2100749.21,1681.94,467.07142857142884,397.8214285714287,370.3142857142859,29.423809523809524,6.3,5.62,-0.03,90791.41,72.69
747,EliteEnterprise2212,Mid,East India,"Home,Beauty,Sports,Fashion",4.82,1224,1669,39833083.32,32543.37,458.2761904761907,378.19761904761924,348.2738095238097,33.3,7.27,5.39,-0.01,78007.56,63.78
748,QuickCommerce1984,Long Tail,East India,Beauty,4.49,74,99,1672620.71,22602.98,28.840476190476192,25.830952380952386,24.080952380952386,1.75,6.07,5.2,0.02,4825.46,65.21
749,ExpressDistribution4287,Long Tail,Central India,"Fashion,Beauty,Electronics",4.79,655,887,40614751.06,62007.25,252.17619047619047,215.90952380952382,196.7142857142857,19.195238095238096,7.61,6.6,0.05,65214.97,99.56
750,UrbanHub9857,Long Tail,West India,"Sports,Beauty",3.79,147,202,9999885.39,68026.43,53.59285714285714,42.31666666666667,38.06666666666667,4.25,7.93,6.72,-0.14,13945.35,94.87
751,UrbanKart2194,Mid,North India,"Sports,Electronics,Beauty,Home,Fashion",3.93,156,216,2063845.02,13229.78,56.73809523809524,47.554761904761904,43.55238095238096,4.002380952380952,7.05,5.7,0.02,10804.2,69.26
752,MegaImports7397,Long Tail,East India,"Home,Beauty,Electronics,Fashion,Grocery,Sports",5.0,121,182,784222.96,6481.18,44.997619047619054,37.25476190476191,35.02142857142857,2.2333333333333334,4.96,5.12,-0.05,7743.77,64.0
753,ValueSupply2148,Long Tail,Central India,"Home,Beauty,Electronics,Sports,Fashion,Grocery",4.85,679,947,2142405.42,3155.24,259.4285714285714,220.33333333333334,207.16904761904757,13.664285714285713,5.27,6.5,-0.02,66160.18,97.58
754,ExpressStore9770,Mid,East India,Beauty,4.96,1072,1470,2103967.18,1962.66,405.1261904761907,346.4976190476192,306.9357142857143,41.561904761904756,10.26,5.47,0.01,74125.17,69.21
755,ReliableWholesale6571,Mid,North India,"Home,Beauty,Electronics,Sports,Grocery,Fashion",4.77,1222,1669,4419275.89,3616.43,463.8142857142861,390.9738095238098,363.9833333333336,28.323809523809523,6.11,5.66,-0.05,94166.63,77.06
756,MegaSupply4129,Long Tail,East India,"Home,Fashion,Grocery,Sports",4.0,654,921,4442291.52,6792.49,247.3357142857143,209.75714285714284,185.67857142857142,24.278571428571432,9.82,5.11,0.05,38737.86,59.23
757,SuperExports4104,Long Tail,South India,"Electronics,Home,Beauty,Sports",4.96,1257,1735,28437269.82,22623.13,475.3857142857145,396.8000000000002,367.7952380952382,29.838095238095242,6.28,5.29,-0.02,83895.89,66.9
758,NextTraders7369,Long Tail,North India,"Electronics,Grocery",4.78,733,1034,107510911.96,146672.46,288.4904761904763,245.1904761904762,227.0333333333333,18.8,6.52,5.86,-0.02,58249.88,79.58
759,TechKart6558,Long Tail,North India,"Sports,Home,Beauty,Grocery,Fashion",3.63,66,96,2045853.96,30997.79,27.05952380952381,24.35952380952381,23.459523809523812,0.9,3.33,4.93,-0.07,4498.51,68.16
760,ApexRetail2180,Long Tail,North India,"Electronics,Beauty,Sports,Grocery,Fashion,Home",3.61,174,244,5212796.29,29958.6,61.4952380952381,54.07857142857143,49.92857142857143,4.483333333333333,7.29,5.57,-0.08,13525.59,77.73
761,ExpressDistribution1750,Mid,South India,"Beauty,Electronics",3.84,1355,1879,29337676.93,21651.42,493.1476190476194,417.89285714285745,378.5190476190479,41.10000000000001,8.33,6.54,0.01,122381.07,90.45
762,UrbanTraders3796,Mid,Central India,"Fashion,Electronics,Sports,Home,Grocery,Beauty",3.9,613,859,1034644.64,1687.84,235.21428571428572,204.78571428571428,187.2428571428571,18.852380952380955,8.01,5.09,-0.02,39173.35,64.01
763,ExpressMarketplace4613,Mid,North India,Electronics,3.75,763,1028,6866064.01,8998.77,286.4571428571429,241.66666666666666,224.52142857142852,17.478571428571428,6.1,5.14,-0.03,49998.94,65.62
764,QuickCommerce2979,Long Tail,Central India,"Beauty,Home",4.96,1758,2440,219319038.66,124754.86,672.2833333333335,562.7642857142861,522.0833333333337,41.214285714285715,6.13,5.18,-0.0,112041.69,63.81
765,MegaMarketplace3841,Premium,East India,"Home,Fashion",4.95,1142,1580,16612174.23,14546.56,444.89047619047636,381.909523809524,349.52380952380975,33.035714285714285,7.43,6.21,-0.02,97415.51,85.38
766,SmartEnterprise7801,Long Tail,South India,Home,3.92,624,895,4779334.06,7659.19,221.08333333333326,182.91428571428563,170.14523809523803,13.102380952380955,5.93,7.38,-0.01,75719.91,121.35
767,NextDistribution1666,Long Tail,South India,"Grocery,Fashion,Beauty",3.99,1228,1668,16555761.96,13481.89,476.5928571428574,386.49047619047644,354.8952380952382,32.18809523809524,6.75,5.49,0.03,84940.18,69.17
768,TechKart3939,Long Tail,North India,"Grocery,Beauty,Fashion,Electronics,Sports,Home",3.85,1216,1667,3058003.13,2514.81,462.5547619047621,397.35714285714306,362.4476190476192,37.159523809523805,8.03,5.27,0.01,76165.04,62.74
769,GlobalHub5439,Mid,Central India,"Grocery,Home,Beauty,Sports,Fashion,Electronics",3.88,622,872,11661123.1,18747.79,233.10000000000002,192.67857142857136,177.14047619047614,16.571428571428573,7.11,7.44,0.01,75993.05,122.18
770,EliteExports9190,Long Tail,Central India,"Fashion,Sports,Electronics,Home",4.51,1132,1610,9213803.19,8139.4,439.7785714285717,367.13333333333355,336.7166666666668,32.36666666666667,7.36,5.54,0.02,78765.61,69.83
771,UrbanBazaar2567,Mid,Central India,"Home,Sports,Beauty,Electronics,Grocery,Fashion",3.82,1331,1833,23431888.01,17604.72,509.19761904761924,436.7880952380954,405.6857142857144,31.435714285714287,6.17,5.6,-0.01,103467.22,77.91
772,FastKart4173,Long Tail,North India,"Grocery,Fashion,Beauty,Home,Electronics",3.72,669,917,5371054.66,8028.48,235.52619047619052,196.2642857142857,178.99285714285716,17.271428571428572,7.33,7.05,0.02,64022.59,95.7
773,ExpressHub3617,Mid,North India,"Sports,Beauty",4.8,1717,2447,230524996.04,134260.34,649.6880952380955,550.2761904761908,502.5380952380956,49.438095238095244,7.61,5.78,-0.01,129254.35,75.41
774,VertexEnterprise8424,Mid,North India,"Home,Sports,Fashion,Beauty,Grocery,Electronics",3.62,1195,1671,56041690.97,46896.81,441.1000000000004,371.84047619047635,343.9333333333335,28.740476190476194,6.52,6.47,-0.01,108530.88,90.9
775,NationalStore2160,Long Tail,South India,"Electronics,Grocery,Fashion,Sports,Home,Beauty",3.95,1797,2462,43383274.43,24142.06,680.0857142857144,577.1761904761909,534.2047619047622,43.671428571428564,6.42,6.36,-0.01,167759.38,93.56
776,GlobalExports6336,Mid,South India,"Grocery,Sports,Home,Fashion",4.71,131,181,5239420.6,39995.58,44.46904761904762,35.109523809523814,29.62619047619048,5.483333333333333,12.33,6.73,0.17,11062.75,84.45
777,NextStore4884,Mid,West India,Home,4.37,71,99,3554272.95,50060.18,25.811904761904767,23.87857142857143,21.87857142857143,2.0,7.75,5.52,-0.08,5260.59,74.09
778,PrimeTraders8936,Long Tail,North India,"Beauty,Fashion",3.72,275,365,4413078.2,16047.56,100.81428571428569,82.19761904761904,77.23571428571428,5.295238095238095,5.25,5.54,-0.02,19152.54,69.65
779,SuperHub7346,Long Tail,East India,"Fashion,Grocery",3.91,619,857,11049703.86,17850.89,228.72619047619045,188.38809523809522,170.52619047619044,18.811904761904763,8.22,7.27,0.01,68630.84,110.87
780,GlobalCommerce3084,Long Tail,North India,"Sports,Fashion,Home,Grocery",3.62,1641,2264,65874420.99,40142.85,614.8690476190479,516.1333333333337,470.2309523809526,46.81904761904762,7.61,5.52,0.0,111062.9,67.97
781,SuperSupply3804,Long Tail,East India,"Electronics,Home,Fashion,Sports,Beauty",3.96,98,145,8074630.78,82394.19,33.37857142857143,28.41190476190476,26.12857142857143,2.783333333333333,8.34,6.39,-0.04,7762.87,79.21
782,ApexBazaar4763,Long Tail,North India,"Grocery,Fashion,Sports",3.59,61,76,200864.79,3292.87,25.57857142857143,21.211904761904762,20.235714285714288,0.9761904761904762,3.82,6.21,0.08,6084.92,99.75
783,TechExports8014,Mid,South India,"Beauty,Fashion,Sports,Grocery,Home",4.19,953,1313,16068782.07,16861.26,360.31904761904786,306.8452380952382,284.10952380952386,23.56904761904762,6.54,5.2,-0.01,60522.58,63.51
784,ApexHub1083,Mid,West India,"Beauty,Grocery,Fashion",4.36,1711,2389,177843871.81,103941.48,622.6738095238098,525.3309523809528,483.31428571428603,43.800000000000004,7.03,6.06,-0.04,141795.06,83.21
785,NationalKart7974,Mid,Central India,Beauty,4.67,1001,1334,23315394.09,23292.1,384.7309523809527,326.6666666666668,306.97142857142865,19.695238095238096,5.12,6.24,-0.04,89461.78,89.46
786,NextStore1203,Long Tail,West India,"Sports,Electronics,Beauty,Fashion",3.97,1183,1649,17244200.88,14576.67,431.94285714285746,367.46428571428584,337.86666666666673,29.764285714285716,6.89,5.45,0.01,79419.62,67.42
787,NextImports2486,Long Tail,North India,"Home,Sports",4.76,626,856,118408409.91,189150.81,233.5047619047619,202.57142857142853,186.02619047619044,17.045238095238098,7.3,5.63,-0.01,45167.22,72.15
788,SuperEnterprise3271,Long Tail,West India,"Home,Fashion,Beauty,Sports,Electronics,Grocery",4.83,600,825,18488618.82,30814.36,225.64999999999998,194.56904761904755,173.89999999999995,21.169047619047618,9.38,6.16,-0.01,48595.77,80.99
789,PrimeSupply6454,Long Tail,Central India,"Sports,Beauty,Electronics",3.79,106,156,1173969.05,11075.18,45.24523809523809,40.21190476190477,37.81904761904762,2.892857142857143,6.39,4.2,0.0,6024.76,56.84
790,PrimeMarketplace6500,Long Tail,North India,"Beauty,Home,Fashion",4.61,137,197,495265.72,3615.08,51.214285714285715,41.38809523809525,37.96190476190476,3.7595238095238095,7.34,5.16,0.02,8741.31,63.81
791,VertexKart6989,Mid,East India,"Home,Electronics,Grocery,Fashion,Sports,Beauty",4.22,1163,1613,30985401.1,26642.65,437.3380952380955,367.1880952380955,332.58809523809543,34.96666666666667,8.0,5.37,0.02,79191.02,68.09
792,ReliableStore8839,Long Tail,Central India,"Grocery,Electronics,Fashion,Sports,Beauty,Home",4.04,165,239,447726.82,2713.5,64.3,56.39047619047619,52.90714285714285,3.8166666666666664,5.94,5.95,0.02,12441.73,75.4
793,FastKart2038,Long Tail,East India,"Fashion,Sports,Home,Grocery,Beauty,Electronics",4.11,612,825,25944805.26,42393.47,228.25238095238095,195.16428571428568,181.46190476190472,14.045238095238094,6.15,7.51,0.0,72243.41,118.04
794,ReliableImports9730,Long Tail,East India,"Beauty,Grocery,Electronics,Fashion",4.18,1085,1497,198460026.75,182912.47,410.83333333333354,349.7166666666668,320.007142857143,30.209523809523805,7.35,5.9,0.02,84303.42,77.77
795,PrimeSupply3929,Premium,East India,"Home,Electronics,Fashion,Beauty,Grocery",3.69,691,953,7617263.38,11023.54,254.0166666666667,214.19047619047615,199.07142857142853,15.619047619047617,6.15,5.04,-0.03,44256.19,64.14
796,FastStore3424,Long Tail,West India,Fashion,4.93,165,235,1875378.97,11365.93,59.64047619047618,51.26428571428572,45.40476190476191,6.526190476190476,10.94,6.01,0.12,11420.13,69.21
797,DigitalSupply9870,Long Tail,South India,"Grocery,Electronics",4.35,224,326,1506386.62,6724.94,80.92857142857142,70.02619047619048,65.15714285714286,4.8690476190476195,6.02,5.94,-0.04,17336.0,77.39
798,DigitalRetail2031,Long Tail,North India,"Beauty,Sports,Electronics",4.23,603,859,7752191.54,12856.04,220.82142857142853,179.50476190476184,162.63809523809522,16.866666666666667,7.64,5.12,0.02,36346.26,60.28
799,ValueMarketplace6616,Long Tail,East India,"Grocery,Home",3.84,187,238,2372035.85,12684.68,66.70238095238095,58.01904761904761,54.31904761904762,4.8999999999999995,7.35,5.55,-0.07,12373.17,66.17
800,ApexHub6021,Long Tail,South India,"Sports,Grocery,Beauty,Fashion,Home",4.06,115,161,1579136.32,13731.62,42.98571428571429,36.885714285714286,34.30238095238095,2.783333333333333,6.48,6.35,-0.13,10411.5,90.53
801,DigitalEnterprise1775,Long Tail,South India,"Fashion,Beauty,Home",3.71,598,840,2695998.3,4508.36,225.52619047619044,188.4142857142857,168.9690476190476,20.445238095238093,9.07,6.48,0.04,53601.29,89.63
802,ReliableMart3986,Mid,South India,"Beauty,Fashion,Grocery",3.78,619,852,54067873.06,87347.13,237.31428571428563,209.41904761904755,190.68571428571425,20.233333333333334,8.53,5.48,0.04,42580.73,68.79
803,ModernMarketplace3072,Long Tail,West India,"Sports,Fashion,Grocery,Electronics,Home,Beauty",3.83,1805,2556,205916071.88,114080.93,671.111904761905,566.0023809523811,523.9452380952383,45.8404761904762,6.83,6.21,-0.0,150952.72,83.82
804,ModernCommerce3423,Long Tail,East India,"Fashion,Sports,Electronics",4.74,745,1010,16639474.62,22334.87,281.31428571428575,244.69761904761907,225.42142857142855,19.809523809523807,7.04,5.23,-0.02,47725.57,64.06
805,QuickDistribution9182,Long Tail,South India,"Fashion,Grocery,Home,Electronics,Beauty",4.89,1768,2454,14631103.91,8275.51,656.6095238095241,575.314285714286,531.0071428571432,47.173809523809524,7.18,5.29,-0.01,109574.91,62.08
806,DigitalTraders5748,Long Tail,Central India,"Fashion,Electronics,Home",4.36,1065,1455,1588285.6,1491.35,393.51666666666677,334.4976190476192,316.409523809524,19.838095238095235,5.04,5.01,-0.05,62695.1,58.87
807,ModernExports2840,Long Tail,West India,"Grocery,Beauty",4.06,661,949,59016674.16,89283.92,248.3619047619048,204.18571428571428,192.32619047619045,11.85952380952381,4.78,6.06,-0.03,55680.46,84.24
808,UrbanMart1406,Long Tail,West India,"Sports,Grocery",4.05,202,270,6091590.84,30156.39,73.89047619047619,61.93095238095237,52.96190476190476,8.96904761904762,12.14,5.56,0.09,13411.57,66.39
809,PrimeCommerce1901,Long Tail,Central India,"Beauty,Home",4.34,267,372,4073712.26,15257.35,101.2142857142857,79.9452380952381,73.8690476190476,7.076190476190475,6.99,5.22,0.05,17815.17,66.72
810,NextEnterprise5553,Mid,South India,"Grocery,Sports",4.69,639,901,145104664.06,227080.85,235.4738095238095,201.05952380952377,185.76428571428573,15.295238095238094,6.5,5.07,-0.05,40328.94,63.11
811,SuperImports2431,Long Tail,Central India,Grocery,4.51,529,723,2128002.43,4022.69,193.58095238095234,163.09999999999997,154.19523809523807,8.904761904761903,4.6,5.16,-0.01,31393.81,59.35
812,VertexMarketplace9381,Long Tail,North India,"Beauty,Home",3.83,1266,1773,32250065.73,25473.99,477.10238095238117,396.9761904761907,364.0261904761906,34.45,7.22,5.51,0.0,86267.2,68.14
813,FutureSupply7108,Mid,North India,"Beauty,Fashion,Sports",3.87,729,1080,50334293.82,69045.67,268.2119047619048,212.85476190476186,197.25952380952373,15.595238095238095,5.81,6.76,-0.01,70169.63,96.52
814,ReliableStore4533,Long Tail,West India,"Home,Sports,Beauty",3.5,574,808,695999.65,1212.54,222.29761904761898,184.88333333333327,168.65476190476184,16.728571428571428,7.53,5.96,0.03,45168.5,78.83
815,ValueExports7786,Long Tail,South India,"Beauty,Home,Fashion,Grocery",4.69,99,139,427531.44,4318.5,38.10714285714286,28.807142857142857,25.99047619047619,3.316666666666667,8.7,5.13,0.01,6092.02,61.54
816,ExpressWholesale9606,Long Tail,East India,"Grocery,Electronics,Fashion,Sports,Beauty",4.63,94,146,2608249.12,27747.33,34.50714285714286,30.357142857142858,29.52380952380953,0.8333333333333333,2.41,5.1,-0.18,5468.69,58.18
817,ValueHub8571,Long Tail,Central India,"Beauty,Electronics,Grocery,Fashion,Home",4.19,1209,1637,17548777.48,14515.12,459.45476190476205,381.5952380952383,345.5976190476192,37.49761904761905,8.16,6.34,-0.02,114583.68,94.78
818,QuickMart9037,Mid,North India,"Fashion,Sports",3.64,680,954,3681252.96,5413.61,262.8047619047619,212.99761904761903,198.74999999999997,16.98095238095238,6.46,5.95,-0.04,53033.46,77.99
819,ReliableExports8593,Premium,South India,"Grocery,Home,Beauty",4.88,619,866,61040287.67,98611.13,232.25476190476184,195.26666666666662,181.31190476190474,14.454761904761904,6.22,5.54,-0.03,45346.5,73.5
820,FastMart8742,Mid,North India,Fashion,3.94,68,95,470843.8,6924.17,24.67142857142857,21.97142857142857,18.985714285714288,2.9857142857142858,12.1,7.18,0.0,7531.53,110.76
821,UrbanEnterprise5541,Long Tail,West India,"Home,Beauty,Fashion,Grocery,Electronics,Sports",3.86,1193,1661,138087029.18,115747.72,442.8500000000003,375.80476190476213,344.75952380952396,32.5452380952381,7.35,5.16,0.02,71445.3,59.99
822,FastImports8799,Premium,North India,"Sports,Home,Beauty,Grocery,Fashion",4.2,633,889,1474954.8,2330.1,229.12619047619046,190.57619047619045,175.14999999999995,15.426190476190476,6.73,5.08,-0.0,37828.54,60.05
823,ApexKart3394,Mid,East India,"Sports,Grocery,Electronics,Fashion,Beauty",4.64,645,910,2943877.54,4564.15,245.44523809523804,203.52380952380946,189.49761904761903,14.026190476190475,5.71,5.33,-0.07,44874.54,69.68
824,ValueImports6832,Mid,North India,"Fashion,Home,Sports,Electronics,Beauty,Grocery",4.23,897,1206,3270827.72,3646.41,336.3809523809525,285.25238095238103,261.46904761904767,24.316666666666666,7.23,5.2,0.0,57308.19,63.96
825,EliteEnterprise2548,Long Tail,Central India,"Grocery,Electronics,Fashion",4.4,74,99,12172147.09,164488.47,27.36428571428572,22.254761904761903,20.92142857142857,1.3333333333333333,4.87,5.82,-0.05,5205.15,70.34
826,ModernWholesale5932,Long Tail,East India,"Grocery,Home",4.65,210,288,2498117.12,11895.8,74.53809523809522,64.47857142857143,60.71904761904762,3.75952380952381,5.04,5.63,0.01,14022.68,66.77
827,TechHub9489,Mid,East India,"Sports,Home,Electronics,Grocery,Fashion,Beauty",4.74,104,140,2053594.97,19746.11,40.02857142857144,33.345238095238095,29.9452380952381,3.3999999999999995,8.49,5.57,0.1,7238.72,69.6
828,GlobalHub9247,Mid,South India,"Beauty,Home,Fashion,Electronics",3.55,770,1057,3437654.19,4464.49,283.2690476190477,237.27142857142854,215.31904761904755,22.285714285714285,7.87,5.62,0.02,51775.85,67.33
829,NationalWholesale9717,Long Tail,Central India,"Grocery,Sports",4.01,630,858,8287516.68,13154.79,241.6619047619048,201.88095238095232,187.4523809523809,14.678571428571427,6.07,6.07,-0.06,53263.42,84.55
830,SuperDistribution2251,Long Tail,North India,Beauty,4.42,1615,2229,63855323.59,39538.9,607.8380952380955,505.12857142857183,466.1142857142861,42.41428571428571,6.98,5.44,0.0,111412.33,69.03
831,FutureMart6940,Mid,South India,"Electronics,Beauty",4.26,218,298,4703164.01,21574.15,79.38333333333333,65.21666666666667,59.89047619047619,5.826190476190476,7.34,6.25,-0.08,17575.49,80.62
832,DigitalKart2943,Long Tail,South India,"Grocery,Sports,Home,Electronics",3.58,1283,1807,19482014.93,15184.73,474.5071428571432,400.0404761904765,363.5023809523812,36.988095238095234,7.8,6.36,0.04,113129.36,88.18
833,PrimeSupply2830,Mid,North India,"Fashion,Sports,Home,Electronics,Beauty,Grocery",4.33,53,77,10592610.68,199860.58,21.45,18.383333333333333,16.6,1.7833333333333332,8.31,5.58,0.09,3514.69,66.31
834,MegaEnterprise9412,Mid,Central India,"Beauty,Electronics,Fashion,Grocery",4.76,1194,1662,19298936.16,16163.26,445.23333333333363,378.4047619047621,346.45952380952394,32.97857142857143,7.41,5.82,-0.0,92282.71,77.48
835,DigitalImports1168,Long Tail,North India,"Electronics,Home,Sports,Beauty",3.54,143,209,2151281.59,15043.93,52.49047619047618,45.58095238095238,42.32857142857143,3.2523809523809524,6.2,6.23,-0.06,12429.21,86.92
836,GlobalMarketplace4277,Long Tail,South India,Grocery,3.86,176,245,3443914.85,19567.7,72.3,59.60476190476191,55.82142857142857,3.783333333333333,5.23,5.45,0.03,12833.44,72.92
837,FastMarketplace6698,Long Tail,East India,"Electronics,Sports,Fashion",4.59,161,224,6512866.37,40452.59,62.2904761904762,53.07380952380952,45.27857142857143,7.795238095238096,12.51,5.78,0.0,13368.04,83.03
838,UrbanWholesale1229,Mid,Central India,"Sports,Grocery,Fashion,Home,Electronics",4.41,589,828,19515950.25,33134.04,213.27380952380946,177.35476190476186,156.9238095238095,20.930952380952384,9.81,5.8,0.07,40489.01,68.74
839,GlobalDistribution9260,Long Tail,West India,"Fashion,Home,Sports,Grocery,Electronics,Beauty",3.76,594,818,4169805.71,7019.87,225.5714285714285,189.3785714285714,176.3428571428571,13.36904761904762,5.93,7.07,-0.07,67472.33,113.59
840,FutureSupply7948,Long Tail,South India,"Grocery,Fashion,Beauty,Home,Electronics,Sports",4.7,103,141,3823052.22,37117.01,40.62857142857143,36.669047619047625,35.30238095238095,1.3666666666666667,3.36,6.01,-0.03,8282.39,80.41
841,ModernStore8633,Premium,North India,"Beauty,Electronics",4.63,662,912,40335159.29,60929.24,248.79761904761907,210.82857142857142,193.40952380952376,18.061904761904763,7.26,5.67,-0.01,47550.06,71.83
842,DigitalBazaar1665,Long Tail,North India,"Beauty,Home",4.66,1144,1541,102921278.85,89966.15,432.0595238095241,363.8904761904763,335.40476190476204,28.985714285714284,6.71,5.57,0.01,81692.49,71.41
843,VertexExports6111,Mid,West India,"Electronics,Beauty,Home,Fashion",4.52,557,785,2496415.59,4481.9,211.69523809523804,182.32380952380947,170.94523809523804,12.461904761904762,5.89,5.25,-0.01,35966.72,64.57
844,ExpressImports7020,Long Tail,South India,"Beauty,Home,Sports,Electronics,Grocery",4.89,1083,1506,35387644.36,32675.57,408.59761904761916,345.0309523809525,315.5642857142858,31.96666666666667,7.82,5.61,0.01,78438.52,72.43
845,SmartSupply7563,Mid,Central India,"Beauty,Electronics,Sports,Fashion,Grocery,Home",3.6,1761,2381,18092660.54,10274.08,642.8761904761907,551.7309523809528,504.06190476190517,48.91904761904762,7.61,5.04,-0.02,106320.38,60.48
846,VertexWholesale7623,Long Tail,North India,"Fashion,Electronics,Home,Grocery,Sports,Beauty",4.74,1228,1722,15056004.93,12260.59,455.711904761905,378.411904761905,354.58095238095257,25.580952380952382,5.61,6.08,-0.06,109533.81,89.34
847,ApexMarketplace5472,Premium,West India,"Sports,Beauty,Home,Grocery",4.66,574,758,6587530.53,11476.53,230.65238095238098,200.0428571428571,182.1380952380952,17.9047619047619,7.76,5.62,-0.05,43943.38,76.56
848,NationalMart3414,Long Tail,West India,"Sports,Grocery,Beauty,Fashion",4.02,1199,1637,53331782.54,44480.22,454.0595238095241,386.5880952380954,360.5928571428573,26.695238095238093,5.88,5.48,-0.02,82845.84,69.1
849,ExpressTraders4781,Long Tail,South India,Home,4.94,124,179,2680746.59,21618.92,50.266666666666666,40.81428571428572,37.49761904761905,3.5166666666666666,7.0,5.35,-0.07,9177.77,74.01
850,MegaWholesale2117,Long Tail,West India,Sports,4.9,92,125,946953.25,10292.97,30.833333333333336,24.43333333333333,22.757142857142856,1.676190476190476,5.44,6.53,-0.09,8780.06,95.44
851,QuickMarketplace6356,Premium,South India,Fashion,4.42,163,222,3937730.71,24157.86,61.449999999999996,48.50714285714286,46.50714285714285,2.333333333333333,3.8,5.78,-0.12,11563.37,70.94
852,SuperRetail5809,Long Tail,West India,"Grocery,Electronics,Sports,Home,Fashion",3.98,2188,3052,44943919.54,20541.1,834.1690476190475,709.5833333333335,658.7261904761906,51.9404761904762,6.23,5.66,-0.01,162241.69,74.29
853,MegaSupply2951,Mid,West India,"Home,Grocery,Sports,Beauty,Electronics",4.92,638,893,7249269.87,11362.49,238.3214285714286,197.79761904761904,174.31190476190474,23.485714285714284,9.85,5.67,0.02,44513.54,69.88
854,MegaKart3897,Long Tail,Central India,"Beauty,Sports,Grocery",4.61,616,846,4832030.68,7844.21,229.97380952380956,197.56428571428572,180.8833333333333,16.68095238095238,7.25,5.81,0.01,45045.86,73.25
855,ValueHub6119,Mid,West India,"Sports,Fashion,Beauty",3.92,134,188,2896708.83,21617.23,47.9404761904762,39.59761904761905,35.75476190476191,3.8428571428571425,8.02,6.23,0.13,10188.15,76.03
857,FastTraders7189,Premium,Central India,"Grocery,Fashion,Electronics,Sports",4.56,156,204,4630459.29,29682.43,59.02142857142856,47.97142857142857,46.27142857142857,1.9,3.22,5.43,-0.12,11416.38,73.18
858,TechMarketplace1739,Long Tail,South India,"Home,Sports,Electronics",4.99,1157,1618,11366689.51,9824.28,431.3357142857146,360.6880952380954,330.13333333333344,30.888095238095243,7.16,5.91,0.02,87923.68,76.12
859,ModernSupply2594,Long Tail,West India,"Home,Grocery,Electronics",4.01,94,131,1587777.43,16891.25,35.3952380952381,29.419047619047625,24.969047619047622,4.65,13.14,6.47,0.17,8227.19,87.52
860,NextRetail4844,Premium,East India,"Beauty,Home,Electronics",4.16,64,96,73588.31,1149.82,23.595238095238095,19.46904761904762,18.81904761904762,0.65,2.75,5.43,-0.02,4540.01,70.94
861,PrimeWholesale5995,Long Tail,North India,Sports,4.02,75,98,1687838.77,22504.52,29.3952380952381,24.352380952380955,22.95238095238095,1.4,4.76,5.05,-0.11,5015.34,66.87
862,ModernKart8551,Long Tail,West India,"Electronics,Grocery",4.9,1629,2294,43328249.13,26598.07,608.2904761904765,519.6071428571432,483.3928571428575,37.28095238095238,6.13,5.13,-0.02,98137.41,60.47
863,ApexKart6185,Long Tail,West India,"Beauty,Home,Electronics,Grocery,Fashion",4.06,649,902,17102020.89,26351.34,237.3047619047619,196.56904761904758,178.79999999999995,18.21904761904762,7.68,5.87,0.02,47693.77,73.49
864,UrbanExports4373,Long Tail,East India,"Home,Grocery,Electronics,Fashion",3.59,1405,1919,29260526.01,20826.0,519.069047619048,440.9476190476194,408.6904761904765,34.090476190476195,6.57,6.12,-0.01,123512.29,87.97
865,FutureSupply4305,Long Tail,West India,"Sports,Home,Fashion,Grocery,Beauty",3.74,1125,1571,3431339.09,3050.08,426.53333333333353,358.3738095238096,332.4261904761905,26.697619047619046,6.26,6.36,-0.02,106172.83,94.38
866,GlobalMart5344,Long Tail,North India,Grocery,3.73,61,84,130586.08,2140.76,21.50714285714286,18.24761904761905,18.24761904761905,0.0,0.0,5.02,-0.18,3785.23,62.05
867,ApexCommerce5478,Mid,North India,"Beauty,Fashion,Electronics,Home,Sports",4.17,644,873,25585392.05,39728.87,234.83095238095237,197.24761904761897,181.56904761904758,15.82142857142857,6.74,5.98,-0.0,49232.05,76.57
868,DigitalBazaar5913,Mid,West India,"Beauty,Sports,Fashion,Grocery,Electronics",3.87,573,780,103700593.33,180978.35,206.05238095238087,179.68095238095233,167.60476190476186,12.276190476190477,5.96,5.82,-0.06,41578.17,72.69
869,VertexBazaar8425,Long Tail,Central India,"Home,Fashion,Beauty,Grocery,Sports",4.49,1219,1687,5793872.34,4752.97,462.369047619048,374.95714285714314,340.47857142857157,35.70476190476191,7.72,5.61,0.05,88021.0,72.39
870,NationalWholesale4056,Long Tail,Central India,Sports,4.63,133,182,4746224.48,35685.9,45.60714285714287,36.28571428571429,34.0,2.2857142857142856,5.01,5.95,0.04,8830.23,66.39
871,FastDistribution9728,Mid,Central India,"Sports,Beauty",4.86,153,223,4036780.01,26384.18,52.33095238095238,42.721428571428575,40.788095238095245,1.9333333333333331,3.69,5.56,-0.08,9751.71,63.74
872,SuperHub4938,Mid,South India,"Grocery,Electronics,Fashion,Beauty",4.64,126,171,1475236.97,11708.23,45.7547619047619,37.43571428571429,33.80238095238096,3.8000000000000003,8.31,5.82,0.06,9482.62,75.26
873,ValueMart5702,Long Tail,South India,"Home,Beauty,Grocery,Fashion,Electronics,Sports",3.51,59,92,1029967.3,17457.07,23.769047619047615,19.06904761904762,17.985714285714284,1.0833333333333333,4.56,6.08,-0.18,6705.47,113.65
874,GlobalKart5023,Long Tail,East India,"Grocery,Fashion,Beauty,Electronics,Home,Sports",4.5,138,191,7719523.98,55938.58,56.64523809523809,48.69523809523809,42.05952380952381,6.802380952380953,12.01,6.4,0.06,12923.92,93.65
875,MegaRetail3610,Premium,East India,"Grocery,Beauty,Sports,Home",4.1,1179,1652,93897334.94,79641.51,438.33809523809555,366.44285714285735,326.74285714285725,43.63333333333333,9.95,5.77,0.04,85909.04,72.87
876,FastImports3883,Mid,North India,Home,4.84,819,1140,6881183.34,8401.93,323.5452380952382,278.53095238095244,258.3380952380953,20.192857142857143,6.24,5.14,0.01,51945.64,63.43
877,VertexMart2041,Long Tail,West India,"Electronics,Sports,Grocery,Fashion",3.97,735,998,4760284.67,6476.58,281.63095238095246,241.1880952380953,224.09285714285716,17.87857142857143,6.35,4.98,0.01,46420.98,63.16
878,UrbanMarketplace9196,Long Tail,North India,"Sports,Electronics,Beauty,Home,Grocery,Fashion",3.91,560,801,35825073.35,63973.35,205.37142857142857,174.5785714285714,152.34047619047618,22.57142857142857,10.99,6.66,0.07,51702.33,92.33
879,VertexStore6134,Premium,East India,"Grocery,Sports,Home,Fashion,Electronics,Beauty",3.78,125,180,788451.3,6307.61,44.8547619047619,35.00238095238095,33.46666666666666,1.5357142857142856,3.42,5.36,-0.02,7927.81,63.42
880,SmartStore3869,Mid,South India,"Sports,Beauty,Fashion,Grocery,Electronics",4.14,93,114,1498982.33,16118.09,37.497619047619054,31.06190476190476,25.52857142857143,5.533333333333333,14.76,5.12,0.04,6019.73,64.73
881,ReliableCommerce2850,Mid,East India,"Beauty,Home,Electronics,Fashion",3.68,103,145,7848957.47,76203.47,36.707142857142856,28.257142857142856,26.614285714285714,1.6428571428571428,4.48,5.99,-0.16,8090.55,78.55
882,FutureTraders7025,Long Tail,East India,"Beauty,Fashion,Home,Electronics",4.3,747,1058,9019584.07,12074.41,281.1309523809524,233.98095238095232,214.8999999999999,19.747619047619047,7.02,6.55,-0.04,68531.92,91.87
883,ReliableSupply6067,Premium,East India,"Grocery,Electronics,Sports,Home,Beauty,Fashion",4.24,592,867,1960101.48,3310.98,216.2428571428571,179.3071428571428,166.53095238095233,13.35952380952381,6.18,5.29,-0.03,36532.06,61.71
884,QuickDistribution5186,Mid,East India,"Electronics,Grocery,Fashion,Beauty,Home,Sports",4.39,640,891,2858726.95,4466.76,228.02142857142854,197.35952380952375,183.94999999999996,13.90952380952381,6.1,5.28,-0.02,40763.23,63.69
885,EliteDistribution8190,Long Tail,East India,"Home,Fashion",3.75,160,208,2763846.46,17274.04,61.30952380952381,52.38333333333333,50.55714285714286,1.8261904761904761,2.98,4.98,-0.13,10171.95,63.57
886,ValueDistribution6451,Mid,West India,"Beauty,Electronics,Home,Grocery,Fashion,Sports",4.32,1208,1656,10733305.32,8885.19,447.81428571428614,369.15476190476215,329.40476190476204,40.66666666666667,9.08,5.84,0.03,89242.5,74.0
887,FastBazaar2087,Long Tail,East India,Fashion,4.02,85,112,1835671.59,21596.14,30.95,22.571428571428573,19.761904761904763,3.0095238095238095,9.72,5.67,0.11,6569.01,77.28
888,MegaImports4010,Mid,West India,"Sports,Grocery,Home,Fashion,Electronics",4.49,712,1018,8286744.66,11638.69,267.3452380952381,227.7880952380952,208.35238095238088,20.185714285714283,7.55,5.12,0.01,43217.17,60.7
889,ApexStore2815,Premium,South India,"Fashion,Electronics,Beauty,Grocery,Sports,Home",4.73,1296,1783,96587440.09,74527.35,492.8571428571431,415.6714285714288,374.9642857142859,41.3,8.38,5.78,0.05,100145.86,77.27
890,ExpressWholesale3187,Mid,East India,"Sports,Fashion,Beauty,Grocery,Home",4.49,653,920,4661622.92,7138.78,259.6976190476191,219.30714285714282,207.15714285714287,14.483333333333333,5.58,5.02,-0.04,41644.3,63.77
891,FutureHub7447,Long Tail,West India,"Grocery,Home,Sports,Electronics,Beauty,Fashion",4.1,74,106,4666140.57,63055.95,30.045238095238087,22.235714285714284,20.81904761904762,1.4166666666666665,4.72,5.73,0.05,5737.97,77.54
892,PrimeTraders4248,Long Tail,East India,"Fashion,Electronics,Grocery,Home,Beauty",3.52,654,916,10311233.29,15766.41,247.7547619047619,209.00952380952376,193.1785714285714,17.497619047619047,7.06,5.34,0.01,42065.85,64.42
893,VertexSupply5262,Long Tail,South India,"Electronics,Beauty",4.7,115,151,4085531.7,35526.36,47.29761904761905,38.13095238095238,34.971428571428575,3.4928571428571424,7.38,5.78,0.01,8776.84,76.32
894,TechExports9615,Mid,West India,"Fashion,Grocery,Electronics",4.37,161,217,8347884.91,51850.22,60.07857142857143,48.7952380952381,43.47857142857143,5.316666666666666,8.85,6.17,-0.01,14047.49,87.25
895,GlobalRetail5361,Long Tail,East India,"Sports,Beauty,Electronics,Grocery",3.68,1216,1639,5746554.58,4725.79,446.5047619047622,378.5833333333335,340.32142857142867,39.345238095238095,8.81,6.28,0.0,104702.24,86.1
896,VertexRetail5636,Mid,South India,"Beauty,Fashion,Sports,Electronics",3.82,652,918,3179898.68,4877.15,243.18809523809526,207.47380952380948,186.47380952380945,21.333333333333332,8.77,6.49,-0.01,58815.09,90.35
897,TechMart5289,Mid,South India,"Beauty,Fashion",4.39,119,148,1099921.53,9243.04,42.885714285714286,37.66666666666667,36.16666666666667,1.4999999999999998,3.5,6.48,-0.06,10569.21,88.82
898,TechTraders3182,Long Tail,East India,"Fashion,Home,Beauty,Electronics",3.55,117,163,3784795.87,32348.68,44.597619047619055,41.16428571428572,38.91428571428572,2.5,5.61,6.48,-0.09,11119.25,95.04
899,ValueExports5198,Premium,North India,"Sports,Fashion,Beauty,Home",4.3,109,142,1474816.88,13530.43,39.29285714285714,32.64047619047619,24.964285714285715,8.00952380952381,20.38,6.27,0.29,8156.01,74.83
900,FutureMarketplace1745,Premium,North India,"Electronics,Sports,Home,Grocery,Fashion",3.76,99,153,5779752.47,58381.34,36.02619047619048,27.75714285714286,25.323809523809523,2.683333333333333,7.45,5.84,0.09,8148.36,82.31
901,SmartDistribution1673,Mid,Central India,"Grocery,Beauty,Home,Fashion,Sports",3.94,119,154,1431306.69,12027.79,47.740476190476194,40.83095238095238,34.84761904761905,6.183333333333334,12.95,5.22,0.1,8044.49,67.6
902,ModernDistribution8669,Premium,South India,"Fashion,Grocery,Beauty",4.73,773,1096,9271651.87,11994.37,282.4857142857143,242.88571428571424,222.1071428571429,22.11190476190476,7.83,5.56,-0.02,52202.49,67.53
903,SmartMart2914,Mid,East India,"Sports,Grocery,Beauty",3.89,196,269,4648477.33,23716.72,73.86904761904762,61.89285714285713,55.37619047619048,6.516666666666667,8.82,5.69,0.01,14092.38,72.27
904,FutureDistribution8046,Long Tail,East India,"Beauty,Home",4.15,647,910,3612430.78,5583.36,239.65952380952382,203.8095238095238,186.76666666666662,18.29285714285714,7.63,5.64,0.02,44589.98,68.92
905,ValueDistribution3703,Long Tail,East India,"Grocery,Home,Sports",3.58,1103,1486,4722461.97,4281.47,405.0571428571431,338.257142857143,313.709523809524,24.880952380952383,6.14,5.1,0.0,64467.95,58.5
906,GlobalHub1894,Long Tail,South India,"Fashion,Grocery,Beauty,Electronics",4.54,747,1055,13285865.38,17785.63,269.84047619047624,236.62619047619046,218.47619047619045,18.483333333333334,6.85,5.29,0.01,45498.34,60.91
907,FastHub8653,Long Tail,West India,Beauty,3.84,556,759,3468950.86,6239.12,204.39285714285708,167.92857142857142,156.56666666666663,12.028571428571428,5.89,5.23,-0.04,34729.01,62.57
908,ReliableTraders8499,Mid,West India,"Electronics,Beauty,Home,Grocery",3.88,96,135,210824.42,2196.09,39.56904761904762,31.442857142857143,28.442857142857143,3.0,7.58,5.04,-0.1,5890.44,61.36
909,EliteWholesale3757,Mid,Central India,"Fashion,Electronics,Home,Grocery,Beauty,Sports",4.04,666,962,8800243.33,13213.58,250.55238095238101,211.47619047619045,199.01428571428568,13.771428571428572,5.5,6.12,-0.03,56501.44,84.96
910,ApexKart9618,Mid,Central India,"Grocery,Sports,Fashion",4.73,128,179,6322108.83,49391.48,51.714285714285715,40.864285714285714,37.554761904761904,3.3095238095238093,6.4,6.16,-0.03,10162.32,79.39
911,UrbanDistribution6384,Long Tail,North India,"Electronics,Fashion,Beauty,Home",4.03,1141,1616,43294519.64,37944.36,425.20000000000044,362.7738095238098,333.7761904761907,28.997619047619047,6.82,5.53,-0.06,80990.52,70.98
912,SmartKart2328,Mid,West India,"Sports,Electronics,Beauty,Fashion,Grocery,Home",4.71,642,854,3967543.75,6179.97,236.54523809523806,196.07142857142853,180.56904761904755,15.835714285714285,6.69,5.14,0.03,39479.74,61.59
913,ModernKart8423,Long Tail,East India,"Sports,Beauty,Grocery,Home,Fashion,Electronics",3.81,27,38,75799.62,2807.39,8.97142857142857,5.995238095238095,5.661904761904761,0.3333333333333333,3.72,6.14,-0.05,1718.42,63.65
914,MegaExports2158,Long Tail,Central India,"Grocery,Fashion,Sports,Electronics,Beauty,Home",4.2,52,66,94362.67,1814.67,20.74047619047619,16.264285714285712,14.72142857142857,1.5428571428571427,7.44,5.35,0.16,3376.08,64.92
915,NextEnterprise7535,Long Tail,North India,"Electronics,Beauty,Home,Sports",4.76,563,765,26947633.24,47864.36,218.20238095238088,183.29999999999998,168.5642857142857,14.735714285714284,6.75,5.87,-0.01,46027.23,81.75
916,QuickMart3525,Long Tail,North India,"Fashion,Beauty",4.07,100,144,4884738.9,48847.39,36.771428571428565,31.321428571428573,27.4047619047619,3.916666666666667,10.65,5.33,0.06,6188.05,61.88
917,UrbanWholesale7020,Mid,Central India,"Beauty,Home,Fashion,Sports",4.74,130,177,2161835.08,16629.5,50.84285714285714,42.67380952380953,37.53095238095238,5.142857142857142,10.12,5.4,0.11,8850.15,68.08
918,ApexMarketplace7931,Long Tail,North India,"Beauty,Sports,Grocery,Fashion",4.19,1642,2243,189909315.94,115657.32,628.7404761904766,528.5595238095241,490.6380952380954,39.58809523809524,6.3,5.4,-0.04,110648.65,67.51
919,ValueStore1662,Long Tail,Central India,"Home,Grocery,Fashion,Beauty",4.9,129,169,1712591.89,13275.91,48.65,37.44761904761906,35.63809523809524,1.8095238095238093,3.72,5.5,-0.04,8582.95,66.53
920,NationalImports9596,Mid,North India,"Sports,Fashion,Grocery,Beauty",4.9,115,149,3341292.34,29054.72,41.23571428571429,32.62380952380953,29.923809523809528,2.8666666666666667,6.95,5.41,-0.05,7928.93,68.95
921,SmartHub5921,Long Tail,South India,"Beauty,Electronics,Sports,Fashion",4.3,1047,1452,10692545.96,10212.56,410.6952380952383,343.40952380952393,319.2714285714286,26.47142857142857,6.45,5.6,-0.03,78994.84,75.59
922,PrimeDistribution1738,Long Tail,Central India,"Home,Grocery,Electronics,Sports",4.21,609,806,2041908.97,3352.89,229.2023809523809,195.32619047619042,179.1333333333333,16.19285714285714,7.06,5.43,-0.01,40681.53,66.8
923,FutureMart2339,Long Tail,Central India,"Beauty,Sports,Electronics,Fashion,Home",3.74,1197,1689,21700976.59,18129.47,453.3095238095241,365.4309523809526,334.49285714285736,31.471428571428564,6.94,5.47,-0.03,81963.53,68.59
924,SuperHub3985,Long Tail,West India,Sports,4.96,277,413,6645691.82,23991.67,108.29523809523809,88.38333333333333,83.72380952380952,4.859523809523809,4.49,5.82,-0.05,22447.28,81.04
925,DigitalCommerce8454,Long Tail,West India,Beauty,4.57,752,1035,7482399.48,9950.0,286.3357142857144,225.55238095238093,205.47380952380948,21.411904761904758,7.48,5.22,0.03,47284.71,62.88
926,EliteStore5248,Premium,North India,"Home,Fashion,Grocery",4.13,613,841,141317186.81,230533.75,234.77380952380952,195.44999999999993,179.93809523809523,16.0952380952381,6.86,5.75,-0.05,45276.47,73.86
927,EliteImports8817,Mid,West India,"Electronics,Sports,Beauty,Grocery,Home",4.42,152,234,4463302.27,29363.83,52.32619047619048,44.84047619047619,43.02380952380952,1.8166666666666664,3.47,5.59,-0.06,10467.73,68.87
928,VertexWholesale6910,Long Tail,West India,"Sports,Grocery,Beauty,Fashion",4.49,1277,1795,252375285.51,197631.39,466.3309523809527,390.0452380952383,357.6904761904764,34.97380952380952,7.5,6.25,-0.03,108764.15,85.24
929,TechRetail2833,Long Tail,North India,"Electronics,Fashion,Grocery",4.03,232,324,5693186.71,24539.6,88.46428571428571,69.93333333333332,61.29047619047619,8.809523809523808,9.96,5.49,0.07,16769.54,72.28
930,ExpressImports3378,Mid,South India,"Electronics,Fashion",4.1,691,962,11911408.83,17237.93,262.5904761904762,226.25238095238092,207.4857142857143,19.766666666666666,7.53,7.24,-0.06,79615.85,115.22
931,ExpressSupply1357,Mid,North India,"Grocery,Fashion,Electronics,Sports,Home,Beauty",4.72,1162,1622,24412761.0,21009.26,431.5309523809527,357.47619047619065,329.0309523809525,29.588095238095242,6.86,7.93,0.02,152466.23,131.32
932,ExpressTraders1321,Long Tail,West India,"Sports,Beauty",4.06,624,883,6945354.96,11130.38,228.8738095238095,193.9119047619047,179.45238095238093,15.126190476190477,6.61,5.3,-0.02,39033.85,62.76
933,ApexWholesale7418,Long Tail,North India,"Fashion,Home",3.66,629,874,7177412.8,11410.83,225.31190476190477,194.0833333333333,178.87142857142854,15.411904761904761,6.84,6.22,-0.04,50436.26,80.18
934,ValueSupply9121,Long Tail,Central India,Electronics,4.12,1086,1531,9801786.74,9025.59,412.8904761904765,355.74761904761925,326.92380952380967,29.523809523809526,7.15,5.87,-0.01,84704.33,78.07
935,NationalMarketplace8993,Mid,South India,"Grocery,Home,Electronics,Fashion,Sports,Beauty",4.49,1153,1617,11049549.96,9583.3,426.9880952380955,354.5500000000002,328.66190476190496,26.930952380952384,6.31,5.06,-0.01,67211.62,58.44
936,TechSupply6174,Mid,Central India,Grocery,4.09,546,753,25352929.22,46433.94,198.73809523809516,167.25476190476186,158.5023809523809,9.585714285714285,4.82,5.27,-0.03,34209.21,62.77
937,UrbanTraders6681,Premium,West India,"Sports,Beauty,Grocery",3.74,1268,1773,79859039.99,62980.32,482.5380952380955,404.31666666666695,373.3761904761907,32.523809523809526,6.74,5.61,0.02,89366.71,70.48
938,GlobalTraders6633,Long Tail,West India,"Electronics,Fashion,Home,Beauty",3.56,26,33,78488.38,3018.78,7.852380952380953,7.435714285714286,6.45952380952381,0.976190476190476,12.43,5.96,0.33,1403.24,53.97
939,SmartDistribution5806,Mid,West India,"Fashion,Grocery,Home,Beauty,Sports",3.75,698,989,93011397.36,133254.15,272.86666666666673,234.83333333333331,212.80476190476188,23.678571428571427,8.68,5.47,-0.01,51158.88,73.29
940,PrimeImports8911,Long Tail,South India,"Sports,Home,Beauty,Electronics,Grocery,Fashion",4.34,638,894,1623783.43,2545.12,225.62619047619046,189.60952380952375,174.18333333333328,15.926190476190474,7.06,5.52,-0.06,42659.04,66.86
941,ExpressStore7815,Mid,West India,"Fashion,Grocery",4.25,552,737,2397168.95,4342.7,216.10952380952378,185.07142857142853,169.74047619047613,17.030952380952378,7.88,5.16,0.01,35579.57,64.46
942,MegaKart6878,Long Tail,East India,"Fashion,Grocery",4.94,620,878,29509287.4,47595.62,241.5595238095238,194.2690476190476,179.34047619047615,16.095238095238095,6.66,5.92,0.0,48618.18,78.42
943,UrbanMarketplace4714,Long Tail,North India,"Fashion,Sports,Electronics,Beauty,Grocery,Home",4.83,224,304,5096085.91,22750.38,85.60238095238095,71.11666666666666,65.54761904761904,5.569047619047619,6.51,5.58,0.06,16297.31,72.76
944,ModernEnterprise6820,Long Tail,North India,"Beauty,Home",4.87,480,680,1344404.68,2800.84,181.8880952380952,152.93571428571425,141.76904761904757,11.666666666666666,6.41,5.2,-0.01,30228.65,62.98
945,SuperEnterprise8489,Mid,North India,"Home,Fashion,Electronics,Sports,Beauty",4.44,119,156,584313.58,4910.2,39.95238095238095,35.142857142857146,31.77619047619048,3.3666666666666663,8.43,5.01,0.0,6859.62,57.64
946,EliteImports2934,Premium,South India,"Grocery,Electronics,Sports,Home,Beauty",4.63,560,746,8862717.57,15826.28,210.69047619047615,172.85952380952378,153.65714285714284,19.702380952380953,9.35,5.03,0.02,32539.05,58.11
947,SuperEnterprise9288,Mid,West India,"Sports,Home",4.52,621,868,44618184.38,71848.93,241.7238095238095,205.7547619047619,184.98571428571424,21.26904761904762,8.8,5.63,0.06,46070.49,74.31
948,FutureCommerce3257,Long Tail,North India,Fashion,4.6,587,788,9547083.76,16264.2,221.89047619047614,185.36904761904756,173.0023809523809,12.616666666666667,5.69,4.89,-0.04,35413.28,60.33
949,TechRetail8760,Long Tail,East India,"Beauty,Sports",3.72,561,791,114167297.74,203506.77,206.79761904761898,173.76904761904757,160.16666666666666,14.278571428571428,6.9,5.36,-0.04,36568.73,65.18
950,FutureImports5021,Long Tail,South India,"Fashion,Electronics,Home,Sports,Beauty",4.31,260,343,15232354.05,58585.98,95.04761904761904,80.88571428571429,71.49999999999999,10.385714285714284,10.93,5.43,0.04,16545.18,63.64
951,ValueDistribution8516,Long Tail,Central India,"Beauty,Fashion,Grocery,Sports,Home",4.15,185,261,2161630.56,11684.49,65.68095238095238,55.219047619047615,51.326190476190476,4.226190476190476,6.43,5.84,-0.03,14000.5,75.68
952,PrimeCommerce6157,Long Tail,West India,"Home,Electronics,Beauty,Grocery,Sports,Fashion",4.87,492,673,868812.87,1765.88,183.79047619047617,154.14999999999995,143.29999999999998,11.35,6.18,5.12,0.03,30075.88,61.13
953,QuickEnterprise1607,Mid,South India,"Beauty,Electronics",4.77,1174,1654,19399978.44,16524.68,437.6476190476193,380.8285714285716,354.83571428571446,26.892857142857146,6.14,5.23,-0.02,73288.0,62.48
954,NationalMart7869,Long Tail,West India,Sports,4.27,813,1101,58066014.47,71421.91,322.2285714285716,269.4952380952381,247.88095238095235,23.064285714285713,7.16,5.23,0.07,55680.39,68.57
955,NationalMarketplace3406,Long Tail,West India,"Grocery,Home,Sports,Fashion,Electronics,Beauty",4.36,1230,1734,13930724.98,11325.79,472.3880952380955,405.3714285714288,372.62619047619063,33.411904761904765,7.07,6.34,-0.03,111746.65,90.92
956,GlobalDistribution5940,Mid,North India,"Fashion,Grocery,Beauty,Home,Sports,Electronics",3.56,1785,2478,157719075.77,88358.03,665.4357142857145,562.4928571428575,518.4023809523812,44.75714285714285,6.73,5.46,-0.01,121779.9,68.26
957,GlobalStore9383,Long Tail,Central India,"Home,Beauty,Fashion,Sports,Grocery",3.51,649,900,6394656.72,9853.09,238.10238095238094,204.52857142857138,191.47380952380945,13.054761904761905,5.48,6.5,-0.08,57992.82,89.5
958,NextWholesale5979,Premium,West India,"Home,Fashion,Electronics,Beauty,Grocery",4.95,207,297,5498910.63,26564.79,75.02380952380952,63.061904761904756,59.79285714285714,3.2690476190476185,4.36,6.39,-0.11,17475.14,84.42
959,MegaWholesale7110,Mid,East India,Sports,4.59,654,935,7966951.5,12181.88,253.7071428571429,215.51666666666668,199.62380952380948,16.642857142857142,6.56,5.09,0.01,41176.51,62.96
960,SuperMart1085,Long Tail,West India,"Home,Electronics,Grocery,Sports,Beauty",4.51,653,899,169669928.9,259831.44,245.55714285714282,212.24999999999991,200.09523809523805,12.821428571428571,5.22,5.28,-0.05,44839.44,68.67
961,ApexExports9737,Premium,Central India,"Sports,Grocery",4.92,633,869,1204211.61,1902.39,227.64285714285714,191.34285714285716,179.92857142857136,11.664285714285715,5.12,5.14,-0.03,37074.97,58.57
962,QuickBazaar5057,Long Tail,North India,"Home,Sports,Fashion",4.67,2213,3050,18721969.43,8460.0,838.8000000000002,700.0238095238097,641.6904761904766,60.41666666666667,7.2,5.38,-0.03,150997.1,68.36
963,SmartExports7974,Mid,West India,"Grocery,Fashion,Home,Sports,Electronics",4.99,1308,1810,3196491.88,2443.8,471.72857142857174,397.63333333333355,364.861904761905,34.63809523809524,7.34,5.3,-0.03,83907.54,64.2
964,ValueDistribution3130,Mid,West India,Electronics,4.41,724,1014,6187567.43,8546.36,280.82619047619056,232.8095238095238,214.97619047619045,20.166666666666668,7.18,6.85,-0.02,79351.84,109.91
965,ReliableBazaar7468,Mid,East India,"Electronics,Home,Beauty,Grocery",4.53,78,100,1744966.21,22371.36,34.1047619047619,28.961904761904766,23.461904761904762,5.5,16.13,5.68,0.22,5738.43,73.57
966,ExpressExports7830,Mid,South India,"Sports,Beauty,Grocery,Home",4.91,109,147,662792.93,6080.67,41.5047619047619,33.378571428571426,32.03571428571428,1.676190476190476,4.04,5.29,0.04,7296.64,66.94
967,GlobalTraders8755,Long Tail,North India,"Fashion,Beauty,Grocery,Electronics,Home",4.43,146,207,503105.34,3445.93,59.014285714285705,51.66904761904762,48.55238095238095,3.1166666666666663,5.28,5.57,-0.08,11404.57,78.11
968,UrbanMarketplace7694,Mid,North India,"Grocery,Home",3.96,65,97,103123.67,1586.52,22.454761904761906,20.504761904761907,19.504761904761907,1.0,4.45,4.66,-0.24,3613.71,55.6
969,NationalHub2929,Long Tail,East India,"Grocery,Home,Electronics",4.13,139,187,1992613.69,14335.35,49.33095238095238,41.21190476190476,38.42857142857143,2.783333333333333,5.64,6.17,0.02,10374.84,74.64
970,TechEnterprise3340,Long Tail,South India,"Home,Sports,Beauty",3.76,61,81,2055255.71,33692.72,20.076190476190476,18.7,18.107142857142858,0.5928571428571429,2.95,5.77,-0.11,4387.72,71.93
971,EliteWholesale9008,Long Tail,North India,"Beauty,Electronics,Home,Fashion,Grocery",4.64,95,134,1034010.02,10884.32,39.96190476190476,32.49285714285715,31.826190476190476,0.6666666666666666,1.67,5.61,-0.19,8088.74,85.14
972,ApexMart8411,Long Tail,East India,"Home,Electronics,Grocery,Fashion,Sports",3.63,170,235,4632763.91,27251.55,66.3952380952381,58.028571428571425,53.10238095238095,4.926190476190476,7.42,5.73,0.03,13868.79,81.58
973,NationalImports8551,Long Tail,West India,"Beauty,Grocery,Fashion,Electronics",3.65,2313,3108,70548813.19,30501.0,886.0857142857144,758.011904761905,691.8261904761907,69.18571428571428,7.81,5.76,0.0,176225.62,76.32
974,VertexSupply7344,Mid,South India,"Fashion,Home,Electronics,Grocery",4.49,160,220,11468345.93,71677.16,56.53571428571429,49.076190476190476,43.959523809523816,5.116666666666666,9.05,6.14,0.01,13366.55,83.54
975,FastImports2450,Premium,South India,"Grocery,Electronics,Beauty",3.74,698,959,8081484.92,11578.06,257.3119047619048,225.21904761904756,207.22142857142853,18.664285714285715,7.25,5.2,-0.01,42034.56,60.22
976,DigitalBazaar3028,Mid,Central India,Grocery,3.54,1276,1794,12134846.86,9510.07,474.0642857142861,405.214285714286,367.83333333333354,38.16428571428572,8.05,5.23,0.02,79574.53,62.46
977,ApexEnterprise1866,Long Tail,Central India,"Grocery,Sports",4.96,117,160,4320994.64,36931.58,42.364285714285714,37.430952380952384,34.930952380952384,2.5,5.9,5.58,0.0,7522.72,64.3
978,TechStore9713,Premium,South India,"Beauty,Grocery",3.85,699,972,19696538.5,28178.17,261.9619047619048,227.70714285714283,211.68571428571423,17.354761904761904,6.62,7.2,-0.06,81756.22,116.96
979,PrimeEnterprise9741,Long Tail,Central India,"Fashion,Sports,Beauty",4.89,198,288,5402476.59,27285.24,70.14999999999999,60.07857142857143,56.37857142857143,4.2,5.99,5.63,-0.08,14029.29,70.86
980,ModernSupply3957,Long Tail,West India,"Grocery,Electronics,Beauty,Sports",3.58,1329,1800,13118283.46,9870.79,511.816666666667,427.9190476190479,389.83809523809543,38.864285714285714,7.59,5.81,-0.04,98940.78,74.45
981,UrbanBazaar3755,Mid,East India,"Home,Beauty,Sports,Electronics,Grocery",4.36,607,831,59086760.58,97342.27,234.80952380952382,196.29761904761904,180.06190476190474,16.235714285714284,6.91,4.8,0.0,34232.06,56.49
982,SmartMart7672,Long Tail,South India,"Home,Electronics",3.54,107,145,3967921.92,37083.38,43.304761904761904,38.63809523809523,36.07142857142857,2.566666666666667,5.93,5.8,0.04,8565.19,80.05
983,DigitalSupply2617,Mid,East India,"Home,Fashion,Electronics,Sports,Beauty",3.52,1775,2451,41173363.04,23196.26,685.5761904761906,579.014285714286,536.8238095238098,43.85714285714285,6.4,5.56,-0.02,126157.08,71.23
984,MegaRetail4925,Premium,Central India,"Home,Sports,Beauty,Electronics",3.96,180,263,13233279.32,73518.22,70.61666666666666,55.140476190476186,50.74047619047619,4.6000000000000005,6.51,6.08,0.11,14230.37,79.06
985,NationalSupply2885,Long Tail,East India,"Beauty,Grocery",4.38,94,124,5359863.76,57019.83,36.438095238095244,31.261904761904766,28.92857142857143,2.333333333333333,6.4,5.79,-0.16,8417.68,89.55
986,PrimeTraders1473,Long Tail,West India,"Beauty,Grocery,Sports",4.96,111,161,2041726.58,18393.93,38.40714285714286,33.72380952380953,31.347619047619048,2.3761904761904766,6.19,6.02,-0.13,8859.44,79.81
987,ReliableMarketplace2663,Long Tail,South India,"Electronics,Home",3.91,195,263,1876946.98,9625.37,72.56190476190474,58.47380952380953,53.63809523809525,4.835714285714285,6.66,6.88,0.01,17844.9,91.51
988,SuperStore9199,Long Tail,South India,"Sports,Fashion,Home,Beauty,Grocery",3.91,567,831,1237977.64,2183.38,210.79285714285714,177.16666666666663,162.11428571428567,15.052380952380952,7.14,4.94,-0.03,32653.76,57.59
989,EliteEnterprise5016,Mid,Central India,"Home,Grocery",4.06,59,81,1684553.29,28551.75,22.204761904761906,19.611904761904764,17.719047619047622,1.8928571428571428,8.52,7.49,0.08,6385.41,108.23
990,EliteKart1985,Long Tail,West India,"Beauty,Electronics,Grocery,Fashion,Home",3.58,828,1143,22804436.87,27541.59,310.8976190476192,266.59523809523813,237.2428571428571,29.85238095238095,9.6,5.31,0.02,55698.24,67.35
991,ApexWholesale9361,Long Tail,East India,"Home,Beauty,Sports,Grocery,Electronics",4.75,2246,3147,99393132.1,44253.4,840.0047619047618,706.3952380952383,648.6809523809525,59.914285714285725,7.13,5.48,0.01,154741.03,69.08
992,ApexStore5925,Long Tail,North India,"Sports,Grocery",3.84,113,158,3054571.32,27031.6,41.93095238095238,35.471428571428575,32.91190476190476,2.7595238095238095,6.58,5.53,0.1,7596.72,67.23
993,ModernImports5282,Mid,West India,"Electronics,Fashion,Home,Grocery,Sports,Beauty",4.73,105,144,2524997.63,24047.6,41.31428571428571,37.69761904761905,36.44761904761905,1.25,3.03,5.94,-0.05,8422.13,80.21
994,ModernRetail8533,Long Tail,Central India,"Sports,Home",3.64,1148,1566,14170905.35,12343.99,421.79761904761926,342.94047619047626,313.9523809523811,30.154761904761905,7.15,6.3,-0.04,105395.36,91.97
995,SmartImports1033,Mid,Central India,Sports,4.01,212,309,4006628.3,18899.19,79.34047619047618,68.48333333333333,62.800000000000004,5.683333333333334,7.16,4.76,0.01,12407.35,58.53
996,EliteSupply9011,Premium,West India,Electronics,3.63,597,860,2498521.13,4185.13,238.2428571428571,200.1595238095238,186.697619047619,13.461904761904762,5.65,4.93,-0.08,38340.06,64.22
997,PrimeBazaar1507,Long Tail,West India,Sports,4.63,88,126,262235.0,2979.94,31.26904761904762,24.919047619047618,22.635714285714283,2.6166666666666667,8.37,5.79,-0.04,6846.55,77.8
998,QuickWholesale6864,Mid,West India,Home,4.24,635,864,1956119.74,3080.5,231.53809523809522,195.6023809523809,183.39761904761903,12.204761904761904,5.27,6.07,-0.04,53792.5,84.71
999,TechRetail1324,Long Tail,East India,"Electronics,Sports,Beauty,Fashion,Grocery,Home",4.0,65,94,1176122.13,18094.19,24.10952380952381,20.676190476190474,19.00952380952381,1.9999999999999998,8.3,8.05,-0.07,8908.9,137.06
1000,NextTraders6947,Long Tail,North India,"Home,Fashion,Electronics,Sports,Grocery,Beauty",4.29,64,86,5330478.78,83288.73,26.80238095238095,20.469047619047622,18.935714285714287,1.5333333333333332,5.72,5.15,-0.02,4087.81,63.87
1001,GlobalWholesale7489,Mid,North India,"Sports,Grocery,Fashion,Electronics",4.36,203,278,1958768.1,9649.1,73.91666666666666,64.99761904761904,60.404761904761905,4.842857142857143,6.55,5.02,-0.02,12527.62,62.02
1002,EliteBazaar4174,Long Tail,Central India,"Grocery,Sports,Beauty",4.64,1160,1600,5519164.23,4757.9,443.8142857142861,371.14047619047636,341.3404761904764,31.03333333333333,6.99,5.51,-0.03,81226.94,70.08
1003,SmartMart4734,Long Tail,Central India,"Grocery,Sports,Fashion,Electronics,Home,Beauty",3.72,696,975,14556779.81,20914.91,285.50952380952384,238.73571428571424,221.86904761904756,17.866666666666667,6.26,5.0,-0.04,45201.73,64.95
1004,ReliableDistribution8437,Long Tail,North India,"Fashion,Electronics,Home",4.04,189,274,2928508.78,15494.76,78.03095238095239,64.78809523809524,57.92857142857142,6.85952380952381,8.79,6.01,0.0,17179.85,90.9
1005,UrbanImports9491,Long Tail,West India,"Sports,Electronics,Home,Fashion,Beauty,Grocery",4.52,1794,2452,159972057.71,89170.6,666.664285714286,554.0523809523812,514.6452380952385,41.607142857142854,6.24,6.25,-0.04,150937.89,84.13
1006,MegaMart7882,Long Tail,Central India,"Grocery,Electronics,Fashion",3.55,649,901,44844895.75,69098.45,243.1809523809523,207.96904761904756,187.24761904761903,20.72142857142857,8.52,5.27,-0.01,42860.69,66.25
1007,ModernStore1415,Long Tail,South India,"Electronics,Beauty,Fashion",4.55,1197,1658,221540981.16,185080.18,431.06904761904804,363.37619047619074,330.15476190476215,34.054761904761904,7.9,6.21,0.0,96425.73,80.69
1008,ModernMart2029,Long Tail,North India,"Electronics,Fashion,Grocery,Sports",4.46,1286,1771,3642050.82,2832.08,478.4404761904766,398.4333333333336,371.74761904761925,27.661904761904765,5.78,4.99,-0.03,76683.97,59.82
1009,NextStore8759,Mid,South India,"Beauty,Electronics,Home,Fashion",4.83,36,53,11603913.06,322330.92,12.142857142857142,10.309523809523808,9.476190476190476,0.8333333333333333,6.86,6.12,-0.09,3023.13,83.98
1010,NationalEnterprise4878,Long Tail,North India,Home,3.95,1757,2437,28312584.07,16114.16,663.6976190476191,566.9880952380955,510.869047619048,58.36904761904761,8.79,5.72,0.06,125941.96,71.8
1011,ApexStore2401,Mid,North India,"Grocery,Beauty,Electronics,Home,Fashion",4.12,569,819,25311961.74,44484.99,214.53571428571425,180.73095238095232,162.21190476190472,18.71904761904762,8.73,5.06,0.08,33585.95,59.03
1012,SuperKart5939,Long Tail,Central India,"Home,Electronics,Fashion,Grocery",4.51,757,1072,18979309.47,25071.74,281.302380952381,231.30476190476188,215.50238095238092,16.30238095238095,5.8,5.03,-0.0,46065.6,60.93
1013,MegaMart7249,Long Tail,West India,"Electronics,Sports,Grocery,Home",4.51,264,369,6268936.18,23745.97,100.63809523809522,86.4547619047619,80.82857142857142,5.876190476190477,5.84,5.64,-0.1,20691.63,78.98
1014,SuperEnterprise8014,Premium,Central India,"Beauty,Fashion,Electronics,Grocery,Home",4.1,75,107,638187.58,8509.17,28.307142857142864,25.90714285714286,22.73095238095238,3.1761904761904765,11.22,4.74,0.03,4813.27,64.18
1015,TechTraders9474,Long Tail,East India,Home,4.61,285,392,1726631.73,6058.36,102.05238095238094,84.50952380952381,77.87619047619046,7.133333333333333,6.99,5.91,0.08,22106.34,77.57
1016,TechMarketplace2106,Long Tail,Central India,"Electronics,Sports",4.51,1323,1892,8573535.05,6480.37,502.50952380952424,430.45476190476217,391.37380952380977,39.22380952380953,7.81,6.23,-0.02,115524.85,87.32
1017,NationalMart6822,Mid,West India,"Grocery,Fashion",3.62,693,960,72774252.67,105013.35,269.9904761904762,214.53571428571422,192.0714285714285,22.464285714285715,8.32,5.32,0.04,46849.14,67.6
1018,MegaHub6106,Long Tail,Central India,"Grocery,Beauty,Fashion,Electronics,Home,Sports",3.73,1226,1708,7135369.4,5820.04,461.88571428571464,384.161904761905,349.4000000000002,35.261904761904766,7.63,5.25,0.01,74026.61,60.43
1019,SmartTraders6057,Long Tail,Central India,"Sports,Home,Grocery,Beauty,Electronics",4.97,1156,1573,5061069.84,4378.09,449.06428571428603,385.9000000000002,359.16190476190496,27.888095238095236,6.21,4.98,-0.02,68972.54,59.66
1020,MegaRetail9308,Premium,Central India,"Home,Electronics,Fashion",4.49,170,235,6886283.76,40507.55,62.102380952380955,51.676190476190484,48.30952380952381,3.5666666666666664,5.74,5.5,0.04,13604.71,80.03
1021,FutureRetail4282,Long Tail,South India,Beauty,4.8,113,168,997621.68,8828.51,44.00952380952381,36.68333333333333,31.78333333333333,4.9,11.13,5.14,0.03,6938.97,61.41
1022,GlobalImports8794,Mid,West India,Home,4.2,582,799,2873938.11,4938.04,212.43571428571425,175.94047619047618,161.69523809523807,14.245238095238097,6.71,5.09,-0.02,35720.92,61.48
1023,ModernHub2717,Long Tail,West India,"Home,Grocery,Sports,Beauty,Fashion,Electronics",4.12,131,168,3807361.76,29063.83,49.849999999999994,43.864285714285714,41.180952380952384,2.6833333333333336,5.38,6.04,-0.05,10435.03,79.66
1024,NextDistribution1060,Long Tail,South India,Beauty,4.0,234,329,7084386.09,30275.15,95.71904761904761,79.16666666666666,72.39999999999999,7.299999999999999,7.63,5.74,0.11,18446.95,78.83
1025,GlobalRetail8876,Long Tail,East India,"Beauty,Grocery",4.78,574,799,7184056.34,12515.78,218.35714285714283,176.59285714285713,163.52380952380952,13.06904761904762,5.99,5.17,-0.04,38836.59,67.66
1026,TechStore6863,Long Tail,North India,"Beauty,Fashion,Sports,Electronics,Home,Grocery",4.9,1302,1808,29792776.49,22882.32,481.814285714286,416.65238095238107,382.554761904762,36.34761904761905,7.54,5.7,0.02,95740.31,73.59
1027,DigitalTraders4185,Long Tail,Central India,Fashion,4.73,1189,1650,72909877.7,61320.33,453.466666666667,376.49285714285736,347.16190476190496,29.83095238095238,6.58,5.81,-0.02,93431.24,78.65
1028,GlobalMart3853,Long Tail,South India,"Electronics,Sports,Fashion",4.67,1189,1620,56133515.89,47210.69,433.4880952380955,361.3452380952382,329.7166666666668,33.0452380952381,7.62,6.3,-0.02,101699.97,85.68
1029,EliteWholesale5289,Mid,North India,"Fashion,Home,Sports,Electronics,Grocery,Beauty",4.73,593,798,24665998.38,41595.28,225.7904761904761,189.99523809523808,171.1833333333333,19.011904761904763,8.42,7.36,-0.0,68015.2,114.89
1030,SuperRetail7056,Long Tail,East India,"Fashion,Beauty,Electronics,Sports,Grocery,Home",4.83,1177,1624,18773264.2,15950.1,458.614285714286,395.9047619047621,368.22619047619054,29.51190476190476,6.44,7.4,-0.03,142446.3,121.02
1031,ValueDistribution2071,Premium,North India,"Grocery,Sports",3.94,104,140,4593602.11,44169.25,41.266666666666666,35.78095238095238,33.747619047619054,2.033333333333333,4.93,5.69,0.0,6833.9,65.71
1032,ReliableSupply7131,Long Tail,East India,"Fashion,Sports",4.65,176,249,1922787.25,10924.93,61.34285714285714,50.12380952380953,48.29047619047619,2.833333333333333,4.62,5.13,-0.18,11796.94,67.03
1033,ApexRetail9773,Mid,East India,"Sports,Fashion,Electronics,Home",4.8,160,225,8365163.39,52282.27,67.33571428571429,53.82619047619047,51.14285714285714,3.0166666666666666,4.48,5.4,0.03,12813.75,80.09
1034,MegaImports5588,Mid,South India,"Home,Fashion",3.69,225,319,17507585.25,77811.49,79.43571428571428,63.69047619047619,58.98809523809524,5.0357142857142865,6.34,6.16,-0.11,17790.04,79.07
1035,ExpressEnterprise2062,Premium,South India,"Grocery,Beauty,Fashion,Home,Electronics",4.51,243,329,9076058.96,37350.04,91.56666666666668,75.72380952380952,68.03809523809522,8.685714285714285,9.49,5.21,0.03,15310.01,63.0
1036,NationalTraders3932,Long Tail,East India,"Sports,Grocery,Home,Fashion",3.99,115,163,681552.18,5926.54,48.752380952380946,40.37619047619048,36.326190476190476,4.05,8.31,4.74,0.1,7048.59,61.29
1037,ExpressMart7569,Mid,Central India,"Grocery,Beauty,Sports",4.39,190,263,3895281.81,20501.48,66.53095238095239,57.67619047619046,52.46666666666667,5.209523809523809,7.83,6.47,0.07,16690.15,87.84
1038,NextDistribution4325,Long Tail,West India,Fashion,4.52,679,957,4676058.65,6886.68,264.37380952380954,215.95238095238093,197.9666666666666,18.435714285714287,6.97,5.77,-0.05,51910.73,76.68
1039,DigitalSupply7178,Premium,Central India,"Beauty,Fashion",4.14,199,277,3593802.65,18059.31,74.81904761904761,64.68571428571428,61.80238095238095,2.8833333333333333,3.85,5.79,-0.09,16408.86,82.46
1040,SmartEnterprise2376,Mid,East India,"Home,Grocery,Electronics",4.65,612,846,9100792.36,14870.58,233.697619047619,195.73809523809516,178.68571428571423,17.80238095238095,7.62,5.23,0.03,40024.48,65.51
1041,ValueTraders8660,Long Tail,West India,"Home,Fashion,Electronics,Grocery,Sports",4.54,739,1032,5123675.38,6933.25,287.50238095238103,241.0738095238095,219.8380952380952,21.735714285714284,7.56,5.0,-0.01,44664.28,60.52
1042,QuickKart3942,Long Tail,West India,"Beauty,Home,Grocery",4.44,702,967,13800355.72,19658.63,260.06190476190477,222.34523809523807,197.8833333333333,24.461904761904766,9.41,6.62,0.02,69091.92,98.42
1043,PrimeMart9220,Mid,Central India,"Sports,Electronics,Home",3.83,1666,2287,70669005.19,42418.37,618.8047619047622,521.2404761904766,472.89761904761946,49.09285714285714,7.93,5.32,-0.0,105369.44,63.36
1044,FutureKart9946,Long Tail,South India,"Electronics,Home,Fashion,Sports,Grocery,Beauty",3.7,1116,1573,104777977.89,93887.08,419.53333333333353,346.09523809523824,322.8166666666668,24.978571428571428,5.95,6.28,-0.03,97097.66,87.01
1045,FastMart5496,Long Tail,South India,"Sports,Home",4.77,285,386,26598677.91,93328.69,107.64523809523807,91.84285714285714,86.14285714285714,6.033333333333333,5.6,5.41,-0.07,20190.93,70.85
1046,DigitalWholesale6679,Long Tail,West India,"Fashion,Grocery,Home,Electronics,Sports",4.6,791,1095,122648843.22,155055.43,295.0047619047619,252.06904761904755,229.23333333333326,23.311904761904763,7.9,5.51,0.04,53454.33,67.58
1047,QuickRetail4717,Mid,South India,"Sports,Electronics,Beauty,Home,Grocery",4.22,285,381,5375444.68,18861.21,104.58333333333331,86.53809523809524,81.17619047619047,5.3619047619047615,5.13,5.68,-0.07,20730.97,72.74
1048,ReliableEnterprise8679,Premium,West India,"Grocery,Sports",4.0,225,300,14159415.0,62930.73,83.1095238095238,68.35000000000001,61.773809523809526,6.576190476190476,7.91,5.5,0.05,15090.09,67.07
1049,GlobalSupply7843,Long Tail,South India,Home,3.52,104,165,4314730.21,41487.79,39.50476190476191,32.938095238095244,29.219047619047615,3.719047619047619,9.41,6.94,0.08,8838.87,84.99
1050,ApexWholesale3102,Premium,East India,"Grocery,Electronics,Home,Sports",3.89,108,139,308018.29,2852.02,35.87380952380952,31.94761904761905,29.48095238095238,2.8,7.81,6.86,0.02,8732.23,80.85
1051,FutureCommerce4694,Long Tail,West India,Beauty,4.45,667,925,9533743.88,14293.47,250.19047619047626,208.36428571428564,191.50476190476186,17.35952380952381,6.94,6.04,0.0,53589.64,80.59
1052,SmartHub6410,Long Tail,Central India,"Beauty,Grocery,Home,Fashion,Electronics,Sports",4.32,1249,1703,12432487.48,9953.95,463.47857142857174,392.3761904761907,360.73095238095254,32.478571428571435,7.01,5.38,0.02,84544.61,67.8
1053,QuickStore9757,Long Tail,West India,"Grocery,Sports,Beauty,Fashion,Electronics",3.94,633,881,26027397.77,41117.53,238.82142857142853,204.77380952380952,190.78095238095236,14.826190476190474,6.21,5.34,-0.06,44378.36,70.11
1054,DigitalStore3808,Long Tail,North India,"Electronics,Home,Beauty,Grocery",4.95,92,112,1315000.49,14293.48,33.46190476190476,29.28571428571429,27.202380952380953,2.083333333333333,6.23,5.96,0.03,6089.58,66.19
1055,GlobalStore7322,Long Tail,East India,"Fashion,Electronics,Beauty,Grocery,Home",4.84,141,187,1270254.12,9008.89,47.86190476190477,40.65952380952381,36.483333333333334,4.176190476190476,8.73,5.09,0.02,9384.51,66.56
1056,PrimeTraders1941,Mid,East India,"Home,Grocery",4.35,1903,2600,65859185.46,34608.08,734.1809523809526,629.4690476190481,583.7785714285718,46.75714285714285,6.37,6.33,-0.01,177324.58,93.33
1057,ModernWholesale7731,Long Tail,West India,Fashion,3.6,1700,2390,11222831.13,6601.67,641.2571428571431,536.116666666667,490.6714285714288,45.44523809523809,7.09,5.08,0.01,102664.13,60.6
1058,ReliableSupply8835,Long Tail,North India,Fashion,4.4,811,1093,54532624.01,67241.21,313.1476190476192,270.7666666666667,247.24047619047622,23.52619047619048,7.51,6.12,-0.03,64504.6,79.54
1059,DigitalSupply8778,Long Tail,South India,"Fashion,Sports",4.88,1115,1591,8429334.13,7559.94,410.4452380952383,340.4142857142858,313.26666666666677,27.647619047619052,6.74,5.56,-0.01,78024.89,70.04
1060,FastRetail1121,Long Tail,South India,"Home,Grocery,Fashion,Sports,Beauty",3.71,541,763,691319.28,1277.85,211.50476190476186,176.63571428571427,163.447619047619,13.438095238095238,6.35,5.26,0.01,33915.26,62.69
1061,VertexEnterprise5044,Long Tail,Central India,Beauty,3.94,703,970,24411211.54,34724.34,274.98095238095243,232.20714285714286,214.57142857142853,17.96904761904762,6.53,6.49,-0.04,66950.95,95.37
1062,PrimeMart8476,Long Tail,East India,"Beauty,Sports,Grocery,Home,Electronics",4.55,1157,1634,62571325.03,54080.66,441.7238095238098,370.38571428571447,337.98333333333346,33.35238095238095,7.55,6.74,-0.04,115747.91,100.13
1063,VertexExports8079,Long Tail,West India,"Home,Beauty,Fashion,Grocery,Electronics,Sports",4.69,94,125,788740.21,8390.85,36.56428571428572,31.021428571428576,27.811904761904763,3.20952380952381,8.78,5.59,0.05,6509.1,69.25
1064,EliteMart9810,Long Tail,East India,"Fashion,Grocery,Electronics,Sports,Beauty,Home",4.52,94,130,2327633.14,24762.05,35.233333333333334,28.74047619047619,28.097619047619048,0.6428571428571428,1.82,6.21,-0.13,8193.25,87.16
1065,GlobalDistribution9085,Long Tail,West India,Sports,3.94,637,872,13057022.22,20497.68,254.17619047619047,215.02619047619046,199.5238095238095,16.002380952380953,6.3,5.34,-0.02,41561.21,65.25
1066,ValueTraders3700,Long Tail,East India,"Electronics,Home,Sports,Beauty,Fashion",3.91,713,1001,2035088.29,2854.26,272.4047619047619,224.1761904761904,210.19047619047615,14.81904761904762,5.44,5.01,-0.02,44356.41,62.21
1067,QuickCommerce7542,Mid,South India,"Electronics,Beauty,Sports,Grocery,Fashion",4.49,126,165,1793235.04,14232.02,42.58571428571429,37.092857142857135,34.43333333333333,2.65952380952381,6.25,6.31,0.0,9885.54,78.46
1068,FastStore3236,Mid,East India,Electronics,4.39,1216,1677,7547356.54,6206.71,475.4380952380956,399.2880952380954,370.9642857142859,28.657142857142862,6.03,5.35,0.01,81670.37,67.16
1069,SuperHub8713,Mid,East India,"Beauty,Sports,Grocery,Electronics,Home,Fashion",4.59,1721,2401,36792662.21,21378.65,646.4309523809527,539.2357142857146,500.1119047619051,40.12380952380953,6.21,5.72,-0.03,131737.33,76.64
1070,VertexStore3903,Mid,East India,"Fashion,Electronics",4.5,766,1078,11512794.65,15029.76,288.0666666666667,242.79999999999998,227.47142857142853,15.661904761904761,5.44,5.13,-0.05,48432.81,63.23
1071,FastHub8219,Mid,East India,"Sports,Beauty,Fashion,Electronics,Home",4.01,1185,1618,4501829.85,3799.01,448.03809523809565,377.6285714285717,351.78333333333353,28.854761904761904,6.44,5.88,-0.02,94184.03,79.61
1072,ReliableRetail8242,Mid,North India,"Sports,Electronics",3.64,48,65,175088.94,3647.69,17.66904761904762,11.519047619047619,11.019047619047619,0.5,2.83,6.46,-0.23,4273.3,89.03
1073,MegaMarketplace1076,Premium,North India,"Grocery,Electronics,Beauty,Home,Fashion,Sports",4.88,109,159,2207754.69,20254.63,40.33809523809524,34.20238095238095,31.802380952380958,2.4,5.95,5.51,-0.04,8583.09,78.74
1074,GlobalStore1262,Premium,West India,"Fashion,Sports,Home,Electronics",3.66,550,776,1648729.89,2997.69,208.84047619047612,174.047619047619,157.8547619047619,16.392857142857142,7.85,5.96,-0.02,45390.44,82.53
1075,GlobalImports2035,Long Tail,South India,Home,4.59,547,749,3077844.06,5626.77,201.68571428571425,175.16190476190474,159.69285714285712,15.635714285714284,7.75,4.99,0.02,29980.05,54.81
1076,ModernBazaar4105,Long Tail,Central India,"Fashion,Sports,Electronics,Grocery,Beauty,Home",3.68,1136,1581,314404886.36,276764.86,415.4571428571432,355.0714285714288,332.17619047619064,22.895238095238096,5.51,5.81,-0.06,84194.58,74.25
1077,UrbanCommerce6298,Mid,South India,"Beauty,Sports,Electronics,Grocery,Home",4.57,205,278,1824872.37,8901.82,73.43571428571428,58.919047619047625,56.42619047619047,2.6928571428571426,3.67,5.61,-0.02,14405.87,70.27
1078,GlobalTraders4606,Long Tail,North India,"Sports,Home,Electronics,Fashion",3.88,35,55,794024.43,22686.41,13.978571428571428,9.86190476190476,9.86190476190476,0.0,0.0,5.35,-0.12,3022.48,86.36
1079,MegaStore4580,Mid,West India,"Sports,Grocery,Home",4.31,691,972,8851402.14,12809.55,260.7,220.06666666666663,206.27142857142854,13.795238095238094,5.29,6.34,-0.03,59185.08,85.78
1080,VertexCommerce7366,Long Tail,South India,"Beauty,Electronics,Fashion,Sports,Grocery",4.94,1215,1653,21884036.94,18011.55,451.8738095238099,378.0857142857144,345.29047619047634,33.71190476190477,7.46,5.59,-0.01,86374.13,71.09
1081,ExpressStore6490,Long Tail,North India,"Sports,Home",4.27,1099,1562,3942445.59,3587.3,419.2809523809527,350.92380952380967,319.21904761904767,31.70476190476191,7.56,5.01,0.01,64256.55,58.57
1082,NextKart3032,Premium,East India,"Beauty,Sports,Fashion,Home,Electronics",4.32,383,544,14741466.25,38489.47,137.26666666666665,114.70476190476188,102.90714285714283,11.797619047619046,8.59,5.75,0.06,26040.28,67.99
1083,ExpressMart4309,Long Tail,South India,"Beauty,Fashion,Electronics,Sports,Home,Grocery",4.41,117,174,343172.74,2933.1,46.61428571428572,39.41428571428572,37.964285714285715,1.45,3.11,5.11,-0.14,8070.23,68.98
1084,NextDistribution8270,Long Tail,East India,"Sports,Electronics",3.86,690,936,12053405.11,17468.7,252.31190476190474,211.0714285714285,196.0690476190476,15.478571428571428,6.13,5.02,0.01,42282.66,61.37
1085,DigitalEnterprise1388,Long Tail,South India,"Home,Electronics,Beauty",3.97,103,148,1039154.54,10088.88,43.54047619047619,35.773809523809526,32.19047619047619,3.583333333333333,8.23,5.96,0.0,8939.11,86.79
1086,NextMarketplace7250,Long Tail,Central India,"Home,Sports,Fashion,Electronics,Grocery,Beauty",3.77,2787,3835,148989418.09,53458.71,1048.1690476190474,875.0404761904763,796.6619047619049,79.54523809523809,7.59,5.67,0.02,195386.67,70.28
1087,PrimeWholesale9055,Long Tail,North India,"Beauty,Electronics",4.17,595,811,452455.96,760.43,216.7357142857143,180.34999999999997,164.66428571428568,16.802380952380954,7.75,5.92,-0.01,47352.21,79.58
1088,SmartRetail3057,Mid,North India,Sports,4.81,722,1023,9959428.73,13794.22,258.1928571428572,214.15238095238092,187.89523809523803,27.507142857142856,10.65,5.58,0.03,48769.93,67.55
1089,ValueExports8652,Long Tail,East India,"Grocery,Fashion,Sports,Home,Electronics",4.37,1139,1611,76111402.67,66823.0,433.25714285714315,362.18333333333356,338.51904761904785,24.47380952380952,5.65,5.12,0.0,71012.54,62.46
1090,DigitalMarketplace8344,Mid,South India,"Fashion,Sports,Beauty,Electronics,Home,Grocery",3.99,679,931,4313816.19,6353.19,241.50714285714284,202.5380952380952,188.37619047619043,14.578571428571427,6.04,5.39,0.01,41315.95,60.85
1091,EliteTraders8231,Long Tail,West India,"Electronics,Home,Beauty,Fashion",4.1,105,136,3704629.6,35282.19,40.80476190476191,34.90476190476191,32.154761904761905,2.95,7.23,5.1,-0.02,7129.39,67.9
1092,QuickSupply2363,Long Tail,East India,"Sports,Beauty,Fashion,Grocery,Electronics",4.52,732,1004,11659923.89,15928.86,285.41190476190485,238.5071428571429,225.3357142857143,13.371428571428572,4.68,5.13,0.02,47507.46,64.9
1093,SuperMart8431,Long Tail,East India,"Fashion,Grocery,Sports,Beauty,Home",3.7,1206,1684,76323819.5,63286.75,455.15952380952416,380.7071428571431,345.39523809523826,36.011904761904766,7.91,6.9,0.0,117696.44,97.67
1094,ExpressRetail3535,Long Tail,South India,"Grocery,Beauty,Electronics,Fashion,Sports",3.69,1149,1550,6779788.48,5900.6,439.9500000000002,371.09761904761933,344.0523809523811,28.378571428571426,6.45,5.29,-0.01,79104.93,69.03
1095,FutureTraders7628,Mid,West India,Grocery,4.54,1798,2512,26832619.55,14923.59,675.7714285714288,568.2214285714288,521.3571428571432,49.614285714285714,7.34,5.76,-0.02,136712.26,76.25
1096,MegaDistribution3039,Mid,West India,"Home,Beauty,Grocery,Fashion,Electronics,Sports",4.63,644,899,8901020.91,13821.46,245.8547619047619,205.84999999999997,184.25238095238095,22.347619047619045,9.09,5.23,0.01,41554.26,64.53
1097,FastEnterprise6711,Mid,Central India,"Fashion,Beauty",4.25,513,710,32056239.09,62487.8,188.26666666666662,166.01190476190473,148.63333333333333,17.87857142857143,9.5,6.29,-0.0,44307.16,86.37
1098,QuickDistribution7947,Mid,South India,"Sports,Home,Electronics,Grocery",4.43,103,156,2077335.9,20168.31,39.44761904761905,34.738095238095234,32.4547619047619,2.283333333333333,5.79,5.62,-0.09,6655.07,64.61
1099,SmartMart8462,Long Tail,South India,"Electronics,Home,Sports,Grocery",3.54,141,226,14574738.54,103366.94,54.019047619047626,47.45714285714286,42.47380952380953,4.9833333333333325,9.23,6.53,0.09,13290.12,94.26
1100,EliteKart2912,Mid,North India,"Grocery,Sports",4.16,173,255,848532.29,4904.81,65.20476190476191,54.93571428571429,50.34285714285715,4.5928571428571425,7.04,6.01,-0.04,14712.57,85.04
1101,EliteWholesale7993,Premium,East India,"Beauty,Sports,Electronics,Home,Grocery,Fashion",4.77,1116,1517,11930826.73,10690.7,417.74047619047656,346.8285714285716,316.4261904761906,31.10238095238095,7.45,5.8,-0.0,83127.66,74.69
1102,ApexMart7743,Long Tail,North India,"Grocery,Sports,Beauty",3.69,682,968,178554920.38,261810.73,257.82142857142856,214.8309523809523,196.96190476190472,18.035714285714285,7.0,5.75,0.0,49199.14,72.14
1103,DigitalKart3759,Long Tail,West India,"Grocery,Home,Fashion,Beauty,Electronics,Sports",3.66,646,884,1511312.9,2339.49,241.64523809523814,207.00476190476186,192.79523809523803,14.792857142857144,6.12,5.34,-0.02,45636.75,70.65
1104,ValueBazaar7829,Long Tail,East India,Electronics,4.38,153,216,11631554.37,76023.23,55.2452380952381,49.29523809523809,46.36190476190476,2.933333333333333,5.31,5.44,-0.01,10632.24,69.49
1105,SmartRetail8970,Long Tail,South India,"Fashion,Sports,Home,Electronics",3.63,609,822,643915.83,1057.33,229.94285714285706,190.13571428571424,176.03571428571425,14.1,6.13,5.56,-0.02,44407.04,73.04
1106,ApexWholesale4482,Mid,South India,Beauty,3.66,646,850,2613741.47,4046.04,237.02380952380952,199.51428571428568,185.88809523809516,14.626190476190475,6.17,5.04,-0.04,38860.93,60.16
1107,EliteEnterprise4143,Mid,East India,Sports,4.32,100,138,1443620.03,14436.2,39.14285714285714,32.74285714285715,31.72380952380952,1.019047619047619,2.6,6.44,0.05,7507.19,75.07
1108,EliteStore5802,Long Tail,North India,"Beauty,Grocery,Electronics,Home",4.46,1335,1835,43831024.84,32832.23,482.79047619047645,400.76666666666677,371.2380952380954,30.171428571428574,6.25,5.69,-0.02,92079.47,69.18
1109,PrimeCommerce1486,Long Tail,Central India,Home,3.56,699,940,10244881.23,14656.48,265.8285714285714,219.65476190476187,193.4523809523809,27.202380952380956,10.23,5.05,0.0,42303.1,60.61
1110,FastEnterprise1118,Mid,Central India,"Beauty,Electronics,Grocery,Sports",4.53,1767,2422,8285784.11,4689.18,669.5904761904765,561.8309523809527,520.3952380952385,42.56904761904762,6.36,5.18,-0.01,105414.41,59.69
1111,GlobalBazaar1118,Long Tail,West India,Electronics,3.96,354,500,6715486.95,18970.3,121.71428571428571,101.22857142857143,94.8452380952381,6.883333333333334,5.66,5.6,-0.06,23725.22,67.21
1112,ModernCommerce6620,Mid,East India,"Home,Beauty,Grocery,Fashion,Sports",4.85,1250,1689,18134435.12,14507.55,491.63333333333355,407.8000000000002,381.49761904761925,26.96904761904762,5.49,4.99,-0.03,75196.09,60.25
1113,QuickMarketplace1937,Mid,East India,"Home,Beauty",4.37,23,33,390609.8,16983.03,8.526190476190475,6.242857142857142,6.242857142857142,0.0,0.0,4.89,-0.11,1094.22,47.57
1114,QuickExports3275,Long Tail,North India,"Electronics,Sports,Beauty",4.05,1702,2329,101365020.33,59556.42,645.1404761904765,534.2357142857145,494.4857142857145,40.53333333333333,6.28,5.29,0.01,112983.08,66.42
1115,FastExports5072,Long Tail,East India,Grocery,4.2,204,283,5689523.17,27889.82,79.6,62.31666666666666,59.690476190476204,2.626190476190476,3.3,5.45,-0.11,14088.4,69.06
1116,TechImports6278,Long Tail,North India,"Sports,Beauty,Grocery,Home,Electronics",4.55,637,876,27384375.63,42989.6,245.72619047619045,199.7333333333333,185.4619047619047,15.104761904761903,6.15,5.36,-0.03,44583.23,69.99
1117,NextMarketplace8938,Premium,West India,"Electronics,Home,Beauty",4.04,193,264,8796926.88,45579.93,70.42380952380952,59.19047619047619,56.67142857142858,2.769047619047619,3.93,5.99,-0.08,14344.17,74.32
1118,QuickMart4196,Long Tail,South India,"Electronics,Home,Beauty,Fashion,Sports",3.53,109,162,955256.82,8763.82,41.16428571428572,35.01428571428572,30.171428571428574,4.8428571428571425,11.76,4.97,0.14,6108.72,56.04
1119,PrimeMart9990,Mid,West India,"Grocery,Sports,Electronics,Beauty,Fashion",3.59,1084,1494,29529464.4,27241.2,401.9238095238097,338.1142857142858,315.39523809523814,27.219047619047622,6.77,7.5,-0.05,128242.22,118.41
1120,GlobalHub2465,Mid,North India,"Electronics,Beauty,Fashion,Sports",4.55,667,949,4224725.84,6333.92,259.2952380952381,217.75238095238095,201.63095238095235,16.454761904761906,6.35,7.39,-0.04,78441.0,117.6
1121,FastImports8803,Long Tail,North India,"Electronics,Fashion,Home,Grocery,Beauty,Sports",4.51,113,167,615989.24,5451.23,42.67142857142858,32.445238095238096,31.495238095238093,0.95,2.23,6.27,-0.14,10667.07,94.4
1122,PrimeEnterprise6452,Long Tail,South India,"Grocery,Beauty",4.63,549,791,3967628.24,7227.01,215.67380952380947,180.36190476190473,162.3333333333333,18.561904761904763,8.61,4.88,0.04,32407.77,59.03
1123,ReliableWholesale8159,Long Tail,South India,"Electronics,Home,Beauty,Grocery,Fashion",4.12,253,349,3569228.3,14107.62,98.73809523809523,87.22619047619047,79.0,8.226190476190476,8.33,5.61,0.03,19208.24,75.92
1124,UrbanStore6574,Long Tail,Central India,"Electronics,Home,Sports",3.88,696,942,18898518.22,27153.04,261.1928571428572,218.25476190476184,199.9833333333333,18.521428571428572,7.09,7.18,0.03,76482.78,110.05
1125,ApexExports1027,Long Tail,East India,"Electronics,Grocery,Home,Sports,Fashion,Beauty",4.38,94,137,7698714.15,81901.21,35.19761904761905,32.31428571428571,29.354761904761908,3.159523809523809,8.98,5.52,0.0,6688.24,71.15
1126,FutureEnterprise3069,Long Tail,Central India,"Grocery,Fashion,Beauty,Sports,Home",4.07,241,340,2801531.83,11624.61,85.19047619047618,67.7,63.240476190476194,4.70952380952381,5.53,6.01,-0.08,19015.94,78.9
1127,ReliableWholesale8546,Premium,East India,"Grocery,Fashion,Electronics,Sports,Beauty",4.01,152,220,2196217.59,14448.8,53.11904761904762,41.31904761904763,39.00238095238095,3.0166666666666666,5.68,5.62,-0.11,9366.24,61.62
1128,SmartMarketplace5643,Long Tail,South India,"Fashion,Beauty,Grocery",3.74,1309,1804,6633621.98,5067.7,489.569047619048,407.39761904761923,380.5071428571431,28.72380952380953,5.87,6.04,-0.04,104945.99,80.36
1129,ApexTraders4534,Mid,West India,"Sports,Electronics,Home,Fashion,Grocery,Beauty",5.0,705,968,3938995.07,5587.23,263.3809523809524,224.7285714285714,206.40238095238092,19.326190476190472,7.34,5.28,-0.03,44678.91,63.37
1130,MegaDistribution3933,Mid,West India,"Beauty,Electronics,Home,Grocery,Sports,Fashion",4.03,749,1004,6152778.94,8214.66,278.64285714285717,227.9690476190476,209.3190476190476,18.85,6.76,6.01,-0.01,62285.2,83.16
1131,QuickCommerce7921,Long Tail,West India,"Home,Fashion,Electronics,Sports",3.67,222,307,1792973.09,8076.46,84.85952380952381,74.32619047619046,69.94047619047619,4.385714285714286,5.17,6.26,-0.07,18357.85,82.69
1132,GlobalExports9978,Long Tail,West India,"Beauty,Electronics,Home,Fashion",4.12,103,130,3879090.4,37661.07,42.84523809523809,36.61190476190476,35.15238095238095,1.4595238095238094,3.41,5.33,-0.13,7747.1,75.21
1133,MegaWholesale5981,Premium,West India,"Home,Grocery",4.49,695,978,99741283.28,143512.64,264.57619047619045,226.7523809523809,208.6666666666666,20.085714285714282,7.59,5.9,-0.02,51923.27,74.82
1134,SuperExports8904,Mid,East India,"Grocery,Fashion",4.47,661,896,66708287.44,100920.25,237.83809523809526,202.25,184.35238095238088,19.597619047619048,8.24,5.48,-0.01,43553.97,65.89
1135,TechCommerce2670,Long Tail,South India,"Fashion,Sports",4.72,760,1019,39371216.14,51804.23,288.71904761904767,239.8428571428571,219.60714285714278,20.235714285714288,7.01,5.34,-0.02,51941.04,68.34
1136,FutureTraders3943,Premium,North India,"Sports,Fashion,Electronics,Beauty",4.47,725,1037,15380326.11,21214.24,279.6261904761906,240.0071428571428,222.9642857142857,17.185714285714283,6.15,5.18,-0.04,46039.63,63.59
1137,NextKart2946,Long Tail,South India,"Sports,Home,Beauty,Electronics,Fashion",3.73,1282,1775,9086241.73,7087.55,508.05476190476213,430.2904761904765,387.9119047619051,43.71190476190476,8.6,5.37,0.02,90150.73,70.38
1138,QuickEnterprise2468,Long Tail,West India,"Home,Grocery,Fashion,Sports",4.4,188,235,4226038.64,22478.93,66.20238095238095,57.01904761904761,50.542857142857144,6.476190476190475,9.78,5.76,0.03,13986.05,74.39
1139,UrbanStore2999,Long Tail,West India,"Beauty,Home,Sports,Fashion,Electronics,Grocery",4.1,1128,1574,41349897.95,36657.71,433.4880952380955,368.3690476190478,345.1690476190478,24.23333333333333,5.59,5.75,-0.02,82700.25,73.45
1140,UrbanEnterprise3967,Long Tail,West India,"Grocery,Fashion,Electronics,Home,Sports,Beauty",3.69,1453,1976,24443623.79,16822.87,542.3309523809527,453.119047619048,421.7047619047622,33.747619047619054,6.22,5.55,-0.02,100827.61,69.68
1141,ModernStore9806,Long Tail,South India,"Sports,Beauty,Home,Grocery,Electronics,Fashion",3.74,576,769,866218.08,1503.85,216.54285714285706,178.9166666666666,164.33095238095234,15.085714285714285,6.97,6.23,-0.01,50144.63,87.21
1142,UrbanHub3948,Mid,North India,"Electronics,Beauty,Grocery,Sports,Home,Fashion",3.81,1058,1482,100485517.75,94976.86,405.4761904761907,342.83809523809543,307.2595238095238,36.81190476190476,9.08,5.51,0.04,73897.9,69.91
1143,ApexRetail3641,Long Tail,North India,"Home,Electronics,Grocery,Beauty",4.33,60,81,1007916.09,16798.6,20.81190476190476,16.435714285714283,15.102380952380951,1.3333333333333333,6.41,5.98,-0.04,4586.5,76.44
1144,NationalMart6956,Long Tail,Central India,"Electronics,Sports,Grocery",4.81,1686,2342,27489799.15,16304.74,639.8404761904764,533.4428571428575,485.9000000000003,49.99285714285715,7.81,6.31,0.01,151894.79,90.15
1145,MegaBazaar5807,Mid,Central India,"Sports,Electronics,Fashion,Beauty",4.02,2808,3861,155388229.2,55337.69,1047.0309523809522,894.6190476190474,827.092857142857,69.20952380952382,6.61,6.09,-0.05,247173.5,88.21
1146,ModernBazaar6769,Long Tail,Central India,"Grocery,Beauty",4.31,51,68,5370692.11,105307.69,20.05,16.633333333333333,15.599999999999998,1.0333333333333332,5.15,4.93,-0.18,4023.46,78.89
1147,GlobalHub5910,Long Tail,South India,"Fashion,Electronics,Grocery,Beauty,Home",4.35,247,342,2986872.44,12092.6,90.22619047619047,74.66428571428571,67.73809523809524,6.926190476190476,7.68,6.27,0.08,19038.3,77.39
1148,VertexSupply2218,Long Tail,Central India,"Grocery,Fashion,Home,Sports,Electronics",4.09,186,264,3015579.68,16212.79,70.83095238095238,58.93809523809524,55.27142857142857,3.666666666666667,5.18,5.38,-0.11,12184.95,65.51
1149,SuperStore5164,Long Tail,West India,"Beauty,Fashion,Sports",3.72,135,184,2220005.7,16444.49,48.883333333333326,38.516666666666666,35.766666666666666,2.7499999999999996,5.63,5.54,-0.06,9344.42,69.22
1150,PrimeImports5413,Long Tail,South India,"Grocery,Fashion",4.15,613,899,11821911.6,19285.34,238.80714285714285,201.2285714285714,185.11904761904756,16.252380952380953,6.81,4.97,0.02,36200.4,59.15
1151,ValueWholesale3514,Long Tail,East India,"Grocery,Sports,Fashion",3.62,641,879,7511502.0,11718.41,232.50476190476186,190.05476190476185,175.37619047619043,15.261904761904761,6.56,5.48,0.04,41663.93,65.1
1152,FastStore9707,Long Tail,North India,"Beauty,Electronics,Fashion,Grocery",4.63,109,155,2059318.77,18892.83,34.60476190476191,29.761904761904766,27.6452380952381,2.783333333333333,8.04,7.0,-0.06,10131.89,92.95
1153,FutureDistribution6464,Long Tail,East India,"Beauty,Electronics,Home,Sports,Grocery",4.74,1152,1605,20551963.81,17840.25,443.9000000000003,361.04761904761926,330.954761904762,30.842857142857145,6.95,6.16,0.01,100201.33,86.98
1154,UrbanSupply4640,Long Tail,West India,"Home,Electronics",4.22,1207,1695,58750002.55,48674.4,452.7476190476195,381.4928571428574,354.2285714285715,27.264285714285712,6.02,6.25,-0.07,101749.91,84.3
1155,NationalExports6022,Long Tail,Central India,Fashion,4.74,624,853,3805527.44,6098.6,247.80714285714282,210.2190476190476,194.51666666666665,16.902380952380952,6.82,5.02,-0.01,38980.13,62.57
1156,ApexWholesale5620,Long Tail,Central India,"Electronics,Grocery,Home,Beauty",3.92,159,201,767426.04,4826.58,62.95714285714285,52.364285714285714,47.67857142857143,4.685714285714285,7.44,5.27,0.1,11504.66,72.36
1157,EliteCommerce9711,Mid,Central India,"Electronics,Sports,Fashion,Beauty,Home",3.69,287,410,2765056.41,9634.34,106.78809523809525,85.53809523809522,78.70238095238093,6.835714285714285,6.4,5.97,-0.0,21786.39,75.91
1158,TechImports9414,Long Tail,South India,"Beauty,Grocery,Fashion,Sports",4.96,691,995,8855080.64,12814.88,257.56666666666666,212.6095238095238,196.52142857142854,17.421428571428567,6.76,6.2,-0.03,57025.54,82.53
1159,ApexExports5380,Long Tail,North India,"Fashion,Beauty",4.58,709,988,4656079.79,6567.11,266.1904761904762,227.52619047619044,207.80714285714276,21.219047619047615,7.97,5.31,0.01,45761.56,64.63
1160,SuperCommerce8678,Premium,Central India,"Home,Fashion,Beauty,Sports,Grocery,Electronics",4.11,133,174,549164.48,4129.06,46.59285714285714,38.49285714285715,36.35,2.642857142857143,5.67,6.43,-0.05,10369.04,77.96
1161,DigitalImports2424,Long Tail,East India,"Beauty,Grocery,Fashion",4.37,72,114,485980.66,6749.73,28.719047619047622,24.052380952380958,20.052380952380954,3.9999999999999996,13.93,4.36,0.05,4333.53,60.19
1162,NextStore3705,Mid,Central India,"Electronics,Sports,Grocery",4.51,72,98,3431892.24,47665.17,24.552380952380958,20.46666666666667,19.883333333333333,0.5833333333333333,2.38,6.12,-0.07,5239.92,72.78
1163,DigitalBazaar9074,Mid,North India,Sports,4.71,676,918,120204272.69,177816.97,249.85952380952378,214.71666666666664,191.9238095238095,22.79285714285714,9.12,5.34,0.04,43425.48,64.24
1164,TechMarketplace4115,Long Tail,North India,"Grocery,Fashion,Beauty,Sports,Electronics,Home",3.53,1122,1511,3919321.34,3493.16,439.5095238095241,368.3880952380954,338.54285714285726,31.67857142857143,7.21,5.49,-0.0,80257.11,71.53
1165,NationalImports1693,Mid,Central India,"Sports,Grocery,Home,Electronics",3.63,102,141,948111.11,9295.21,40.09285714285714,34.109523809523814,32.40952380952381,1.7,4.24,5.28,-0.09,7221.46,70.8
1166,NextHub2230,Long Tail,East India,"Sports,Grocery",3.92,35,43,36775.39,1050.73,11.728571428571428,8.645238095238094,8.228571428571428,0.41666666666666663,3.55,6.48,0.0,2633.08,75.23
1167,MegaSupply9118,Long Tail,West India,"Grocery,Home",4.16,655,933,3558324.79,5432.56,235.68809523809517,195.08333333333326,178.4238095238095,17.109523809523807,7.26,5.2,-0.01,39499.91,60.31
1168,ReliableWholesale2931,Long Tail,East India,"Electronics,Home,Fashion",4.07,162,230,7901868.97,48776.97,60.292857142857144,49.67619047619047,44.54047619047619,5.385714285714285,8.93,5.59,0.04,10318.52,63.69
1169,ApexSupply4562,Premium,East India,"Home,Sports,Fashion,Electronics",4.4,678,914,17627871.76,25999.81,253.17857142857144,218.71904761904761,200.09285714285713,20.042857142857144,7.92,5.7,-0.03,48852.47,72.05
1170,TechMarketplace8542,Mid,East India,"Electronics,Beauty,Grocery,Sports,Fashion",4.07,594,855,1415549.31,2383.08,236.69285714285718,198.947619047619,185.29523809523806,15.652380952380952,6.61,4.92,-0.01,36624.24,61.66
1171,EliteSupply6808,Long Tail,North India,"Electronics,Sports,Home",4.16,1196,1701,44104561.22,36876.72,447.7809523809527,380.561904761905,342.2738095238097,38.62142857142857,8.63,6.61,0.07,117027.67,98.01
1172,NationalDistribution3518,Long Tail,West India,"Beauty,Fashion,Electronics,Home",4.73,295,415,13511714.76,45802.42,113.88333333333331,98.57142857142856,91.33809523809524,7.566666666666666,6.64,5.52,-0.05,22785.67,77.24
1173,ExpressSupply7132,Long Tail,East India,"Electronics,Fashion,Home,Sports",4.38,108,152,599106.15,5547.28,39.67857142857143,35.445238095238096,34.11190476190476,1.3333333333333333,3.36,6.36,-0.11,9206.48,85.25
1174,SuperImports8198,Mid,South India,"Fashion,Grocery,Home,Electronics",4.7,601,834,15113211.12,25146.77,216.3,186.92857142857142,170.24999999999994,16.678571428571427,7.71,6.25,0.03,50912.47,84.71
1175,FutureDistribution4251,Long Tail,North India,"Sports,Beauty,Electronics",4.74,1304,1774,5997061.04,4598.97,503.1619047619051,416.4000000000003,379.08809523809543,39.31190476190477,7.81,6.27,0.01,116881.79,89.77
1176,ValueExports6426,Long Tail,North India,"Electronics,Fashion,Beauty",4.68,1163,1652,14608745.52,12561.26,439.00476190476206,372.6285714285716,339.86666666666684,34.12857142857142,7.77,6.99,0.01,129011.23,111.22
1177,ReliableTraders3087,Long Tail,East India,"Fashion,Beauty,Home,Electronics,Sports,Grocery",4.12,124,164,383533.39,3093.01,41.95238095238096,37.66904761904762,33.55238095238096,4.116666666666666,9.81,5.74,0.06,7867.44,63.45
1178,UrbanEnterprise1346,Mid,South India,"Grocery,Beauty,Fashion,Electronics",4.31,640,880,2751413.4,4299.08,243.13809523809516,201.7238095238095,189.77857142857135,12.454761904761904,5.12,6.32,-0.08,57423.36,89.72
1179,MegaImports6605,Long Tail,West India,"Grocery,Electronics,Fashion",3.83,34,41,516754.79,15198.67,11.904761904761903,8.61904761904762,8.61904761904762,0.0,0.0,6.12,-0.08,2651.84,78.0
1180,PrimeEnterprise8027,Long Tail,South India,"Electronics,Beauty,Grocery,Fashion,Home,Sports",4.36,216,307,2758390.94,12770.33,77.37857142857142,65.60952380952381,61.7095238095238,3.9,5.04,5.31,-0.05,14000.21,64.82
1181,EliteRetail5606,Long Tail,North India,"Sports,Grocery",3.59,1239,1730,180389502.34,145592.82,452.8761904761908,387.17857142857156,349.08571428571446,39.34285714285715,8.69,6.23,-0.01,104830.43,84.75
1182,GlobalTraders2688,Mid,Central India,"Sports,Fashion,Beauty",4.65,659,901,3596560.09,5457.6,233.54523809523803,188.77857142857138,172.86904761904756,17.242857142857144,7.38,5.24,0.05,39724.08,60.28
1183,SmartRetail2973,Long Tail,South India,"Fashion,Grocery",3.84,658,872,28426261.89,43201.01,250.20476190476194,207.9904761904762,192.95476190476188,16.869047619047617,6.74,6.38,-0.02,57193.46,86.92
1184,GlobalDistribution3395,Long Tail,West India,Home,3.62,144,189,5965489.0,41427.01,54.22619047619048,45.359523809523814,40.983333333333334,4.376190476190476,8.07,5.97,-0.05,13342.14,92.65
1185,NationalMart4791,Mid,South India,"Fashion,Electronics,Grocery,Sports,Home",3.75,99,145,762871.18,7705.77,37.464285714285715,31.245238095238093,29.51190476190476,1.7333333333333332,4.63,5.7,0.01,6604.25,66.71
1186,MegaMart2803,Long Tail,East India,"Beauty,Electronics,Sports,Home",3.8,556,775,7870504.11,14155.58,210.46428571428567,170.6333333333333,157.5071428571428,13.876190476190477,6.59,6.32,-0.05,49870.78,89.7
1187,ModernDistribution1779,Long Tail,South India,"Home,Beauty,Fashion",3.58,1295,1798,29156506.72,22514.68,480.91666666666697,400.30000000000024,368.0119047619049,34.32142857142858,7.14,5.85,0.01,97123.35,75.23
1188,ModernRetail5674,Premium,West India,Electronics,4.27,611,846,4647376.98,7606.18,218.53571428571425,187.40714285714282,174.3380952380952,13.069047619047618,5.98,5.18,-0.04,35231.81,57.76
1189,FutureCommerce5986,Mid,North India,"Electronics,Beauty,Fashion,Grocery,Home",4.07,1303,1777,55507256.88,42599.58,501.0261904761909,420.1595238095241,384.80238095238116,36.857142857142854,7.36,5.94,0.01,101628.12,78.06
1190,ApexBazaar7088,Long Tail,South India,"Electronics,Grocery,Fashion,Beauty,Home,Sports",3.72,3469,4844,231190564.61,66644.73,1313.1095238095231,1101.840476190476,1009.8000000000001,93.62380952380951,7.13,5.69,-0.01,247788.45,71.66
1191,PrimeDistribution2742,Premium,South India,"Fashion,Grocery,Beauty",3.59,1228,1732,57421787.87,46760.41,459.2380952380956,393.7523809523812,359.0952380952383,35.157142857142865,7.66,5.71,0.01,91503.27,74.51
1192,SuperDistribution2616,Long Tail,North India,"Grocery,Electronics,Sports,Home,Beauty,Fashion",4.36,619,858,15409085.85,24893.52,229.1142857142857,198.3047619047619,185.95238095238093,12.519047619047619,5.46,6.42,-0.03,53405.92,86.28
1193,MegaHub4140,Mid,West India,"Home,Sports,Beauty,Electronics,Grocery",4.82,115,150,609809.81,5302.69,44.61190476190475,38.58571428571428,36.69285714285714,2.142857142857143,4.8,5.32,-0.08,7144.1,62.12
1194,ValueStore8910,Long Tail,West India,"Home,Grocery,Sports,Fashion,Beauty,Electronics",4.94,1226,1693,14461869.43,11795.98,458.914285714286,391.6904761904765,358.8309523809526,34.10952380952381,7.43,6.64,-0.03,117296.09,95.67
1195,DigitalKart1996,Premium,South India,"Electronics,Fashion,Home,Beauty,Sports",3.65,653,920,142752935.97,218610.93,243.3428571428571,203.39999999999995,185.55476190476185,17.845238095238095,7.33,5.55,-0.01,46288.55,71.21
1196,SuperEnterprise9344,Long Tail,West India,"Beauty,Grocery,Electronics,Sports",3.78,1166,1596,13975286.35,11985.67,431.98333333333363,363.42619047619064,330.20476190476194,36.121428571428574,8.36,5.45,0.01,75951.46,65.19
1197,EliteKart3621,Long Tail,Central India,"Beauty,Grocery,Home,Electronics",4.47,189,270,2089935.72,11057.86,72.78809523809522,61.819047619047616,55.759523809523806,6.559523809523809,9.01,5.55,-0.01,13166.9,69.67
1198,DigitalWholesale4609,Long Tail,East India,"Sports,Electronics,Beauty,Home,Fashion",4.92,356,505,4689058.69,13171.51,133.8642857142857,116.67142857142858,105.31190476190476,11.35952380952381,8.49,5.91,0.02,28297.99,79.49
1199,NextKart9741,Long Tail,South India,"Grocery,Electronics,Fashion",3.94,866,1233,16058274.02,18543.04,315.0880952380954,262.4047619047619,239.82857142857142,23.80952380952381,7.56,7.12,0.0,88801.87,102.54
1200,SmartDistribution5550,Mid,South India,Sports,3.75,1568,2146,11341012.97,7232.79,576.8809523809525,498.02142857142877,453.6952380952383,44.90952380952381,7.78,6.17,0.01,132541.39,84.64
1201,NextWholesale4440,Long Tail,Central India,Sports,3.68,673,942,9460734.67,14057.56,240.39285714285708,199.84999999999997,183.147619047619,18.761904761904763,7.8,5.06,-0.03,37320.26,55.45
1202,FutureImports7047,Premium,East India,Sports,3.87,657,922,8111907.3,12346.89,240.95714285714277,203.06666666666663,189.14761904761897,15.419047619047618,6.4,6.18,-0.06,52593.86,80.17
1203,MegaImports1170,Premium,East India,"Grocery,Home,Fashion,Beauty,Sports,Electronics",4.98,1122,1541,23081288.74,20571.56,423.72380952380985,360.2023809523811,332.0309523809525,29.338095238095235,6.92,5.62,-0.03,78918.21,70.34
1204,FastWholesale4377,Mid,West India,"Home,Fashion,Sports,Electronics,Beauty,Grocery",4.92,642,875,169260801.75,263646.11,242.52142857142852,203.9928571428571,189.04761904761898,15.278571428571428,6.3,5.34,-0.03,42636.5,66.41
1205,SmartTraders4796,Long Tail,West India,"Home,Fashion,Beauty",4.07,162,233,5577316.58,34427.88,62.46190476190475,54.41666666666667,49.550000000000004,4.866666666666666,7.79,6.16,-0.02,14193.88,87.62
1206,ExpressHub8526,Long Tail,South India,"Beauty,Electronics",3.62,1214,1685,9573025.01,7885.52,467.0404761904765,383.8071428571431,347.96666666666687,37.50714285714285,8.03,5.0,0.02,72021.46,59.33
1207,ExpressExports3955,Long Tail,East India,"Fashion,Grocery",4.51,764,1029,14571747.2,19072.97,283.3690476190477,233.77619047619044,211.50952380952376,23.016666666666666,8.12,7.34,0.02,80138.24,105.03
1208,VertexRetail2137,Long Tail,South India,"Fashion,Sports,Beauty",4.12,1705,2416,94319795.97,55319.53,638.0500000000002,530.9047619047623,493.9357142857144,38.33571428571429,6.01,5.8,-0.04,128333.87,75.4
1209,NationalHub1193,Mid,Central India,"Fashion,Beauty,Grocery,Electronics",4.12,1762,2459,75186222.23,42670.95,667.2214285714289,563.8190476190481,519.2809523809527,46.73809523809524,7.0,5.58,-0.02,125163.01,71.07
1210,MegaHub5068,Long Tail,North India,"Beauty,Electronics,Grocery,Sports",4.0,714,997,32408383.25,45389.89,263.7833333333333,224.48333333333332,208.3642857142857,16.702380952380953,6.33,5.9,-0.03,55537.26,77.78
1211,TechEnterprise1153,Long Tail,North India,"Sports,Grocery",3.65,1194,1709,33326608.01,27911.73,449.19047619047643,380.7904761904764,351.99285714285725,28.797619047619044,6.41,6.27,-0.02,107078.73,89.83
1212,EliteMart6435,Long Tail,West India,"Home,Electronics,Fashion,Grocery,Beauty,Sports",4.4,702,946,11135725.71,15862.86,256.82142857142856,212.5023809523809,197.87619047619043,14.992857142857142,5.84,5.27,0.04,41943.19,59.75
1213,FastImports9906,Mid,North India,"Electronics,Grocery",3.97,560,753,26940352.38,48107.77,215.69285714285715,177.9,164.73809523809524,14.328571428571431,6.64,6.4,-0.03,51412.7,91.81
1214,ReliableMart2680,Long Tail,Central India,Electronics,3.86,1307,1856,27672469.22,21172.51,465.5500000000003,393.9047619047621,366.87380952380965,29.864285714285714,6.41,6.36,-0.02,118366.44,90.63
1215,NextSupply7314,Long Tail,South India,"Fashion,Electronics,Sports,Grocery",3.77,277,370,9197107.93,33202.56,102.50714285714287,84.18095238095239,75.9357142857143,8.578571428571427,8.37,5.83,0.06,19932.58,71.96
1216,EliteStore4678,Mid,North India,"Home,Fashion,Beauty,Sports,Electronics,Grocery",4.52,652,950,2986661.44,4580.77,226.4833333333333,187.65476190476184,175.3333333333333,12.57142857142857,5.55,6.65,-0.0,58782.03,90.16
1217,UrbanCommerce2389,Premium,North India,"Electronics,Grocery,Home",4.21,40,58,52321.14,1308.03,17.53571428571429,15.885714285714284,15.685714285714285,0.2,1.14,4.24,-0.06,2135.32,53.38
1218,NationalCommerce3971,Long Tail,West India,"Fashion,Beauty",3.61,612,852,4953319.54,8093.66,232.7309523809524,199.72619047619048,181.86428571428567,18.061904761904763,7.76,6.31,0.03,55931.45,91.54
1219,ExpressImports7047,Long Tail,East India,"Sports,Home,Grocery,Fashion,Electronics,Beauty",4.02,167,222,4626142.55,27701.45,61.07857142857142,53.46190476190476,49.11904761904761,4.8428571428571425,7.93,5.78,-0.01,11282.42,67.56
1220,SmartSupply8318,Mid,West India,"Electronics,Sports,Fashion,Home,Grocery,Beauty",4.99,685,930,2916341.99,4257.43,262.7357142857143,217.10476190476192,200.09761904761905,17.84047619047619,6.79,5.27,0.02,41993.4,61.3
1221,ApexSupply5562,Long Tail,South India,Electronics,4.81,595,809,24003790.0,40342.5,227.44285714285706,190.70476190476185,176.3928571428571,14.31190476190476,6.29,5.51,-0.03,41506.66,69.76
1222,FutureCommerce9097,Mid,West India,"Fashion,Sports,Beauty",3.84,1166,1608,1099461.86,942.93,439.5809523809525,361.50238095238115,332.7809523809525,29.304761904761904,6.67,5.79,-0.04,88610.73,76.06
1223,ValueBazaar9144,Long Tail,Central India,"Beauty,Grocery,Home,Electronics,Sports,Fashion",4.11,581,781,1768829.19,3044.46,219.445238095238,179.10952380952375,164.89285714285708,14.383333333333331,6.55,5.13,-0.01,35741.98,61.52
1224,PrimeMarketplace7911,Long Tail,Central India,"Grocery,Sports,Fashion,Beauty",3.77,32,41,62294.85,1946.71,13.1,9.599999999999998,8.349999999999998,1.25,9.54,6.48,0.08,3083.99,96.37
1225,GlobalWholesale1281,Long Tail,East India,"Sports,Fashion,Electronics,Beauty,Grocery,Home",4.0,128,177,12634221.81,98704.86,46.62142857142857,38.67142857142857,36.1047619047619,2.566666666666667,5.51,5.71,0.17,9539.6,74.53
1226,FutureWholesale3283,Long Tail,East India,"Fashion,Electronics,Grocery,Sports",4.13,598,812,1897942.21,3173.82,233.7238095238095,203.3714285714285,184.1785714285714,19.976190476190474,8.55,5.18,-0.03,37413.39,62.67
1227,NextRetail4679,Mid,North India,"Grocery,Beauty",4.75,591,810,11737958.58,19861.18,219.14999999999992,181.14285714285708,168.8071428571428,12.335714285714287,5.63,5.2,0.02,37822.34,64.11
1228,QuickExports1431,Mid,West India,"Electronics,Fashion",4.8,29,40,3439970.43,118619.67,10.176190476190476,8.309523809523808,7.60952380952381,0.9,8.84,5.52,0.04,1787.28,61.63
1229,UrbanImports2208,Long Tail,West India,Sports,4.54,622,880,89723582.74,144250.13,228.5119047619048,179.36190476190473,159.61666666666662,21.245238095238093,9.3,6.02,0.05,45320.42,72.86
1230,PrimeRetail2262,Long Tail,North India,"Fashion,Electronics,Sports,Beauty,Grocery",4.12,133,194,691178.26,5196.83,46.77619047619048,39.00714285714286,37.91428571428571,1.926190476190476,4.12,5.89,-0.13,10996.52,82.68
1231,SmartExports9641,Long Tail,East India,"Fashion,Sports,Beauty,Home",4.1,72,98,4696172.7,65224.62,25.219047619047622,21.092857142857138,20.176190476190474,0.9166666666666666,3.63,5.8,-0.05,4812.33,66.84
1233,QuickWholesale7940,Mid,West India,"Electronics,Grocery,Fashion,Home,Sports,Beauty",4.51,628,874,2101580.85,3346.47,239.01428571428568,207.2642857142857,191.31904761904764,16.77857142857143,7.02,5.15,-0.03,39412.96,62.76
1234,EliteMart2506,Premium,Central India,"Home,Grocery,Sports,Beauty,Electronics,Fashion",3.7,103,139,298158.27,2894.74,38.92857142857143,31.085714285714285,29.10952380952381,1.976190476190476,5.08,4.57,0.0,5771.21,56.03
1235,QuickMarketplace1917,Long Tail,South India,"Sports,Fashion",4.92,725,969,10592030.45,14609.7,267.51904761904757,228.46428571428564,211.33571428571423,19.295238095238094,7.21,5.56,-0.01,50755.83,70.2
1236,VertexWholesale2264,Mid,West India,"Sports,Grocery",4.86,1235,1677,35481456.08,28729.92,461.22857142857174,390.559523809524,363.22380952380973,27.735714285714288,6.01,6.43,-0.01,112324.78,91.1
1237,EliteKart7086,Long Tail,West India,"Sports,Beauty,Grocery",3.81,1191,1635,5424754.97,4554.79,443.6380952380955,371.9833333333335,335.6476190476191,37.83571428571429,8.53,5.59,-0.0,85504.02,71.79
1238,FutureMarketplace6496,Long Tail,North India,"Electronics,Sports,Grocery",4.5,600,832,70576378.77,117627.3,218.72619047619045,183.11428571428567,163.3095238095238,20.804761904761904,9.51,5.58,0.04,41355.81,68.93
1239,PrimeRetail1179,Long Tail,East India,"Fashion,Grocery,Electronics",4.13,2226,3154,44234640.93,19871.81,841.8690476190476,704.5428571428574,647.8071428571432,57.85238095238095,6.87,6.03,-0.01,182954.2,82.34
1240,ApexMarketplace1735,Mid,Central India,"Fashion,Electronics,Sports,Beauty,Grocery",4.39,676,965,13972208.5,20668.95,267.72380952380945,231.90952380952376,214.73809523809518,19.57142857142857,7.31,6.45,-0.01,68727.56,101.82
1241,DigitalKart6843,Long Tail,East India,"Electronics,Sports,Home,Grocery",3.74,36,51,215322.66,5981.19,18.266666666666666,16.233333333333334,12.033333333333333,4.2,22.99,7.03,0.25,5840.91,162.25
1242,SmartExports2595,Long Tail,East India,"Fashion,Home,Beauty,Grocery,Sports",4.33,1600,2198,113852909.33,71158.07,597.5214285714288,500.3595238095241,454.76904761904785,46.790476190476184,7.83,6.34,-0.01,139946.29,87.63
1243,ApexWholesale1612,Long Tail,East India,"Grocery,Electronics,Fashion,Sports,Beauty,Home",3.82,1814,2554,43808417.42,24150.17,665.2309523809527,568.7380952380955,529.7571428571433,38.980952380952374,5.86,5.31,-0.05,118699.23,65.58
1244,PrimeDistribution2528,Long Tail,South India,"Sports,Beauty",3.54,226,305,2384976.45,10552.99,87.07142857142856,76.47857142857143,71.44523809523811,5.533333333333333,6.35,5.19,-0.1,15557.84,68.84
1245,SmartCommerce5765,Long Tail,East India,"Sports,Fashion,Grocery,Home,Beauty,Electronics",4.67,591,788,55063864.41,93170.67,235.30714285714285,200.43809523809523,179.87619047619046,20.561904761904763,8.74,5.86,0.06,44762.85,75.74
1246,VertexMarketplace2228,Long Tail,South India,"Electronics,Beauty,Fashion,Sports",3.89,189,251,12964449.89,68594.97,75.47142857142859,62.97857142857143,56.61666666666667,6.6952380952380945,8.87,5.37,0.01,13379.08,70.79
1247,ExpressStore8451,Mid,East India,"Beauty,Electronics,Grocery,Sports,Fashion,Home",4.35,632,928,15141256.85,23957.68,253.64999999999998,212.73571428571427,195.0238095238095,18.545238095238094,7.31,6.5,0.0,58575.33,92.68
1248,ApexCommerce6789,Premium,North India,"Fashion,Electronics,Home",4.6,1185,1620,8193076.53,6913.99,460.2000000000003,384.15714285714307,354.39285714285734,30.347619047619048,6.59,5.13,0.0,73580.45,62.09
1249,FastTraders5194,Long Tail,West India,"Sports,Beauty",4.23,147,201,1141554.77,7765.68,48.645238095238106,39.17857142857142,36.978571428571435,2.2,4.52,5.69,-0.04,9813.65,66.76
1250,ExpressKart6955,Long Tail,East India,"Electronics,Grocery",3.89,731,1027,64334648.17,88009.09,275.21190476190486,233.26428571428573,217.62857142857143,16.135714285714286,5.86,5.96,-0.04,57355.25,78.46
1251,NationalWholesale6138,Long Tail,East India,"Grocery,Fashion,Beauty,Sports",4.4,724,1019,13015222.07,17976.83,272.06428571428575,224.49761904761905,209.00952380952378,16.154761904761905,5.94,5.94,-0.0,53086.63,73.32
1252,NextExports1130,Long Tail,South India,"Beauty,Grocery,Sports,Fashion,Electronics,Home",3.93,638,881,1107596.12,1736.04,240.68571428571425,195.85238095238088,176.2761904761904,19.826190476190476,8.24,5.14,0.06,38589.15,60.48
1253,QuickHub7541,Mid,North India,Home,4.24,101,158,9875317.04,97775.42,36.84761904761905,32.280952380952385,29.74761904761905,2.533333333333333,6.88,5.47,-0.13,6500.32,64.36
1254,SuperImports9767,Mid,West India,"Beauty,Electronics,Home,Fashion",4.6,178,260,2298884.91,12915.08,69.8,58.8547619047619,50.67857142857142,8.426190476190476,12.07,5.68,0.13,12565.61,70.59
1255,UrbanDistribution7503,Long Tail,West India,Fashion,4.38,731,1049,90827950.54,124251.64,276.13571428571436,232.19047619047615,215.88571428571424,16.304761904761904,5.9,5.22,-0.01,46763.15,63.97
1256,VertexTraders4483,Long Tail,West India,"Home,Electronics,Sports,Fashion",3.76,85,107,1713732.95,20161.56,31.60238095238095,21.952380952380953,20.58571428571429,1.8666666666666667,5.91,5.16,-0.05,5590.91,65.78
1257,ExpressHub4497,Mid,East India,"Beauty,Electronics,Fashion",3.64,85,126,301437.53,3546.32,31.097619047619045,26.204761904761906,22.988095238095237,3.216666666666667,10.34,5.84,0.03,6955.08,81.82
1258,QuickKart6922,Long Tail,West India,Grocery,4.33,28,35,142306.49,5082.37,8.335714285714284,8.335714285714284,8.169047619047618,0.16666666666666666,2.0,6.75,-0.21,1974.27,70.51
1259,TechEnterprise7929,Premium,East India,"Electronics,Fashion",4.28,85,112,2292986.71,26976.31,35.430952380952384,30.897619047619052,28.530952380952378,2.3666666666666667,6.68,6.19,0.0,7851.43,92.37
1260,PrimeMart8396,Long Tail,West India,"Fashion,Electronics,Sports,Grocery,Beauty,Home",3.79,1141,1572,25596629.64,22433.51,425.0809523809526,355.657142857143,324.55238095238104,33.10476190476191,7.79,6.28,-0.04,104938.61,92.05
1261,EliteWholesale1880,Mid,North India,"Sports,Home",4.79,591,830,3453520.27,5843.52,218.0785714285714,186.14999999999995,171.5119047619047,14.63809523809524,6.71,5.2,-0.03,37216.75,62.97
1262,FutureSupply8890,Long Tail,West India,"Home,Fashion,Grocery",4.84,1227,1694,3919940.27,3194.74,465.7714285714289,397.0880952380954,366.1309523809525,31.707142857142856,6.81,4.95,0.02,72546.08,59.22
1263,ReliableEnterprise4253,Mid,North India,"Fashion,Beauty,Home,Grocery,Sports,Electronics",4.72,636,876,45383032.77,71356.97,233.93809523809517,192.93095238095228,181.73571428571424,11.695238095238095,5.0,5.9,-0.06,49617.24,78.01
1264,SmartDistribution8514,Long Tail,South India,"Grocery,Sports,Fashion,Beauty,Home,Electronics",4.62,139,182,3189403.79,22945.35,57.31666666666667,44.640476190476186,39.79761904761905,4.8428571428571425,8.45,5.1,-0.13,9001.61,64.76
1265,NationalExports1060,Premium,West India,"Electronics,Beauty,Home",4.36,1886,2522,51131833.53,27111.26,705.8047619047622,587.8452380952385,543.3357142857147,46.25952380952382,6.55,5.49,-0.01,128528.4,68.37
1266,ApexStore1597,Premium,South India,"Sports,Beauty",3.9,664,939,589681.06,888.07,251.84523809523813,212.5285714285714,196.07619047619042,16.452380952380953,6.53,5.22,0.05,42970.11,64.71
1267,EliteMarketplace7185,Mid,South India,"Beauty,Grocery",3.87,1132,1535,6222368.53,5496.79,414.9500000000003,347.407142857143,317.11666666666673,31.01666666666667,7.47,5.19,0.03,69551.88,61.55
1268,TechCommerce6960,Long Tail,North India,"Fashion,Grocery",4.33,1204,1690,87808820.21,72930.91,448.20952380952406,374.9000000000002,346.6309523809526,28.852380952380955,6.44,5.94,-0.02,94968.75,79.14
1269,SuperSupply7723,Long Tail,East India,"Grocery,Electronics,Beauty",4.14,1102,1553,54374185.68,49341.37,429.52857142857164,360.6976190476191,333.0880952380953,28.109523809523807,6.54,6.46,-0.03,111985.5,101.71
1270,SuperSupply7113,Mid,South India,"Beauty,Grocery,Home,Electronics,Sports",3.62,1258,1717,22293483.99,17721.37,487.72380952380973,412.961904761905,379.20714285714314,35.03809523809524,7.18,5.66,-0.02,95219.39,75.81
1271,ValueImports5640,Long Tail,Central India,"Fashion,Grocery,Beauty,Sports,Home",3.76,687,957,11999998.68,17467.25,262.45714285714297,220.37380952380954,198.86190476190473,22.845238095238095,8.7,6.05,-0.01,57759.32,84.07
1272,UrbanStore1269,Long Tail,Central India,Electronics,3.82,620,861,38235208.41,61669.69,233.96428571428564,189.28809523809517,173.84999999999994,15.77142857142857,6.74,5.93,0.01,50194.07,80.96
1273,VertexDistribution9924,Long Tail,North India,Beauty,4.1,657,908,4409198.73,6711.11,249.38809523809525,202.68095238095236,189.62857142857138,13.30238095238095,5.33,6.06,-0.06,54508.32,82.97
1274,DigitalWholesale7891,Premium,South India,"Grocery,Sports,Electronics,Home",3.52,1082,1495,15101304.74,13956.84,433.9380952380955,366.21904761904767,339.5333333333334,27.935714285714283,6.44,5.87,-0.02,92484.53,85.55
1275,ExpressStore6744,Long Tail,West India,"Grocery,Beauty,Electronics,Sports",4.5,158,230,2650778.89,16777.08,61.423809523809524,47.480952380952374,44.38809523809523,3.092857142857143,5.04,6.19,0.06,12807.64,81.06
1276,FastDistribution5333,Mid,East India,"Sports,Beauty,Electronics,Fashion,Grocery,Home",4.9,140,198,3179964.54,22714.03,52.80952380952381,45.74285714285715,43.73333333333334,2.0095238095238095,3.81,5.74,-0.08,11369.92,81.21
1277,MegaKart1430,Mid,South India,"Sports,Fashion,Electronics,Grocery",3.73,693,955,1145825.31,1653.43,260.0380952380952,218.40476190476187,204.44047619047615,14.214285714285712,5.47,5.09,-0.03,44316.6,63.95
1278,ModernHub8045,Long Tail,South India,"Grocery,Sports,Home",4.19,753,1028,13428216.79,17832.96,286.07380952380953,243.79285714285714,218.2642857142857,26.778571428571425,9.36,5.32,0.06,47986.06,63.81
1279,ApexSupply3111,Mid,West India,"Fashion,Grocery,Beauty,Electronics",4.49,1275,1761,64057231.37,50240.97,484.77857142857175,408.6261904761908,379.87857142857166,29.557142857142857,6.1,6.36,-0.02,117029.73,91.93
1280,NationalHub8166,Long Tail,South India,"Beauty,Home",4.9,805,1096,10061825.27,12499.16,298.86190476190484,253.67857142857144,233.79999999999998,20.37857142857143,6.82,5.48,0.01,54358.24,67.78
1281,ReliableHub6282,Long Tail,South India,"Fashion,Grocery,Electronics,Home,Sports,Beauty",4.58,2226,3050,31794801.29,14283.38,835.1928571428574,700.2880952380957,637.4928571428576,65.1952380952381,7.81,6.56,-0.0,209648.22,94.27
1282,ValueKart3507,Long Tail,North India,Electronics,4.82,140,192,10121922.64,72299.45,58.74047619047619,49.06428571428571,44.8547619047619,4.20952380952381,7.17,5.85,0.03,12604.13,90.03
1283,FutureHub4927,Long Tail,South India,"Grocery,Electronics,Beauty,Sports,Home,Fashion",3.85,567,775,107201842.19,189068.5,204.00952380952376,175.65238095238092,164.81666666666663,11.419047619047618,5.6,5.33,0.0,36618.65,64.58
1284,QuickEnterprise5267,Premium,North India,"Grocery,Fashion",3.88,804,1127,21238659.3,26416.24,306.3642857142858,257.17857142857144,240.78095238095239,17.814285714285713,5.81,6.04,0.0,65612.44,81.61
1285,TechImports2694,Mid,North India,Fashion,3.71,61,73,8066548.9,132238.51,21.233333333333334,18.666666666666664,17.183333333333334,1.4833333333333332,6.99,5.9,0.0,4179.96,68.52
1286,EliteStore2267,Long Tail,West India,"Electronics,Sports,Fashion,Beauty,Home",4.25,65,89,506978.58,7799.67,23.69761904761905,21.771428571428572,19.438095238095244,2.333333333333333,9.85,6.22,0.03,5465.66,84.09
1287,ExpressEnterprise1359,Premium,West India,"Fashion,Beauty,Electronics",3.86,144,199,5429419.31,37704.3,53.519047619047626,46.15238095238095,40.719047619047615,5.633333333333333,10.53,5.92,0.12,11334.12,78.71
1288,ValueSupply6137,Mid,West India,"Sports,Electronics,Fashion,Home",4.64,1755,2433,121929349.14,69475.41,657.4595238095241,538.8285714285716,500.4309523809527,38.89761904761905,5.92,5.45,-0.04,119539.2,68.27
1289,TechDistribution3927,Premium,Central India,"Fashion,Home",4.12,120,164,2922448.09,24353.73,46.614285714285714,39.43571428571428,35.55238095238095,3.883333333333333,8.33,5.65,-0.08,8640.14,72.0
1290,VertexMarketplace9953,Premium,North India,"Electronics,Sports,Home,Fashion,Beauty",4.96,646,916,16694540.12,25842.94,249.46190476190478,209.61190476190473,195.51904761904754,14.342857142857142,5.75,6.35,-0.03,63045.64,97.59
1291,ReliableKart9486,Mid,Central India,"Sports,Home,Electronics,Beauty,Grocery",4.9,693,960,49568612.15,71527.58,265.82619047619056,222.53095238095233,204.12619047619043,19.57142857142857,7.36,5.16,-0.03,46979.19,67.99
1292,UrbanDistribution4554,Mid,North India,"Fashion,Home",4.67,1142,1630,72410555.08,63406.79,428.2714285714289,354.9547619047621,324.057142857143,31.147619047619045,7.27,5.12,-0.02,71288.94,62.48
1293,SmartMart5483,Long Tail,West India,"Fashion,Electronics",4.54,605,834,87920151.02,145322.56,239.31428571428572,208.0119047619047,196.58571428571423,11.426190476190476,4.77,5.53,-0.08,44189.06,73.16
1294,ReliableImports5822,Long Tail,West India,Home,4.09,827,1131,53666220.75,64892.65,319.09047619047624,270.12380952380954,252.44285714285712,18.347619047619048,5.75,5.46,0.01,59652.91,72.13
1295,FastHub4242,Long Tail,East India,"Beauty,Grocery,Sports,Electronics",4.51,144,192,2705063.27,18785.16,55.261904761904766,48.4,45.93333333333333,2.466666666666667,4.46,5.33,0.02,9585.69,66.57
1296,ApexMart3714,Mid,South India,Grocery,4.36,664,917,77209771.19,116279.78,244.01904761904763,204.13809523809516,188.65238095238087,15.985714285714286,6.55,5.93,-0.04,52501.95,79.07
1297,FastWholesale6222,Mid,Central India,"Beauty,Sports,Grocery,Home",4.26,149,210,5912052.04,39678.2,54.48809523809524,44.86190476190477,40.483333333333334,4.378571428571428,8.04,5.66,0.02,11052.03,74.17
1298,FutureDistribution2052,Mid,West India,"Beauty,Sports,Fashion,Home,Grocery",4.14,132,173,6571649.89,49785.23,54.27857142857142,46.62857142857143,41.17857142857143,5.449999999999999,10.04,6.11,-0.04,12874.53,97.53
1299,FastMarketplace7714,Long Tail,East India,Grocery,4.62,283,380,14491340.2,51206.15,104.83333333333331,90.14999999999999,82.50714285714285,8.31904761904762,7.94,6.54,-0.01,25839.35,91.31
1300,ModernSupply4046,Long Tail,East India,"Grocery,Home,Beauty,Electronics,Sports,Fashion",4.11,624,867,4928437.65,7898.14,241.18095238095236,204.2,188.6404761904762,16.55952380952381,6.87,6.03,-0.03,51521.95,82.57
1301,FutureCommerce3376,Premium,East India,Fashion,3.8,237,316,3745784.88,15805.0,82.7547619047619,67.79523809523809,62.86190476190477,5.133333333333334,6.2,6.01,0.01,15883.72,67.02
1302,TechExports6388,Long Tail,South India,Home,4.86,641,910,125058106.37,195098.45,237.00952380952378,201.3809523809523,183.46190476190472,18.085714285714285,7.63,5.31,0.0,39972.93,62.46
1303,VertexRetail9638,Premium,South India,"Home,Fashion,Electronics,Grocery,Sports",4.63,202,273,1460671.99,7231.05,74.52857142857144,64.55952380952381,58.397619047619045,6.161904761904762,8.27,5.65,0.01,13862.44,68.63
1304,ValueCommerce6244,Long Tail,South India,"Home,Grocery,Electronics,Sports,Fashion",4.77,2130,2875,60389076.2,28351.68,822.4380952380951,693.7690476190478,642.9809523809528,51.2047619047619,6.23,5.74,-0.04,165646.18,77.91
1305,ExpressKart5496,Long Tail,West India,Beauty,4.93,730,1001,4512981.15,6182.17,276.00476190476195,229.72380952380948,212.847619047619,17.12619047619048,6.21,5.96,-0.05,59373.91,81.45
1306,EliteMarketplace6355,Long Tail,Central India,Beauty,4.01,137,197,1843150.82,13453.66,47.469047619047615,39.05952380952381,35.77619047619048,3.283333333333333,6.92,6.61,-0.05,11680.17,85.26
1307,DigitalKart1076,Long Tail,West India,"Grocery,Electronics",4.23,101,140,1313431.61,13004.27,38.57380952380952,33.80714285714286,32.55714285714286,1.25,3.24,5.62,-0.16,7986.77,79.08
1308,ReliableDistribution9642,Long Tail,North India,"Beauty,Electronics",3.87,1263,1769,9154884.13,7248.52,462.8547619047623,392.1714285714288,360.3095238095241,32.845238095238095,7.1,5.7,-0.01,89071.19,70.75
1309,FastCommerce6665,Mid,West India,"Electronics,Sports,Beauty,Grocery,Fashion,Home",4.71,1244,1692,3360815.7,2701.62,466.2166666666669,390.8166666666669,360.9404761904764,30.626190476190477,6.57,5.78,-0.04,92808.69,74.67
1310,SuperTraders2989,Long Tail,East India,"Home,Beauty,Electronics,Fashion,Sports",3.95,1299,1827,172251231.66,132602.95,476.2952380952384,396.35714285714306,372.1023809523812,25.171428571428574,5.28,5.7,-0.07,93868.0,72.26
1311,NextKart1170,Premium,South India,Electronics,4.79,238,334,13652683.46,57364.22,83.35952380952381,70.17142857142858,67.07142857142857,3.3,3.96,5.38,-0.12,14790.37,62.14
1312,EliteStore4131,Long Tail,East India,"Sports,Beauty,Fashion",3.72,1178,1601,82088614.09,69684.73,445.15952380952416,375.9380952380955,339.7119047619049,37.25952380952381,8.37,5.01,0.01,70268.38,59.75
1313,MegaMart2229,Long Tail,East India,"Electronics,Sports,Home,Grocery,Beauty",4.92,749,1048,3124905.71,4172.1,281.6928571428572,237.0238095238095,215.02857142857138,22.495238095238093,7.99,5.15,0.03,44692.6,59.67
1314,ApexTraders2964,Long Tail,South India,"Grocery,Beauty,Home,Sports,Electronics,Fashion",4.0,758,1044,26291500.91,34685.36,291.0333333333335,253.41666666666669,236.71190476190475,17.37142857142857,5.97,5.09,-0.03,48552.8,64.14
1315,SuperImports3004,Long Tail,Central India,"Grocery,Beauty",4.47,82,104,436877.58,5327.78,30.38809523809524,23.72142857142857,22.928571428571427,1.7928571428571427,5.9,5.46,-0.03,4936.88,60.21
1316,ExpressMart6274,Long Tail,West India,"Grocery,Beauty",3.68,643,842,107730671.22,167543.81,241.91190476190474,204.16904761904763,190.73809523809524,14.43095238095238,5.97,5.92,-0.04,50901.05,79.16
1317,DigitalExports2356,Long Tail,East India,Home,4.7,1129,1541,109281441.31,96794.9,439.4857142857146,369.99285714285736,336.0857142857144,34.40714285714286,7.83,5.22,-0.0,72948.18,64.61
1318,PrimeStore9103,Long Tail,North India,"Sports,Fashion",3.71,1200,1651,143693896.28,119744.91,446.63571428571476,372.4976190476193,338.25238095238115,34.2452380952381,7.67,5.41,0.02,79311.99,66.31
1319,GlobalTraders7308,Premium,South India,Sports,3.99,197,277,4610856.03,23405.36,69.90714285714286,61.32380952380953,54.27142857142858,7.552380952380952,10.8,5.32,0.04,11806.77,59.93
1320,GlobalWholesale9644,Premium,Central India,Home,4.63,1813,2563,236644793.35,130526.64,691.5833333333335,584.0452380952383,528.5476190476193,56.99761904761905,8.24,5.9,0.02,140964.88,77.92
1321,NationalStore3130,Mid,South India,"Home,Beauty,Fashion",4.92,139,182,9636489.76,69327.26,56.84761904761905,47.16904761904762,45.352380952380955,2.0166666666666666,3.55,5.81,0.0,10213.26,73.48
1322,GlobalStore5552,Mid,West India,"Beauty,Grocery,Fashion,Sports",4.79,767,1016,13940267.12,18175.05,300.4619047619048,253.4309523809524,235.73571428571427,17.695238095238096,5.89,6.08,-0.02,64839.11,84.54
1323,UrbanRetail1271,Long Tail,West India,"Home,Grocery,Electronics,Beauty,Fashion,Sports",4.56,680,916,8411571.64,12369.96,247.72142857142856,209.5523809523809,194.14999999999995,16.902380952380952,6.82,5.55,0.01,45781.33,67.33
1324,FutureMart2938,Mid,Central India,"Electronics,Beauty,Grocery",4.52,688,965,1595208.64,2318.62,254.8404761904762,207.49523809523808,186.3785714285714,22.95,9.01,5.2,0.03,42517.94,61.89
1325,QuickBazaar8059,Long Tail,Central India,"Beauty,Fashion,Grocery",4.81,107,136,2950625.77,27575.94,40.01190476190476,35.18333333333334,32.233333333333334,2.95,7.37,5.19,0.09,7417.64,69.32
1326,FastCommerce2602,Mid,North India,Beauty,3.58,97,144,2267796.06,23379.34,37.13333333333333,33.397619047619045,30.004761904761903,3.7261904761904763,10.03,7.16,0.02,11001.3,113.42
1327,GlobalSupply3894,Mid,Central India,"Sports,Beauty,Fashion,Grocery",4.21,31,41,206218.62,6652.21,10.207142857142859,8.757142857142858,8.757142857142858,0.0,0.0,5.4,-0.08,1929.14,62.23
1328,NextStore4597,Long Tail,North India,"Grocery,Beauty,Sports,Electronics,Home",4.08,1835,2526,15541613.14,8469.54,693.4285714285716,582.616666666667,539.811904761905,43.13809523809524,6.22,5.5,-0.05,127405.73,69.47
1329,FastRetail2078,Long Tail,Central India,Grocery,4.75,587,803,6170636.45,10512.16,214.46428571428572,177.94523809523804,162.69285714285712,15.752380952380951,7.34,5.62,-0.01,42077.79,71.93
1330,QuickSupply2659,Long Tail,South India,"Fashion,Grocery,Beauty",3.78,752,1031,8183227.65,10881.95,282.5976190476191,237.67380952380947,220.92142857142855,17.952380952380953,6.35,5.36,0.03,47651.65,63.37
1331,DigitalExports5718,Long Tail,North India,"Home,Beauty,Fashion,Electronics,Sports,Grocery",4.27,694,924,11681158.26,16831.64,257.0476190476191,214.2428571428571,196.33809523809518,18.238095238095237,7.1,5.32,0.06,42899.55,61.81
1332,ExpressExports6002,Long Tail,South India,"Grocery,Sports",4.19,131,192,588124.46,4489.5,45.773809523809526,38.39047619047619,36.07380952380952,2.65,5.79,5.48,0.02,8633.88,65.91
1333,EliteCommerce8458,Mid,South India,"Sports,Electronics,Fashion",4.74,63,80,4495103.65,71350.85,24.395238095238096,22.16190476190476,20.01904761904762,2.142857142857143,8.78,5.55,0.02,4106.63,65.18
1334,PrimeHub1159,Long Tail,Central India,"Beauty,Sports,Home,Electronics,Grocery,Fashion",3.66,1640,2251,27933950.76,17032.9,622.5595238095242,525.1642857142862,479.4500000000004,45.714285714285715,7.34,5.81,-0.01,126233.2,77.21
1335,ExpressStore1740,Long Tail,North India,"Grocery,Electronics,Beauty,Sports",4.51,729,1005,10081960.63,13829.85,271.94047619047626,227.15476190476193,205.20238095238096,22.452380952380953,8.26,5.2,-0.01,46043.95,63.16
1336,DigitalEnterprise6499,Long Tail,West India,"Home,Fashion,Grocery,Electronics,Sports,Beauty",4.04,1142,1569,15771867.88,13810.74,439.79523809523835,372.2000000000002,341.23333333333346,31.916666666666668,7.26,5.11,-0.01,72720.01,63.68
1337,FutureTraders1222,Mid,East India,"Home,Grocery,Sports,Beauty,Fashion,Electronics",4.59,582,782,7625660.79,13102.51,216.45476190476188,183.5642857142857,171.60238095238094,14.21190476190476,6.57,4.98,0.0,34538.82,59.45
1338,SmartSupply4608,Long Tail,South India,"Home,Grocery,Beauty,Electronics,Fashion,Sports",4.11,639,861,1241420.61,1942.76,233.0928571428571,193.33571428571426,180.19761904761904,13.72142857142857,5.89,5.13,-0.03,37894.11,59.3
1339,GlobalExports2462,Premium,South India,"Electronics,Fashion,Beauty,Grocery",3.57,639,897,21824325.32,34153.87,248.66666666666663,210.2357142857142,193.8023809523809,17.183333333333334,6.91,5.22,-0.02,41508.09,64.96
1340,FutureDistribution6426,Premium,West India,"Electronics,Home,Beauty,Grocery,Sports,Fashion",4.52,1258,1786,25922407.7,20606.05,475.6547619047622,403.609523809524,375.25476190476206,28.6047619047619,6.01,5.21,-0.03,79944.89,63.6
1341,ApexBazaar6624,Mid,Central India,"Home,Sports,Fashion,Electronics",3.91,1125,1535,65846892.2,58530.57,433.6738095238099,368.1214285714288,340.94761904761924,28.233333333333327,6.51,5.61,-0.02,80239.73,71.32
1342,UrbanKart9174,Long Tail,South India,"Beauty,Grocery,Home,Fashion",4.91,727,997,12689408.33,17454.48,270.9119047619048,225.35476190476183,202.8166666666666,22.704761904761906,8.38,6.34,0.0,63048.12,86.96
1343,ExpressMart2058,Long Tail,East India,"Fashion,Grocery,Home,Beauty,Electronics,Sports",4.66,2821,3888,92443214.13,32769.66,1057.6119047619045,906.6642857142856,833.1,76.98095238095237,7.28,5.37,-0.01,183327.71,65.13
1344,UrbanKart9001,Long Tail,East India,"Electronics,Fashion,Home,Beauty",3.71,637,883,9408624.4,14770.21,244.86666666666667,209.15714285714282,187.2119047619047,22.811904761904763,9.32,4.87,0.02,37265.36,58.5
1345,SmartCommerce5641,Long Tail,Central India,"Home,Electronics,Grocery,Fashion",4.32,689,953,89453636.68,129831.11,261.3047619047619,214.50952380952378,195.7928571428571,19.416666666666664,7.43,5.96,0.02,54941.99,79.74
1346,ValueMarketplace2322,Long Tail,East India,"Fashion,Electronics,Home,Grocery,Beauty",4.05,144,195,9623479.82,66829.72,54.547619047619044,43.297619047619044,40.171428571428564,3.1261904761904757,5.73,5.58,0.0,10169.03,70.62
1347,FutureRetail7328,Mid,West India,Beauty,4.02,765,1060,57926734.19,75721.22,287.0333333333334,245.26904761904763,228.56428571428572,17.271428571428572,6.02,5.44,-0.02,51796.29,67.71
1348,DigitalMarketplace6091,Mid,South India,Home,4.16,146,197,3617367.49,24776.49,54.86666666666667,48.81428571428572,45.27142857142857,3.5428571428571427,6.46,6.62,0.02,13325.22,91.27
1349,GlobalMart3223,Long Tail,West India,"Sports,Home,Fashion,Grocery",4.26,115,167,2146934.42,18668.99,42.78333333333333,34.349999999999994,30.78333333333333,3.5666666666666664,8.34,5.5,0.09,7504.99,65.26
1350,PrimeMart8555,Premium,Central India,"Home,Sports",3.71,97,136,5240691.24,54027.74,35.83095238095239,32.93809523809524,32.238095238095234,0.7,1.95,5.2,-0.1,6775.43,69.85
1351,SuperExports6132,Long Tail,Central India,"Beauty,Electronics,Fashion,Home",3.87,1297,1799,24626179.93,18987.03,483.95000000000033,412.4833333333336,372.8500000000002,40.46666666666666,8.36,5.58,0.0,90748.49,70.02
1352,ValueTraders1453,Long Tail,Central India,"Home,Beauty,Sports,Fashion,Grocery,Electronics",4.49,614,856,59935751.44,97615.23,222.48095238095237,182.28571428571425,169.297619047619,13.63095238095238,6.13,5.36,0.02,38871.16,63.31
1353,ApexBazaar7113,Long Tail,South India,"Electronics,Fashion,Home,Sports",4.12,721,1004,13225819.4,18343.72,263.3119047619048,215.7809523809524,200.31904761904764,15.961904761904764,6.06,5.26,0.0,46902.72,65.14
1354,QuickImports1097,Long Tail,West India,"Grocery,Home,Electronics,Fashion,Beauty",4.68,1235,1695,5237758.2,4241.1,471.53809523809554,397.65952380952405,369.01190476190493,29.823809523809526,6.32,5.73,-0.04,94674.99,76.78
1355,UrbanCommerce2595,Long Tail,East India,"Beauty,Electronics,Grocery,Sports,Fashion",4.73,578,781,9610846.08,16627.76,214.33571428571426,174.21190476190472,161.94523809523807,12.266666666666667,5.72,5.06,-0.03,33572.09,58.18
1356,ApexImports9369,Long Tail,North India,"Sports,Home,Electronics,Beauty",4.13,108,143,765687.45,7089.7,41.666666666666664,35.733333333333334,32.99761904761905,2.7357142857142853,6.57,5.68,0.0,8483.22,78.55
1357,ReliableExports9115,Long Tail,South India,"Grocery,Fashion",3.88,1185,1605,153687789.25,129694.34,463.67142857142875,393.0738095238098,366.8190476190478,27.121428571428577,5.85,5.14,-0.05,80198.1,67.73
1358,ExpressMarketplace4288,Long Tail,North India,"Sports,Fashion,Home,Beauty,Grocery,Electronics",4.27,146,213,4500345.34,30824.28,52.2452380952381,46.6452380952381,42.46904761904762,4.1761904761904765,7.99,5.64,0.01,9691.88,66.38
1359,VertexDistribution2983,Mid,Central India,Fashion,4.39,789,1106,16253212.3,20599.76,303.3690476190477,259.1761904761905,239.21190476190475,20.497619047619047,6.76,5.39,0.01,54708.65,69.34
1360,ExpressKart9287,Long Tail,West India,"Fashion,Electronics",4.15,1265,1734,16846082.79,13317.06,487.87142857142896,398.5357142857147,362.9547619047622,37.364285714285714,7.66,5.31,0.03,81593.93,64.5
1361,DigitalSupply8925,Long Tail,South India,Electronics,4.02,702,1020,6715642.63,9566.44,258.0809523809524,216.16666666666663,201.8023809523809,16.114285714285714,6.24,6.71,0.02,70964.43,101.09
1362,VertexImports8194,Mid,Central India,"Grocery,Home",3.81,147,213,1091499.13,7425.16,58.602380952380955,48.65952380952381,43.62619047619048,5.433333333333334,9.27,5.65,0.08,10585.05,72.01
1363,NextHub9380,Long Tail,Central India,"Fashion,Electronics,Sports,Grocery",3.83,120,166,1711121.64,14259.35,40.26190476190476,35.81190476190476,30.51904761904762,5.292857142857143,13.15,6.85,0.08,10263.83,85.53
1364,UrbanMarketplace9076,Long Tail,East India,"Beauty,Home,Grocery,Sports",4.87,612,848,5670691.57,9265.84,230.21190476190472,195.69761904761899,178.16904761904757,18.261904761904763,7.93,5.63,-0.0,46269.01,75.6
1365,SuperSupply7960,Long Tail,South India,"Beauty,Sports,Electronics",4.61,626,887,6432347.27,10275.32,243.33333333333334,202.14523809523808,186.53571428571428,15.809523809523808,6.5,5.32,-0.06,41711.12,66.74
1366,TechMarketplace5960,Mid,North India,"Beauty,Electronics,Sports",3.68,195,284,1598409.96,8196.97,79.42619047619047,69.0,60.016666666666666,8.983333333333334,11.31,5.86,-0.04,15056.38,77.21
1367,SuperDistribution8509,Long Tail,East India,"Sports,Grocery,Beauty,Electronics,Fashion,Home",4.59,691,942,8703126.54,12594.97,258.1642857142857,210.4190476190476,193.2571428571428,17.161904761904758,6.65,5.21,-0.01,44092.63,63.81
1368,NationalRetail6715,Long Tail,Central India,"Home,Grocery",4.15,160,208,2608752.01,16304.7,63.02142857142857,56.29523809523809,51.01190476190476,5.483333333333333,8.7,5.74,-0.08,13974.41,87.34
1369,SuperExports3294,Mid,East India,"Electronics,Fashion,Grocery,Beauty,Home",4.27,1642,2218,69460831.28,42302.58,605.5095238095239,503.1380952380955,464.03095238095267,40.5595238095238,6.7,5.7,-0.01,121161.67,73.92
1370,ExpressMarketplace3955,Mid,Central India,"Home,Beauty,Electronics,Sports,Fashion,Grocery",4.06,676,994,4390058.39,6494.17,258.4142857142857,216.6119047619047,196.88571428571424,19.869047619047617,7.69,5.89,-0.0,53514.03,79.28
1371,ApexMarketplace6703,Long Tail,Central India,"Sports,Grocery,Home,Electronics,Fashion",4.58,72,96,285657.25,3967.46,28.157142857142855,25.20714285714286,24.09047619047619,1.4499999999999997,5.15,4.86,-0.02,4714.86,65.48
1372,EliteRetail2581,Mid,North India,"Electronics,Sports,Grocery,Home",3.55,1149,1632,3715051.24,3233.29,435.58809523809555,367.1952380952383,328.71190476190486,39.81666666666667,9.14,5.13,0.03,69939.42,60.87
1373,EliteExports7292,Long Tail,West India,"Beauty,Home,Fashion,Grocery,Electronics,Sports",3.85,685,946,1629597.18,2378.97,273.2238095238095,235.03333333333336,216.1142857142857,18.919047619047618,6.92,5.66,0.02,53193.05,77.65
1374,FastStore1613,Long Tail,North India,Grocery,3.78,1289,1791,34640360.59,26873.83,494.16428571428605,416.6761904761907,376.5023809523812,40.673809523809524,8.23,5.37,0.05,84404.72,65.63
1375,ModernStore8364,Mid,West India,"Grocery,Electronics,Fashion",4.09,765,1040,65417126.1,85512.58,279.44761904761907,246.13333333333335,231.10238095238097,16.14761904761905,5.78,5.33,-0.05,51319.68,67.17
1376,SuperImports5687,Long Tail,South India,"Grocery,Sports,Fashion,Electronics,Beauty,Home",4.01,1673,2320,26887548.21,16071.46,618.6452380952383,527.0404761904764,477.53333333333353,52.12380952380952,8.43,6.03,0.01,136744.45,81.93
1377,GlobalKart3302,Long Tail,North India,"Fashion,Beauty,Sports,Electronics,Home,Grocery",4.51,1048,1435,6464187.32,6168.12,388.33809523809543,326.202380952381,303.74761904761914,23.788095238095234,6.13,4.99,-0.01,62866.88,60.04
1378,EliteImports9653,Long Tail,West India,"Grocery,Sports,Electronics,Fashion",4.79,658,892,2251410.15,3421.6,247.61190476190473,204.26428571428568,190.1380952380952,16.126190476190477,6.51,5.37,0.02,43856.08,66.65
1379,NationalCommerce6840,Mid,Central India,"Grocery,Beauty",3.51,1315,1863,68984662.51,52459.82,503.5404761904766,411.0857142857146,374.6476190476193,36.43809523809524,7.24,5.6,0.01,96349.12,73.38
1380,ValueImports7162,Long Tail,North India,"Electronics,Beauty",4.19,104,145,14070115.67,135289.57,43.25476190476191,36.121428571428574,32.00476190476191,4.283333333333333,9.9,5.31,-0.06,7690.45,73.95
1381,NationalMart2653,Mid,North India,Fashion,4.22,204,282,13910208.85,68187.3,70.66666666666666,61.35714285714285,57.37380952380951,4.2333333333333325,5.99,5.71,-0.06,13949.52,68.38
1382,ReliableCommerce1369,Mid,South India,"Electronics,Grocery",4.63,141,199,2840699.64,20146.81,53.24285714285715,46.5,40.88333333333333,5.949999999999999,11.18,6.48,0.17,11593.48,82.22
1383,PrimeWholesale3586,Long Tail,East India,"Home,Beauty,Sports",4.31,704,976,2992484.0,4250.69,263.32857142857154,216.96428571428572,198.08809523809524,19.376190476190477,7.36,5.26,0.02,46276.8,65.73
1384,ReliableExports2816,Mid,Central India,"Grocery,Fashion,Home,Sports,Electronics",4.79,97,148,6672194.41,68785.51,35.94761904761905,30.18809523809524,27.17857142857143,3.0095238095238095,8.37,6.81,0.06,10226.45,105.43
1385,ModernSupply5274,Long Tail,South India,"Sports,Electronics,Grocery",4.56,2347,3242,69169795.73,29471.58,867.6380952380953,714.8952380952384,659.666666666667,57.12857142857142,6.58,5.77,-0.01,179363.86,76.72
1386,GlobalBazaar6400,Mid,North India,Fashion,3.51,168,219,3229496.83,19223.2,63.107142857142854,52.55714285714286,50.797619047619044,1.7595238095238095,2.79,6.0,-0.1,12901.14,76.79
1387,PrimeSupply2320,Long Tail,Central India,"Electronics,Grocery,Sports,Fashion",3.85,1220,1657,9819923.06,8049.12,458.5119047619051,385.3023809523811,356.2476190476192,30.28095238095238,6.6,5.19,-0.02,72940.86,59.84
1388,UrbanKart9136,Mid,Central India,"Home,Electronics",4.01,706,992,15538996.17,22009.91,262.91666666666674,226.15238095238095,211.56904761904764,15.583333333333332,5.93,5.39,-0.1,45652.84,64.66
1389,MegaKart4214,Long Tail,Central India,"Home,Beauty,Grocery,Fashion,Electronics,Sports",3.5,517,743,5897867.52,11407.87,199.3761904761904,172.35714285714283,160.01904761904757,12.53809523809524,6.29,4.87,0.01,29975.26,57.98
1390,QuickEnterprise7180,Long Tail,South India,"Sports,Electronics,Beauty,Grocery",3.86,1083,1547,83704596.22,77289.56,409.4952380952384,355.53333333333353,331.20238095238113,25.314285714285713,6.18,5.64,-0.04,78556.97,72.6
1391,VertexDistribution7024,Mid,East India,"Beauty,Grocery,Fashion,Electronics,Sports,Home",3.6,627,885,4321832.85,6892.88,235.3690476190476,201.7571428571428,187.12857142857135,15.128571428571426,6.43,5.96,-0.05,54586.72,87.2
1392,NextStore1164,Premium,South India,"Beauty,Electronics,Fashion",4.33,647,900,4401068.61,6802.27,249.89999999999995,210.06666666666663,188.19047619047615,22.435714285714283,8.98,5.13,-0.02,43405.95,67.09
1393,PrimeKart3076,Mid,West India,"Grocery,Sports,Electronics,Beauty,Home,Fashion",4.13,104,135,4583626.5,44073.33,39.56666666666667,30.15476190476191,28.871428571428574,1.7833333333333332,4.51,5.11,-0.06,7411.12,71.26
1394,VertexImports5001,Long Tail,East India,"Electronics,Home,Grocery",4.81,1766,2507,84753331.14,47991.69,656.9857142857147,552.1952380952386,504.4142857142862,49.44761904761905,7.53,5.45,-0.01,120033.05,68.05
1395,PrimeMart9907,Mid,South India,"Beauty,Sports,Electronics,Home,Grocery",4.24,698,951,30439307.88,43609.32,265.7309523809524,215.6809523809523,201.1333333333333,15.88095238095238,5.98,5.74,-0.03,51076.22,73.18
1396,ReliableMart5001,Long Tail,Central India,"Sports,Home,Fashion,Beauty,Grocery,Electronics",3.66,1240,1692,11482314.99,9259.93,464.7619047619051,387.8857142857145,359.4309523809526,29.821428571428573,6.42,5.85,-0.02,101233.84,81.71
1397,MegaCommerce7731,Long Tail,Central India,"Sports,Grocery,Electronics",3.59,1220,1658,23185015.62,19004.11,456.60714285714306,381.23809523809547,343.5166666666668,38.554761904761904,8.44,5.63,0.01,90109.42,73.92
1398,NationalRetail5996,Mid,Central India,"Electronics,Fashion,Grocery",3.95,141,192,4608254.07,32682.65,49.43809523809524,44.91904761904762,41.43571428571428,3.4833333333333334,7.05,5.82,0.1,9866.96,69.98
1399,SmartKart4851,Long Tail,West India,Home,3.75,1208,1648,44982533.03,37237.2,461.8476190476194,388.06428571428586,355.609523809524,33.688095238095244,7.29,5.72,0.0,91041.65,75.37
1400,FastMart7294,Long Tail,East India,"Electronics,Sports,Beauty,Grocery",3.68,70,92,241661.52,3452.31,24.830952380952382,20.988095238095237,17.404761904761905,3.5833333333333335,14.43,6.15,0.03,5066.08,72.37
1401,FastWholesale7290,Mid,West India,Electronics,3.69,164,238,4975119.46,30336.09,60.07380952380952,52.76428571428572,49.86428571428572,2.9,4.83,5.31,0.0,11617.11,70.84
1402,GlobalSupply4021,Mid,West India,"Beauty,Sports,Electronics,Grocery",4.86,213,275,7031601.13,33012.21,78.64047619047619,67.3547619047619,59.521428571428565,7.833333333333332,9.96,5.87,0.08,16555.93,77.73
1403,DigitalKart9872,Premium,East India,Sports,4.73,648,906,2723456.73,4202.87,234.7880952380952,202.30476190476188,187.57857142857137,15.592857142857142,6.64,5.63,0.0,48906.59,75.47
1404,VertexSupply8004,Long Tail,North India,"Home,Sports,Fashion,Electronics,Beauty",3.62,620,865,16695055.1,26927.51,231.86666666666665,196.53333333333327,175.0714285714285,22.271428571428572,9.61,6.55,-0.01,58258.74,93.97
1405,QuickExports5709,Long Tail,Central India,Grocery,3.87,191,266,14383598.19,75306.8,69.9547619047619,61.25238095238096,56.87619047619047,4.376190476190476,6.26,6.14,-0.02,16072.66,84.15
1406,QuickTraders4903,Long Tail,South India,"Grocery,Sports,Home,Electronics",3.75,64,96,251719.22,3933.11,20.995238095238097,18.06190476190476,16.21904761904762,1.8428571428571427,8.78,5.41,0.07,3673.34,57.4
1407,NextEnterprise9893,Long Tail,East India,"Sports,Home,Electronics",3.52,152,202,8473160.78,55744.48,57.740476190476194,49.714285714285715,46.73095238095238,2.983333333333333,5.17,6.16,-0.09,12139.79,79.87
1408,FastEnterprise1202,Long Tail,North India,"Beauty,Electronics,Home,Fashion,Sports",4.65,1299,1783,9177725.7,7065.22,471.1952380952385,392.38809523809545,357.33095238095257,36.72380952380952,7.79,5.11,-0.03,77454.94,59.81
1409,SuperKart8207,Long Tail,North India,"Sports,Home,Grocery,Electronics,Fashion",4.86,1168,1634,223198524.35,191094.63,439.1809523809527,354.2047619047621,322.0309523809525,32.71666666666667,7.45,5.85,0.03,88042.49,75.51
1410,ExpressImports4569,Long Tail,West India,Home,4.83,115,150,4977686.27,43284.23,44.12142857142857,37.56666666666667,35.464285714285715,2.1023809523809525,4.76,5.52,-0.06,8471.75,73.67
1411,EliteMart5524,Mid,East India,"Electronics,Home,Grocery,Sports,Fashion",3.93,619,854,6059865.49,9789.77,234.6928571428571,196.26666666666662,177.76428571428568,19.085714285714282,8.13,5.21,0.01,36230.05,58.53
1412,VertexImports1812,Mid,South India,"Fashion,Sports,Grocery,Electronics",4.07,186,261,3036980.4,16327.85,64.3404761904762,52.89761904761905,47.48809523809524,5.409523809523809,8.41,6.23,0.03,15936.67,86.14
1413,ReliableExports4734,Mid,North India,"Electronics,Fashion,Beauty,Home,Grocery,Sports",4.32,690,959,14992033.31,21727.58,255.6142857142857,222.5642857142857,206.21904761904756,16.76190476190476,6.56,5.19,0.02,42780.73,62.0
1414,ReliableExports1732,Premium,Central India,"Home,Electronics,Sports",4.54,1205,1690,48033258.44,39861.63,450.47857142857174,376.1833333333335,344.53809523809537,32.03809523809524,7.11,5.27,0.0,75585.23,62.83
1415,UrbanBazaar2268,Long Tail,South India,"Electronics,Sports,Beauty",3.97,1229,1711,1735702.6,1412.29,451.3928571428574,378.8238095238097,349.9357142857144,29.054761904761907,6.44,5.79,-0.01,92503.09,75.39
1416,PrimeImports7987,Long Tail,East India,"Grocery,Home,Beauty",4.69,585,821,9734470.03,16640.12,222.85952380952378,189.2547619047619,174.99999999999997,14.254761904761905,6.4,5.13,0.06,34714.55,59.34
1417,VertexEnterprise6902,Premium,East India,Home,4.47,723,961,23731407.84,32823.52,271.6547619047619,231.44761904761907,211.00952380952378,21.271428571428572,7.83,6.38,-0.06,65369.33,90.54
1418,FutureKart5765,Mid,South India,"Home,Beauty,Sports,Grocery,Electronics,Fashion",4.32,654,903,19382167.09,29636.34,247.98333333333332,205.48571428571427,188.45714285714286,17.028571428571425,6.87,6.91,-0.04,70836.29,108.48
1419,VertexRetail6129,Long Tail,Central India,Electronics,4.07,626,894,48052344.37,76760.93,230.4999999999999,198.59285714285707,175.63571428571424,23.1,10.02,6.85,0.05,65575.71,104.75
1420,SmartSupply2285,Long Tail,North India,"Grocery,Sports,Home,Electronics,Fashion,Beauty",3.56,606,822,24462250.23,40366.75,233.16190476190474,197.64999999999992,173.6833333333333,25.0,10.72,6.47,0.03,57402.58,94.72
1421,NationalEnterprise1842,Mid,Central India,"Grocery,Sports,Beauty,Home,Electronics",4.93,645,882,13576643.22,21049.06,238.6380952380952,204.5333333333333,190.35476190476186,14.178571428571429,5.94,7.19,-0.03,75189.4,116.57
1422,ApexMart4998,Long Tail,East India,"Grocery,Sports,Beauty,Fashion,Home,Electronics",4.03,152,213,4031585.77,26523.59,58.65714285714285,53.397619047619045,51.21428571428571,2.1833333333333336,3.72,5.74,-0.03,12681.21,83.43
1423,UrbanExports4949,Premium,West India,"Fashion,Beauty,Home",3.77,1634,2219,49200652.16,30110.56,616.1857142857145,516.5261904761908,468.7904761904765,48.52857142857143,7.88,5.83,0.01,122176.41,74.91
1424,NationalStore6935,Mid,West India,"Home,Electronics,Sports,Beauty",4.92,165,228,2827419.67,17135.88,57.92619047619047,50.673809523809524,47.24523809523809,3.4285714285714284,5.92,5.92,-0.04,11276.94,68.35
1425,NextMarketplace3052,Long Tail,Central India,"Beauty,Sports",4.65,1149,1555,22643679.73,19707.29,430.02857142857175,368.2333333333335,334.5976190476192,35.36904761904762,8.22,5.18,0.0,69813.16,60.87
1426,FastEnterprise5700,Long Tail,East India,"Sports,Grocery,Fashion,Home",4.97,759,1091,22458715.12,29589.87,279.3571428571429,234.07142857142856,209.2142857142857,25.190476190476193,9.02,5.09,0.03,49109.64,64.79
1427,ValueSupply9274,Premium,South India,Electronics,4.66,203,285,2971595.52,14638.4,78.12142857142855,65.23333333333333,59.21666666666667,6.016666666666667,7.7,4.91,0.02,13435.42,66.18
1428,TechHub2979,Long Tail,West India,"Sports,Fashion,Grocery,Beauty",4.44,165,254,5724472.71,34693.77,64.29285714285716,50.49285714285714,46.50952380952381,3.9833333333333334,6.2,5.34,-0.05,11545.29,69.97
1429,ValueKart3735,Long Tail,North India,"Sports,Beauty,Electronics,Grocery,Home",3.72,1266,1759,18677716.86,14753.33,471.7333333333337,398.92619047619075,359.74761904761925,41.36190476190476,8.77,6.44,-0.03,114933.3,91.14
1430,QuickExports4955,Long Tail,East India,"Grocery,Beauty,Sports,Fashion,Electronics",4.88,1367,1919,17256189.71,12623.4,509.41428571428605,435.12380952380977,402.1738095238097,33.95,6.66,5.25,-0.06,90191.73,66.12
1431,MegaStore6815,Long Tail,West India,"Home,Grocery,Electronics",4.44,594,841,3807466.11,6409.88,223.91428571428565,190.09285714285707,175.2928571428571,15.3,6.83,6.12,0.01,49712.55,83.69
1432,ApexDistribution9345,Long Tail,North India,"Beauty,Sports,Home,Fashion,Electronics,Grocery",3.6,632,901,8722550.97,13801.5,221.27380952380946,186.02857142857138,175.25952380952378,11.352380952380953,5.13,6.18,-0.07,52902.84,83.71
1433,ApexCommerce8430,Long Tail,West India,Grocery,3.97,1159,1599,4456093.95,3844.77,440.3595238095241,378.48333333333363,354.6952380952383,24.604761904761908,5.59,4.97,-0.01,69872.91,60.29
1434,NextMart9082,Long Tail,East India,"Fashion,Grocery,Home,Electronics",4.03,1167,1653,148521676.2,127267.93,436.48571428571455,365.76666666666677,331.62619047619063,35.72380952380952,8.18,5.85,-0.01,88089.31,75.55
1435,QuickCommerce3923,Mid,South India,"Grocery,Sports,Beauty,Fashion,Home",4.39,253,354,7117255.74,28131.45,90.17142857142858,70.20238095238095,65.67619047619047,4.526190476190477,5.02,5.84,-0.09,17399.88,68.77
1436,UrbanCommerce5666,Premium,South India,"Sports,Fashion,Beauty,Home,Grocery,Electronics",4.07,701,946,4488775.53,6403.39,260.5761904761905,225.1619047619047,205.97857142857137,19.35,7.43,5.49,-0.01,47464.9,67.71
1437,NextDistribution3774,Mid,East India,"Home,Beauty,Grocery",3.8,1185,1627,4101288.53,3461.0,430.75952380952424,350.6642857142859,315.0333333333335,36.88095238095238,8.56,5.43,0.05,75618.31,63.81
1438,GlobalBazaar9334,Long Tail,South India,"Electronics,Fashion,Home,Sports,Beauty",3.95,89,132,1551316.23,17430.52,32.240476190476194,28.39761904761905,27.64761904761905,0.75,2.33,4.61,-0.13,5564.24,62.52
1439,TechCommerce4328,Mid,East India,"Electronics,Grocery,Fashion,Sports,Beauty",4.4,733,1042,4391440.14,5991.05,274.5857142857143,229.4261904761904,209.6833333333333,19.942857142857143,7.26,5.61,0.02,53644.97,73.39
1440,DigitalDistribution2795,Long Tail,North India,"Sports,Beauty,Fashion,Grocery",4.04,870,1229,123824229.18,142326.7,325.05476190476213,270.0428571428572,245.23571428571424,25.507142857142856,7.85,5.31,-0.0,57995.46,66.74
1441,FastExports2908,Long Tail,East India,"Beauty,Home,Electronics,Sports",3.81,603,839,13552462.19,22475.06,235.35000000000002,201.59285714285716,188.2952380952381,14.797619047619047,6.29,5.07,0.0,35631.36,59.09
1442,NextExports2218,Premium,East India,Sports,4.7,635,880,187015055.82,294511.9,244.4428571428571,204.5619047619047,188.9523809523809,15.609523809523811,6.39,5.49,-0.03,45840.22,72.3
1443,ModernDistribution1628,Long Tail,West India,"Home,Sports,Beauty,Grocery,Electronics",3.66,120,159,2244471.56,18703.93,42.969047619047615,35.833333333333336,34.964285714285715,0.8690476190476191,2.02,5.58,-0.2,8192.62,68.27
1444,NextHub7163,Long Tail,South India,"Grocery,Home,Fashion,Sports,Electronics,Beauty",4.01,74,104,2101552.4,28399.36,30.585714285714285,25.55238095238095,23.45952380952381,2.092857142857143,6.84,6.31,0.11,6392.19,86.38
1445,SmartTraders4065,Long Tail,West India,"Home,Beauty",3.54,743,1020,7356633.76,9901.26,274.36666666666673,228.53809523809525,208.05476190476193,20.73333333333333,7.56,5.35,-0.09,51741.93,69.64
1446,NationalWholesale4509,Mid,North India,"Fashion,Electronics",3.97,167,217,1748905.01,10472.49,60.66428571428572,50.661904761904765,47.7952380952381,3.3666666666666667,5.55,5.73,-0.15,11537.38,69.09
1447,ReliableMarketplace4416,Long Tail,South India,Beauty,4.41,266,347,5144421.73,19339.93,104.39523809523811,86.99285714285716,76.38333333333335,10.60952380952381,10.16,5.18,-0.0,17204.43,64.68
1448,ApexRetail6713,Long Tail,West India,"Sports,Home,Beauty,Grocery",4.08,613,831,21684107.03,35373.75,222.62380952380948,189.23095238095235,173.1380952380952,16.292857142857144,7.32,5.47,0.06,43111.18,70.33
1449,QuickMarketplace6851,Long Tail,Central India,"Fashion,Home,Sports,Beauty,Grocery,Electronics",3.72,640,916,19851355.78,31017.74,246.32619047619042,208.54285714285712,196.5404761904761,12.919047619047621,5.24,5.02,-0.02,38472.94,60.11
1450,DigitalSupply8326,Long Tail,East India,"Electronics,Fashion,Sports",3.63,192,267,1761706.85,9175.56,67.05238095238094,58.392857142857146,53.50714285714285,4.885714285714285,7.29,6.07,0.02,13767.8,71.71
1451,FutureExports7522,Long Tail,South India,"Beauty,Electronics,Fashion,Sports,Home,Grocery",3.51,292,416,5348186.74,18315.71,105.26190476190474,91.12619047619046,85.74047619047619,5.635714285714285,5.35,5.48,-0.02,19676.23,67.38
1452,NextKart5766,Long Tail,East India,"Beauty,Grocery,Sports,Home",3.68,1294,1848,10313899.77,7970.56,470.9285714285719,390.8000000000003,361.73095238095266,30.069047619047623,6.39,5.96,-0.03,96293.27,74.65
1453,ReliableEnterprise6295,Long Tail,East India,"Beauty,Electronics",4.89,33,39,1053424.74,31921.96,16.083333333333336,14.166666666666666,12.333333333333332,1.8333333333333333,11.4,4.86,0.04,2223.88,67.39
1454,ValueSupply5271,Long Tail,North India,"Beauty,Sports,Grocery",4.95,698,959,10147836.98,14538.45,271.14047619047625,231.94047619047618,211.2547619047619,21.185714285714287,7.81,5.05,-0.02,43615.03,62.58
1455,MegaMart8334,Premium,West India,"Sports,Fashion,Home,Beauty",4.61,1234,1669,8653389.8,7012.47,450.76666666666705,375.46190476190503,348.7428571428574,27.085714285714282,6.01,5.12,0.0,70678.05,57.37
1456,VertexMarketplace6401,Long Tail,South India,"Fashion,Grocery,Sports,Home,Electronics",4.83,627,877,33678589.02,53713.86,231.31666666666666,200.41666666666663,186.26666666666665,14.15,6.12,6.08,-0.05,51989.52,82.92
1457,FutureEnterprise2039,Long Tail,North India,"Electronics,Sports,Beauty,Grocery,Fashion",4.3,197,268,4221117.05,21426.99,78.66904761904762,71.25238095238095,66.43571428571428,4.816666666666666,6.12,5.81,-0.03,17599.56,89.34
1458,GlobalHub9776,Long Tail,West India,"Home,Grocery",3.75,850,1168,22938584.9,26986.57,325.157142857143,267.52619047619055,243.61904761904768,24.357142857142858,7.49,5.61,0.04,63417.06,74.78
1459,GlobalBazaar5074,Mid,North India,"Fashion,Home,Sports,Beauty,Grocery,Electronics",3.99,601,807,2850058.06,4742.19,221.5023809523809,185.30714285714282,173.29761904761898,12.592857142857143,5.69,5.4,-0.03,39823.25,66.26
1460,UrbanBazaar7519,Long Tail,West India,Grocery,4.64,1187,1667,18993125.75,16000.95,452.5047619047622,385.15476190476215,359.84761904761933,26.257142857142856,5.8,5.79,-0.02,91767.51,77.51
1461,TechRetail5051,Mid,North India,"Home,Sports",4.93,627,871,1094670.42,1745.89,235.49285714285708,197.90476190476184,182.25238095238086,15.985714285714284,6.79,5.18,-0.02,38209.37,61.04
1462,PrimeStore9265,Long Tail,West India,"Electronics,Beauty,Grocery,Sports,Fashion,Home",4.4,550,745,40216144.15,73120.26,200.5023809523809,170.6761904761904,159.5428571428571,11.333333333333334,5.65,5.54,-0.04,38884.71,70.83
1463,ReliableMarketplace3487,Mid,North India,Sports,3.57,148,187,2968562.7,20057.86,54.55714285714285,46.647619047619045,43.91428571428571,2.7333333333333334,5.01,5.6,-0.09,10893.16,73.6
1464,NationalExports1383,Long Tail,East India,"Beauty,Fashion,Home,Grocery,Sports",4.2,188,274,4994419.25,26566.06,63.47380952380953,53.30238095238095,48.73571428571429,4.816666666666667,7.59,5.36,-0.02,12351.11,65.7
1465,ApexTraders7169,Long Tail,East India,"Fashion,Electronics,Home,Beauty",4.62,2807,3919,46360906.15,16516.18,1046.9642857142853,892.5452380952379,831.3976190476191,64.46428571428572,6.16,5.47,-0.03,192980.41,69.07
1466,ValueBazaar5563,Premium,West India,Fashion,4.14,639,899,1956152.29,3061.27,244.40000000000003,204.84523809523802,189.27619047619044,17.402380952380952,7.12,5.3,-0.0,40045.31,62.67
1467,QuickCommerce9955,Long Tail,North India,"Grocery,Sports,Fashion,Beauty,Electronics,Home",4.94,712,987,12416293.42,17438.61,267.22857142857146,224.44285714285712,206.32142857142853,18.454761904761906,6.91,6.87,0.0,71621.51,100.73
1468,QuickEnterprise4802,Long Tail,West India,"Grocery,Electronics",4.23,618,836,157269370.19,254481.18,226.97857142857143,191.21428571428567,176.247619047619,15.133333333333333,6.67,6.09,-0.03,50539.28,81.91
1469,SmartEnterprise2370,Long Tail,North India,"Grocery,Electronics,Home,Fashion",4.86,257,332,9945676.34,38699.13,104.16190476190476,91.03571428571428,85.8690476190476,5.166666666666666,4.96,5.21,-0.06,19010.87,74.26
1470,ApexRetail2374,Long Tail,South India,"Fashion,Beauty",4.64,710,1031,24206848.82,34094.15,272.61904761904765,236.96904761904756,217.74999999999994,19.21904761904762,7.05,5.81,-0.03,57958.36,81.63
1471,FastSupply6102,Long Tail,East India,"Beauty,Grocery,Fashion,Electronics,Sports",4.01,128,173,2260196.87,17657.79,46.62619047619048,39.52619047619048,36.50952380952381,3.0166666666666666,6.47,6.02,0.0,9916.1,77.47
1472,ApexMarketplace7660,Long Tail,North India,"Electronics,Home",4.77,725,1006,3404233.05,4695.49,271.75476190476195,229.96190476190472,213.15714285714282,16.97142857142857,6.25,5.22,0.02,45630.69,62.94
1473,NextCommerce8559,Long Tail,West India,"Fashion,Grocery,Beauty,Home,Sports,Electronics",4.69,677,953,1370851.83,2024.89,266.9261904761905,227.28809523809522,215.5595238095238,11.728571428571428,4.39,4.94,-0.06,40298.01,59.52
1474,QuickHub1223,Long Tail,South India,"Sports,Electronics,Grocery,Fashion,Beauty",4.43,1089,1558,63162505.11,58000.46,416.2761904761907,352.97857142857157,326.4880952380953,27.833333333333336,6.69,5.18,-0.01,72618.66,66.68
1475,ValueTraders3797,Mid,Central India,"Electronics,Fashion,Grocery,Beauty,Sports,Home",4.71,294,398,5378405.89,18293.9,110.61666666666665,92.3547619047619,84.89523809523808,8.65952380952381,7.83,5.56,-0.06,21205.92,72.13
1476,ValueSupply1151,Long Tail,East India,"Sports,Grocery",4.09,498,699,3370297.28,6767.67,193.79761904761904,163.0619047619047,150.61190476190473,13.649999999999999,7.04,5.94,-0.06,41267.63,82.87
1477,FutureMarketplace3718,Long Tail,South India,"Home,Sports,Grocery,Beauty",4.1,774,1088,11442315.35,14783.35,279.7119047619048,232.7880952380952,212.61904761904756,20.91904761904762,7.48,5.29,0.01,50311.11,65.0
1478,ExpressTraders4450,Long Tail,East India,"Sports,Fashion,Home,Beauty,Grocery",4.18,609,821,15430386.98,25337.25,228.30714285714288,184.96190476190475,169.3928571428571,15.902380952380954,6.97,6.35,0.01,51841.65,85.13
1479,EliteHub8708,Long Tail,North India,"Fashion,Sports,Beauty,Electronics,Grocery,Home",4.04,77,107,4416400.0,57355.84,26.76904761904762,24.46904761904762,21.735714285714288,2.7333333333333334,10.21,5.9,-0.06,7228.38,93.88
1480,UrbanBazaar8513,Long Tail,East India,"Sports,Fashion,Grocery",3.78,639,891,9129035.54,14286.44,239.7166666666666,197.16904761904755,184.23333333333326,13.269047619047619,5.54,5.28,-0.01,38899.95,60.88
1481,SuperMarketplace3563,Long Tail,North India,Grocery,4.32,1805,2483,160117751.22,88707.9,670.8833333333337,578.0071428571432,532.9071428571432,46.55000000000001,6.94,5.97,-0.0,141211.82,78.32
1482,FastMart7982,Mid,Central India,"Grocery,Fashion,Home,Beauty,Electronics,Sports",3.94,1317,1816,33639107.33,25542.22,485.08809523809555,409.1000000000002,375.7357142857145,34.930952380952384,7.2,6.18,0.02,110509.0,83.91
1483,FastBazaar9864,Long Tail,South India,"Home,Grocery,Beauty",4.22,683,932,7727501.04,11314.06,255.25714285714287,215.87380952380948,197.73809523809518,18.135714285714286,7.1,5.57,0.02,47384.75,69.38
1484,FastMarketplace2676,Premium,South India,"Fashion,Electronics,Sports,Beauty,Grocery",4.95,764,1050,16620526.82,21754.62,295.9547619047619,252.1380952380952,232.2452380952381,19.892857142857142,6.72,5.16,0.01,47221.14,61.81
1485,VertexImports8756,Mid,South India,"Grocery,Beauty,Home,Sports,Fashion",4.94,738,1011,7875836.67,10671.87,280.31904761904764,238.1952380952381,217.6428571428571,21.552380952380954,7.69,5.74,0.0,56667.77,76.79
1486,GlobalStore3400,Mid,South India,Fashion,4.21,1314,1831,10086093.22,7675.87,498.60000000000025,414.5666666666669,381.7833333333335,32.78333333333333,6.58,5.29,-0.03,82581.31,62.94
1487,SmartBazaar8203,Mid,West India,"Electronics,Home,Sports,Beauty",4.29,601,808,2258563.82,3758.01,218.31190476190474,174.78333333333327,158.86428571428567,16.419047619047618,7.52,5.26,0.0,35440.03,58.97
1488,ReliableSupply7181,Long Tail,West India,"Home,Sports,Electronics,Beauty",3.88,1207,1639,9279831.8,7688.34,463.24523809523845,378.69285714285735,342.6380952380954,37.25476190476191,8.04,5.83,0.05,92021.93,76.3
1489,PrimeDistribution4504,Mid,South India,"Home,Sports,Grocery,Beauty",3.69,593,820,7510149.65,12664.67,231.43809523809523,201.83571428571423,183.05952380952374,18.776190476190475,8.11,6.65,0.02,59626.03,100.72
1490,ReliableTraders9029,Long Tail,East India,"Sports,Fashion,Beauty",3.5,636,880,41543955.96,65320.69,232.90714285714287,205.4880952380952,191.08571428571426,14.402380952380952,6.18,5.63,-0.01,43947.81,69.1
1491,ValueImports6704,Mid,South India,Grocery,4.97,666,892,5986192.47,8988.28,247.2404761904762,211.51904761904763,195.56666666666663,17.61904761904762,7.13,5.2,0.02,40148.96,60.47
1492,GlobalMarketplace4129,Mid,West India,"Beauty,Home,Sports",4.49,776,1081,83031466.63,106999.31,293.55000000000007,249.5285714285714,231.50952380952378,18.719047619047622,6.38,6.2,-0.03,63204.63,81.45
1493,GlobalTraders6914,Mid,Central India,"Sports,Electronics",4.33,767,1080,7996019.32,10425.06,294.6476190476191,242.52380952380952,221.19047619047618,22.266666666666666,7.56,5.21,0.0,48836.13,63.67
1494,DigitalCommerce2541,Premium,East India,Grocery,4.59,625,886,58645836.98,93833.34,227.545238095238,191.52380952380946,174.5452380952381,17.17857142857143,7.55,5.96,0.0,49039.59,78.72
1495,ExpressSupply1719,Long Tail,East India,"Electronics,Grocery,Home,Sports,Fashion",4.6,656,885,40637845.2,61947.93,247.30000000000004,208.70238095238093,192.51666666666665,16.71904761904762,6.76,5.98,-0.02,53967.94,82.27
1496,ExpressHub8756,Long Tail,Central India,"Electronics,Grocery,Sports,Home,Fashion,Beauty",4.96,662,958,3026226.54,4571.34,245.65476190476184,206.24999999999994,191.67380952380947,15.976190476190476,6.5,5.29,-0.03,43494.69,65.7
1497,FutureKart3509,Long Tail,South India,Electronics,4.01,276,361,14698457.18,53255.28,109.27857142857141,89.47619047619048,83.8,5.6761904761904765,5.19,5.45,-0.09,19514.21,70.7
1498,UrbanKart8264,Long Tail,North India,"Electronics,Beauty",3.6,960,1295,26301130.85,27397.01,357.31904761904775,302.92380952380955,277.22857142857146,27.695238095238096,7.75,5.49,0.01,66873.92,69.66
1499,FastWholesale4181,Mid,Central India,Grocery,3.68,36,47,2138920.53,59414.46,14.302380952380952,11.792857142857143,10.876190476190475,1.0595238095238093,7.41,6.16,0.1,2533.71,70.38
1500,ModernDistribution3772,Long Tail,Central India,Home,4.72,654,937,6204648.55,9487.23,244.78571428571428,208.7952380952381,193.43333333333328,15.361904761904762,6.28,4.86,-0.04,40263.6,61.57
1501,ValueWholesale2007,Long Tail,North India,"Grocery,Electronics,Beauty",4.09,1075,1549,4660876.65,4335.7,412.30000000000035,353.88333333333355,324.78571428571445,29.297619047619047,7.11,5.82,-0.01,83099.42,77.37
1502,MegaMart4255,Long Tail,Central India,"Fashion,Home,Electronics,Beauty,Sports",4.78,562,792,2331638.29,4148.82,215.48571428571424,182.66428571428568,165.7190476190476,17.445238095238093,8.1,4.79,0.05,32536.11,57.89
1503,DigitalMart6745,Premium,North India,"Sports,Electronics",4.8,145,196,764914.16,5275.27,57.2952380952381,46.70238095238095,41.03571428571429,5.866666666666666,10.24,4.75,-0.01,8525.54,58.8
1504,UrbanDistribution2483,Mid,South India,"Grocery,Electronics,Beauty,Sports",4.67,101,141,851930.37,8434.95,33.328571428571436,27.761904761904763,23.926190476190477,3.8357142857142854,11.51,5.8,0.11,6319.34,62.57
1505,ModernMarketplace1329,Mid,South India,Fashion,3.77,557,758,590988.19,1061.02,222.34285714285713,191.67142857142855,176.55238095238093,15.119047619047617,6.8,5.66,0.01,40336.13,72.42
1506,FutureTraders2331,Mid,South India,Fashion,3.75,581,792,1791418.77,3083.34,223.04523809523803,190.04999999999995,178.41428571428568,11.635714285714286,5.22,5.84,-0.04,45959.4,79.1
1507,DigitalHub5570,Long Tail,South India,"Sports,Fashion,Grocery,Beauty,Electronics,Home",4.3,2179,3090,180178132.31,82688.45,796.9833333333337,652.9761904761908,601.8333333333337,51.792857142857144,6.5,6.27,-0.03,188403.11,86.58
1508,FastDistribution4264,Long Tail,South India,"Beauty,Fashion,Grocery",3.79,721,994,9621407.83,13344.53,270.8904761904762,231.01428571428568,214.09523809523807,17.919047619047618,6.61,5.74,-0.01,55363.71,76.79
1509,PrimeTraders6818,Long Tail,Central India,"Sports,Beauty,Home",3.56,123,165,15469918.71,125771.7,48.32142857142857,42.11190476190477,38.93571428571429,3.176190476190476,6.57,5.57,-0.04,9817.08,79.81
1510,EliteKart7318,Long Tail,South India,"Sports,Grocery,Beauty",4.34,1299,1788,20988572.04,16157.48,488.2357142857146,399.89047619047636,370.55952380952397,30.03095238095238,6.15,5.64,-0.02,98386.98,75.86
1511,GlobalCommerce9253,Long Tail,Central India,"Fashion,Beauty,Home,Grocery,Sports",4.5,675,940,14404011.18,21339.28,253.35714285714283,209.96904761904756,191.47619047619042,18.992857142857144,7.5,6.73,-0.05,70951.24,105.11
1512,FastKart2889,Long Tail,Central India,"Home,Electronics,Fashion,Beauty,Grocery,Sports",4.93,1910,2648,117260870.67,61393.13,720.016666666667,604.8761904761907,560.3095238095241,47.10000000000001,6.54,5.44,-0.0,134151.39,70.27
1513,ApexSupply1554,Long Tail,East India,"Fashion,Beauty,Sports,Grocery,Home,Electronics",4.9,601,831,9036958.23,15036.54,226.36666666666667,176.847619047619,161.47857142857137,15.735714285714286,6.95,5.35,0.02,37133.79,61.89
1514,FutureWholesale1129,Premium,South India,Sports,3.89,721,990,3703965.3,5137.26,259.37619047619046,222.41428571428565,203.5190476190476,19.395238095238096,7.48,5.25,0.01,45143.19,62.79
1515,FutureMart3666,Mid,West India,"Home,Sports,Electronics,Beauty",4.59,1116,1538,7824420.27,7011.13,427.37619047619063,363.4309523809526,338.12857142857155,27.71904761904762,6.49,5.12,-0.01,71361.38,64.12
1516,VertexTraders8126,Premium,West India,"Electronics,Beauty",3.95,297,411,4502612.82,15160.31,106.88809523809523,89.63571428571429,85.28333333333333,4.352380952380952,4.07,5.44,-0.09,19196.26,64.63
1517,VertexCommerce8906,Long Tail,West India,"Home,Sports",4.35,96,145,625410.25,6514.69,34.292857142857144,29.366666666666667,27.083333333333336,2.283333333333333,6.66,5.09,-0.1,6332.37,65.96
1518,NationalStore7897,Long Tail,West India,Fashion,3.75,234,334,7933132.44,33902.28,98.08333333333334,84.34047619047618,73.16428571428571,11.676190476190476,11.9,5.67,-0.02,18141.51,77.53
1519,EliteBazaar3726,Mid,East India,"Grocery,Beauty,Electronics",4.43,104,153,6276964.34,60355.43,37.88809523809524,29.27619047619048,26.06666666666667,3.2095238095238092,8.47,5.37,0.07,6779.26,65.19
1520,PrimeMart3317,Long Tail,East India,"Grocery,Fashion,Sports,Electronics,Beauty,Home",4.59,181,253,4005064.79,22127.43,69.41666666666666,61.673809523809524,57.273809523809526,4.983333333333334,7.18,6.1,0.05,15210.42,84.04
1521,SmartRetail3819,Premium,East India,"Fashion,Beauty,Electronics,Home",4.64,136,189,8202833.44,60314.95,51.083333333333336,43.71666666666667,40.650000000000006,3.4,6.66,5.63,-0.02,9954.64,73.2
1522,NextWholesale4331,Long Tail,West India,Fashion,3.79,1099,1507,70001181.33,63695.34,419.46428571428595,353.42380952380967,327.06190476190494,26.528571428571425,6.32,5.83,-0.05,85107.55,77.58
1523,FutureStore8713,Mid,Central India,"Fashion,Sports,Home,Electronics,Grocery,Beauty",4.44,585,820,11028222.46,18851.66,216.7761904761905,181.24761904761903,166.4690476190476,14.945238095238095,6.89,6.42,-0.01,52614.89,89.94
1524,QuickWholesale8593,Mid,South India,"Sports,Fashion,Beauty,Home",4.23,36,49,361484.93,10041.25,14.002380952380951,11.669047619047618,11.335714285714284,0.3333333333333333,2.38,7.29,-0.06,3727.92,103.55
1525,SmartCommerce3187,Long Tail,West India,Beauty,4.0,1284,1776,15491256.07,12064.84,471.37619047619086,402.7261904761908,369.82857142857165,34.51428571428572,7.32,5.15,-0.0,76934.48,60.01
1526,ReliableStore6683,Mid,West India,"Home,Beauty,Grocery",3.8,668,916,53043861.62,79406.98,253.90476190476193,209.39047619047616,193.58571428571423,15.804761904761904,6.22,5.47,-0.06,45933.85,68.76
1527,FutureCommerce6568,Mid,Central India,"Grocery,Electronics,Fashion,Home,Sports,Beauty",3.78,739,1045,7154562.02,9681.41,277.7023809523811,234.89523809523808,213.19999999999996,21.695238095238093,7.81,5.48,0.02,48385.5,65.47
1528,VertexEnterprise7523,Mid,North India,Grocery,4.15,1665,2291,15311025.55,9195.81,625.2690476190478,521.1000000000004,482.816666666667,38.86666666666667,6.22,6.19,-0.02,142551.6,85.82
1529,GlobalKart4460,Long Tail,East India,"Fashion,Beauty",4.16,591,795,160939255.18,272316.84,228.66904761904763,187.6904761904762,173.42857142857142,14.261904761904763,6.24,5.86,-0.02,46448.78,78.59
1530,QuickImports3947,Long Tail,West India,Home,4.34,1851,2551,80985944.31,43752.54,701.5785714285718,588.4333333333337,539.4047619047622,50.77857142857143,7.24,5.48,0.0,128802.32,69.81
1531,MegaMart7909,Mid,South India,"Home,Beauty,Grocery",4.9,681,954,9140079.11,13421.56,249.25714285714284,211.5238095238095,192.59523809523802,20.571428571428573,8.25,5.08,0.04,39330.49,57.92
1532,PrimeCommerce2661,Long Tail,West India,"Sports,Grocery,Electronics,Fashion",4.25,686,971,18544811.8,27033.25,257.8142857142857,215.9166666666666,198.37380952380946,18.54285714285714,7.19,7.17,-0.04,74156.06,108.1
1533,ModernHub9306,Long Tail,West India,Fashion,4.61,164,229,2721613.02,16595.2,59.964285714285715,49.88809523809524,46.82142857142858,3.0666666666666664,5.11,5.49,0.06,11412.98,69.59
1534,MegaMart7962,Mid,East India,"Electronics,Beauty,Grocery,Fashion",4.21,678,940,17739030.69,26163.76,260.1333333333333,218.78095238095236,201.0595238095238,17.88809523809524,6.88,5.65,0.0,50305.61,74.2
1535,ModernWholesale9765,Long Tail,East India,"Electronics,Grocery,Beauty,Home,Fashion,Sports",4.88,135,195,4109151.42,30438.16,47.0595238095238,41.7,37.707142857142856,3.9928571428571424,8.48,5.18,-0.05,8302.59,61.5
1536,QuickWholesale2310,Mid,South India,"Beauty,Grocery",4.33,656,907,54220904.44,82653.82,247.0452380952381,214.36666666666665,193.5595238095238,20.807142857142853,8.42,5.92,0.03,52318.67,79.75
1537,GlobalBazaar8454,Mid,West India,"Sports,Grocery,Home",4.23,120,181,4509476.64,37578.97,46.24047619047619,38.74761904761905,37.180952380952384,1.7333333333333334,3.75,5.47,-0.13,8420.58,70.17
1538,SuperCommerce1820,Long Tail,Central India,"Home,Electronics,Grocery,Fashion",4.96,134,202,3499720.57,26117.32,53.45714285714286,46.628571428571426,43.76190476190476,3.1999999999999997,5.99,6.21,0.0,11561.8,86.28
1539,DigitalEnterprise1385,Mid,Central India,"Home,Beauty,Sports",4.42,25,39,8891298.24,355651.93,10.316666666666665,7.483333333333333,5.6499999999999995,2.333333333333333,22.62,5.25,0.25,2122.86,84.91
1540,ValueKart8319,Long Tail,East India,"Home,Sports",4.23,100,129,3212614.34,32126.14,38.66904761904762,33.66904761904762,32.60238095238095,1.0666666666666667,2.76,6.63,0.01,8158.37,81.58
1541,NextHub2377,Long Tail,Central India,"Electronics,Grocery,Sports,Fashion,Beauty,Home",3.61,1792,2469,32362791.27,18059.59,684.7380952380955,590.978571428572,542.9142857142862,50.04047619047619,7.31,5.51,0.01,127175.96,71.09
1542,ExpressSupply5500,Mid,East India,"Sports,Fashion",4.76,1663,2306,276475615.1,166251.12,636.5833333333335,543.4952380952383,500.9952380952383,43.16666666666667,6.78,5.29,-0.01,115848.31,69.83
1543,FutureKart3404,Long Tail,Central India,"Grocery,Fashion,Beauty,Electronics,Home,Sports",3.79,706,959,21518522.74,30479.49,269.63571428571436,229.4333333333333,211.39047619047614,18.042857142857144,6.69,6.13,-0.04,57925.06,82.05
1544,QuickKart4013,Mid,East India,"Electronics,Beauty,Sports,Fashion,Home,Grocery",4.65,267,373,7076699.51,26504.49,99.64761904761905,81.76904761904761,72.33571428571427,9.633333333333335,9.67,5.51,0.06,20883.98,78.22
1545,DigitalMarketplace9422,Long Tail,Central India,"Sports,Electronics,Beauty,Grocery,Home,Fashion",4.37,772,1086,14199286.02,18392.86,285.502380952381,237.4428571428571,218.40714285714282,19.735714285714284,6.91,7.14,-0.07,89084.39,115.39
1546,FutureMarketplace8748,Long Tail,South India,"Sports,Electronics",3.55,694,948,4382807.36,6315.28,258.46904761904767,213.0166666666666,191.68571428571423,21.664285714285715,8.38,5.6,0.02,48091.15,69.3
1547,MegaMarketplace7531,Long Tail,South India,"Home,Fashion,Sports,Beauty",4.75,707,935,12758268.45,18045.64,270.47380952380956,229.05714285714276,213.24761904761897,15.80952380952381,5.85,6.43,-0.04,65387.66,92.49
1548,GlobalKart7788,Long Tail,South India,"Home,Electronics,Beauty",3.57,1111,1529,79657229.24,71698.68,405.26666666666694,345.9928571428573,324.23809523809535,23.288095238095238,5.75,5.32,-0.06,70692.98,63.63
1549,UrbanRetail4683,Premium,North India,"Beauty,Grocery,Home",4.77,623,882,8007025.46,12852.37,232.86904761904756,194.0380952380952,182.67857142857136,11.726190476190474,5.04,5.06,-0.08,36293.03,58.35
1550,VertexWholesale8547,Long Tail,Central India,"Fashion,Electronics,Home",4.13,78,106,1657819.25,21254.09,31.947619047619046,27.07142857142857,24.6547619047619,2.4166666666666665,7.56,5.56,-0.08,5232.59,67.08
1551,ModernCommerce6674,Long Tail,West India,"Grocery,Home,Beauty,Fashion,Electronics,Sports",4.17,659,935,20076978.38,30465.82,244.21666666666667,207.87380952380943,188.64761904761897,20.47619047619048,8.38,7.0,-0.04,72476.23,109.98
1552,EliteImports7390,Long Tail,East India,"Sports,Beauty,Fashion,Home",4.36,109,164,304854.79,2796.83,39.33095238095238,34.84761904761905,33.68095238095238,1.1666666666666665,2.97,5.59,0.01,7839.53,71.92
1553,ApexStore8971,Long Tail,Central India,Sports,3.97,670,915,12762946.98,19049.17,250.2,210.36666666666662,198.46428571428564,13.152380952380954,5.26,5.95,-0.08,57402.14,85.67
1554,NationalCommerce5981,Long Tail,East India,Fashion,4.05,1690,2339,119347032.94,70619.55,636.9666666666672,543.1357142857147,493.04523809523846,50.89999999999999,7.99,5.73,-0.01,124325.83,73.65
1555,SmartMarketplace3731,Mid,Central India,"Beauty,Sports,Electronics",4.65,654,912,14984999.56,22912.84,243.4785714285714,205.4333333333333,191.67380952380952,13.959523809523812,5.73,7.3,-0.01,76005.25,116.22
1556,NextSupply9807,Mid,South India,"Beauty,Sports,Electronics,Fashion,Home",4.96,1112,1526,89693101.39,80659.26,414.4976190476194,345.1738095238097,320.4857142857144,25.22142857142857,6.08,5.8,0.01,85830.01,77.32
1557,UrbanMarketplace5740,Long Tail,South India,"Electronics,Sports,Beauty,Grocery,Home",4.4,698,998,3087258.11,4423.01,254.34285714285716,217.0428571428571,200.15952380952373,17.3,6.8,5.09,-0.03,43100.42,61.75
1558,ReliableSupply6767,Long Tail,South India,"Sports,Beauty",3.93,680,931,17427028.69,25627.98,261.1357142857143,223.71904761904761,205.3142857142857,18.9047619047619,7.24,6.13,-0.0,58983.22,86.74
1560,SuperMart8363,Long Tail,South India,"Beauty,Sports",4.64,104,142,2766373.47,26599.74,40.357142857142854,31.490476190476198,27.84047619047619,3.65,9.04,5.36,0.01,6949.23,66.82
1561,TechBazaar6473,Mid,West India,"Beauty,Home",3.98,599,855,612501.1,1022.54,224.6380952380952,185.28571428571422,169.00714285714284,16.27857142857143,7.25,5.47,0.01,42668.68,71.23
1562,QuickMarketplace7850,Mid,West India,"Sports,Electronics",3.58,595,809,22909035.02,38502.58,224.87142857142857,188.9833333333333,178.4880952380952,10.495238095238095,4.67,5.73,-0.07,47928.92,80.55
1563,VertexRetail3270,Long Tail,Central India,"Sports,Electronics",4.87,1717,2383,37193223.02,21661.75,640.3476190476193,535.6357142857146,493.0952380952383,44.35714285714286,6.93,6.08,-0.0,133942.84,78.15
1564,VertexRetail3727,Mid,Central India,"Electronics,Grocery,Beauty,Sports,Fashion",4.32,621,833,2464354.99,3968.37,224.00952380952378,191.49999999999997,178.497619047619,14.502380952380955,6.47,5.36,-0.0,40707.84,65.66
1565,VertexDistribution7378,Long Tail,Central India,"Sports,Electronics,Home,Grocery",4.01,645,910,1542715.23,2391.81,240.25952380952376,209.25952380952378,190.99523809523805,18.264285714285712,7.6,5.06,-0.0,37682.55,58.42
1566,FutureExports4920,Long Tail,South India,"Fashion,Beauty",4.34,152,205,4146411.84,27279.03,55.22857142857143,44.49523809523809,41.14523809523809,3.35,6.07,5.77,0.04,10230.56,67.31
1567,GlobalMarketplace8555,Long Tail,West India,"Fashion,Home,Sports,Beauty,Electronics,Grocery",3.65,606,823,53183092.59,87760.88,221.9261904761904,189.84523809523805,175.95952380952377,14.885714285714286,6.71,5.11,-0.01,36899.7,60.99
1568,VertexWholesale6427,Premium,South India,"Grocery,Beauty,Fashion,Electronics,Sports,Home",4.95,124,190,2932560.57,23649.68,49.30238095238096,39.47380952380952,35.40714285714286,4.066666666666666,8.25,5.07,0.1,8082.92,65.18
1569,MegaImports7657,Long Tail,Central India,"Sports,Electronics,Grocery,Home",4.4,645,893,29768536.33,46152.77,242.7428571428571,205.26428571428568,188.16666666666663,17.464285714285715,7.19,6.32,-0.02,55795.77,86.51
1570,ReliableStore9751,Long Tail,North India,"Electronics,Beauty,Home,Grocery",4.52,776,1090,10588163.83,13644.54,295.83571428571435,250.80714285714285,230.28095238095239,20.52619047619048,6.94,5.27,0.06,49509.45,63.8
1571,MegaCommerce7544,Long Tail,Central India,"Sports,Electronics,Home,Fashion",4.36,629,882,11244575.1,17876.91,237.04047619047614,205.49523809523805,191.74523809523805,13.750000000000002,5.8,5.71,0.01,46967.94,74.67
1572,ApexEnterprise2831,Mid,South India,"Beauty,Sports,Electronics,Grocery,Home,Fashion",4.37,1245,1765,21563215.85,17319.85,466.4761904761908,393.3357142857146,367.5857142857145,26.750000000000007,5.73,6.31,-0.03,109612.24,88.18
1573,ExpressRetail5333,Long Tail,North India,"Sports,Home,Fashion,Electronics",4.11,1175,1667,187995538.51,159996.2,445.6357142857144,377.48095238095254,341.55000000000007,37.57380952380952,8.43,5.64,0.01,83690.63,71.23
1574,FastCommerce5838,Long Tail,West India,"Sports,Electronics,Beauty,Home,Fashion,Grocery",4.47,606,836,3228413.51,5327.42,230.45476190476188,197.88333333333327,179.36428571428567,18.685714285714287,8.11,5.18,0.04,37725.04,62.25
1575,MegaEnterprise3294,Mid,South India,"Sports,Home,Grocery,Beauty",4.44,650,901,815694.52,1254.91,242.18095238095233,203.85714285714283,189.52142857142854,14.835714285714285,6.13,5.84,0.0,46309.84,71.36
1576,ApexCommerce5771,Premium,East India,"Electronics,Fashion,Home",3.96,704,976,2533595.57,3598.86,261.58333333333337,222.77380952380952,205.77857142857138,17.445238095238096,6.67,5.19,-0.05,45124.73,64.1
1577,ExpressExports8206,Premium,East India,"Grocery,Home",4.86,154,219,3328747.0,21615.24,60.66190476190476,51.30952380952381,43.96666666666667,7.676190476190476,12.65,5.34,0.05,10245.7,66.53
1578,FastImports4734,Long Tail,North India,"Sports,Fashion,Grocery,Home,Beauty,Electronics",4.51,1139,1608,48773128.59,42821.01,435.8809523809527,354.16190476190496,326.33095238095257,28.330952380952386,6.5,5.32,-0.03,75213.96,66.09
1579,SmartMarketplace1197,Long Tail,East India,"Grocery,Home",3.78,137,187,420925.8,3072.45,51.261904761904766,44.93571428571428,41.43571428571428,3.5,6.83,5.15,-0.07,8075.76,58.95
1580,SmartMarketplace9209,Long Tail,East India,"Grocery,Sports,Beauty,Fashion,Electronics,Home",4.21,206,308,4264112.47,20699.58,78.06190476190476,64.42142857142856,62.154761904761905,2.2666666666666666,2.9,5.09,-0.05,14045.37,68.18
1581,NationalTraders3873,Mid,West India,"Beauty,Sports,Fashion",4.42,31,44,2824476.72,91112.15,11.561904761904762,8.709523809523809,6.95952380952381,1.75,15.14,5.32,0.09,2365.24,76.3
1582,PrimeCommerce4683,Mid,East India,Sports,3.99,77,115,114876.8,1491.91,31.195238095238096,25.295238095238098,21.252380952380953,4.042857142857143,12.96,5.74,0.18,5533.68,72.81
1583,VertexEnterprise2959,Long Tail,South India,"Fashion,Home",3.72,43,53,91588.18,2129.96,14.154761904761905,11.154761904761905,10.321428571428571,0.8333333333333333,5.89,5.89,-0.06,3291.82,76.55
1584,NationalDistribution4741,Long Tail,South India,"Beauty,Grocery,Electronics,Home",3.81,654,903,17419142.84,26634.77,243.71666666666664,204.69047619047612,184.12857142857138,20.561904761904763,8.44,5.65,0.03,50530.19,77.38
1585,ReliableBazaar9810,Long Tail,North India,"Electronics,Beauty,Sports,Fashion,Grocery,Home",3.81,573,796,5312640.71,9271.62,217.22619047619048,190.85714285714283,178.09761904761908,14.359523809523807,6.61,5.16,0.02,33672.83,58.77
1586,ApexBazaar5062,Mid,South India,Beauty,4.14,69,91,1508115.6,21856.75,28.228571428571428,24.552380952380954,22.06904761904762,2.4833333333333334,8.8,6.14,0.07,5971.47,86.54
1587,MegaMarketplace5354,Long Tail,Central India,"Fashion,Sports,Grocery,Home,Beauty,Electronics",3.53,59,74,1188896.28,20150.78,21.45238095238095,20.00238095238095,19.25238095238095,0.7499999999999999,3.5,5.55,-0.21,4502.52,76.31
1588,GlobalExports2043,Long Tail,South India,Sports,4.17,576,808,6659822.78,11562.19,216.83571428571426,180.38809523809516,166.03571428571425,14.552380952380954,6.71,5.05,0.01,34914.4,60.62
1589,NextMarketplace8819,Long Tail,West India,"Electronics,Fashion,Grocery",4.83,1746,2390,19386509.72,11103.38,661.4404761904763,555.8833333333334,509.1428571428574,47.773809523809526,7.22,5.78,0.01,136813.19,78.63
1590,UrbanTraders2366,Long Tail,West India,"Electronics,Home,Sports,Beauty,Fashion",4.31,1685,2408,78702187.82,46707.53,619.9666666666669,523.1595238095241,485.9119047619051,38.30714285714286,6.18,6.18,-0.01,144104.27,85.73
1591,ApexRetail8982,Long Tail,East India,Grocery,4.08,694,974,4830697.58,6960.66,263.56904761904764,223.14047619047616,207.06190476190474,16.07857142857143,6.1,5.47,-0.02,49502.31,71.33
1592,ValueWholesale2827,Long Tail,West India,Grocery,3.7,68,90,7219209.18,106164.84,21.102380952380955,19.142857142857142,16.692857142857143,2.45,11.61,5.7,0.12,4323.85,63.59
1593,VertexMart9070,Mid,South India,"Fashion,Grocery,Beauty,Electronics,Sports,Home",4.63,1101,1537,20252880.39,18394.99,417.3761904761908,348.26904761904774,311.53809523809537,36.73095238095238,8.8,5.42,0.01,76347.4,69.34
1594,FastWholesale9719,Mid,South India,"Beauty,Grocery,Home,Sports,Fashion",4.51,649,905,2449230.93,3773.85,232.44761904761907,196.89761904761895,184.50238095238092,12.395238095238096,5.33,5.19,-0.04,36966.18,56.96
1595,SuperStore3984,Long Tail,West India,"Sports,Grocery,Home",4.91,192,243,12060058.19,62812.8,76.60952380952381,67.25952380952381,62.20952380952381,5.05,6.59,6.0,0.05,14853.96,77.36
1596,EliteHub2074,Long Tail,West India,"Grocery,Beauty,Sports",4.0,1071,1463,9594520.01,8958.47,408.4238095238097,351.86904761904776,325.1238095238096,28.195238095238096,6.9,5.07,-0.01,64080.81,59.83
1597,ReliableWholesale3992,Mid,South India,"Electronics,Beauty,Home",4.65,1215,1669,9148831.71,7529.9,456.16904761904794,380.09285714285744,356.3809523809526,25.295238095238094,5.55,6.37,-0.02,111817.4,92.18
1598,GlobalMart9221,Premium,East India,Fashion,3.81,1146,1596,23148474.08,20199.37,423.6880952380955,356.2952380952383,322.7500000000001,33.878571428571426,8.0,5.14,0.01,69852.84,61.11
1599,ApexImports3532,Premium,East India,"Beauty,Electronics,Home,Sports,Grocery",4.61,551,741,2352907.75,4270.25,214.59523809523807,181.91666666666663,171.53095238095236,10.719047619047618,5.0,5.03,0.01,32912.66,59.84
1600,EliteMarketplace3574,Long Tail,East India,"Beauty,Fashion",4.08,192,266,11599616.03,60414.67,78.85476190476192,58.31904761904762,54.909523809523805,3.4095238095238094,4.32,5.71,-0.14,18112.79,94.34
1601,FastRetail5306,Mid,West India,"Sports,Grocery,Beauty,Home",3.96,1714,2383,11390605.71,6645.63,643.2285714285716,536.6595238095241,488.314285714286,48.878571428571426,7.6,5.69,0.0,127869.7,74.69
1602,ModernExports6798,Mid,East India,"Home,Fashion,Sports",4.46,290,387,12358275.78,42614.74,103.6,87.46904761904761,81.55,6.228571428571429,6.01,5.7,-0.01,20702.1,71.63
1603,ValueKart7620,Mid,North India,"Beauty,Grocery,Sports",4.96,1713,2399,35013646.51,20439.96,628.6285714285717,523.6428571428573,469.6404761904765,56.03571428571429,8.91,6.62,0.03,160185.89,93.73
1604,FastKart4313,Mid,South India,"Sports,Fashion,Beauty",4.7,1130,1548,17307708.23,15316.56,430.16190476190496,365.6952380952382,341.01428571428585,24.68095238095238,5.74,4.86,-0.03,66153.6,58.59
1605,QuickCommerce4267,Premium,South India,"Home,Sports,Grocery,Electronics,Fashion,Beauty",4.8,598,831,2988336.06,4997.22,226.52857142857144,194.43809523809523,176.0523809523809,18.385714285714286,8.12,5.34,0.0,39232.92,65.61
1606,EliteCommerce8859,Long Tail,Central India,"Beauty,Home,Electronics,Sports,Grocery",4.92,103,160,719343.51,6983.92,40.385714285714286,34.90238095238095,32.65238095238095,2.25,5.57,5.51,-0.1,7670.25,74.47
1607,QuickExports8979,Premium,South India,Sports,3.99,1861,2621,148609458.68,79854.63,696.2000000000005,577.1285714285718,528.828571428572,48.800000000000004,7.01,5.69,-0.01,136190.39,73.38
1608,ModernMart9812,Long Tail,East India,"Grocery,Beauty,Electronics,Sports,Home",4.09,771,1088,32098435.86,41632.21,288.7571428571429,242.04999999999998,218.99999999999991,23.583333333333332,8.17,7.16,-0.01,87856.81,113.95
1609,PrimeCommerce7779,Mid,South India,"Electronics,Beauty,Fashion",4.17,131,183,3765050.17,28740.84,46.726190476190474,38.826190476190476,35.05952380952381,3.7666666666666666,8.06,6.03,0.05,10703.85,81.71
1610,ApexRetail2441,Long Tail,West India,"Grocery,Home",3.84,582,850,69598362.03,119584.81,214.41428571428565,183.37380952380948,171.0619047619047,12.311904761904763,5.74,5.27,-0.03,39079.15,67.26
1611,ReliableBazaar5774,Long Tail,North India,"Grocery,Sports,Home",3.95,83,111,164974.85,1987.65,34.63333333333333,29.549999999999997,27.633333333333333,2.4166666666666665,6.98,5.04,-0.04,5508.59,66.37
1612,ModernWholesale6918,Long Tail,West India,Sports,3.75,1212,1693,7944982.69,6555.27,447.1000000000003,374.04761904761926,342.60476190476203,32.27619047619048,7.22,5.42,0.0,78201.71,64.63
1613,SuperRetail8549,Long Tail,East India,"Fashion,Home",4.1,147,209,10886061.88,74054.84,56.65714285714286,43.747619047619054,38.04761904761905,5.7,10.06,6.14,0.14,12349.53,84.01
1614,FastMarketplace1379,Mid,South India,"Sports,Home",4.37,110,142,7584529.99,68950.27,41.1047619047619,31.371428571428577,28.504761904761907,3.866666666666667,9.41,6.13,0.0,8642.91,78.57
1615,NationalCommerce1265,Mid,Central India,"Beauty,Sports,Grocery,Fashion,Electronics,Home",3.73,1333,1910,56201095.16,42161.36,492.3976190476194,410.5904761904765,378.4761904761907,32.31428571428572,6.56,6.12,-0.04,110484.51,83.07
1616,ModernEnterprise9827,Long Tail,West India,Grocery,4.5,649,866,32393211.66,49912.5,240.40952380952373,209.70238095238088,196.22619047619042,13.476190476190476,5.61,5.52,-0.02,43912.45,67.66
1617,ReliableEnterprise2840,Long Tail,Central India,"Home,Electronics,Grocery,Sports,Beauty",4.55,648,909,48957196.18,75551.23,245.37619047619043,208.91904761904757,192.7928571428571,16.126190476190477,6.57,5.44,-0.05,43861.73,67.69
1618,PrimeEnterprise8060,Long Tail,East India,"Electronics,Grocery,Beauty,Home,Sports",4.26,103,153,1215466.47,11800.65,38.52142857142857,34.50238095238095,33.08571428571428,1.4166666666666667,3.68,6.51,-0.14,10308.95,100.09
1619,EliteImports6567,Long Tail,West India,"Sports,Fashion,Home,Electronics",4.54,1328,1878,31355315.21,23610.93,507.22142857142893,435.73809523809564,407.3857142857147,29.352380952380955,5.79,5.96,-0.06,117624.07,88.57
1620,VertexWholesale7388,Long Tail,North India,"Sports,Beauty,Electronics,Fashion,Home,Grocery",3.56,634,865,30646969.98,48339.07,237.77142857142863,202.44047619047618,182.14523809523806,20.295238095238094,8.54,6.47,0.04,61677.76,97.28
1621,SmartMart4651,Long Tail,Central India,"Home,Beauty",4.97,71,99,1917937.88,27013.21,26.459523809523812,23.976190476190478,20.726190476190478,3.25,12.28,6.05,0.03,6583.7,92.73
1622,ApexDistribution6810,Premium,Central India,"Grocery,Beauty,Fashion",4.25,628,887,11668363.6,18580.2,231.99999999999997,198.04523809523806,184.80952380952377,14.06904761904762,6.06,5.34,-0.04,39723.84,63.25
1623,DigitalHub2653,Long Tail,North India,"Fashion,Sports",4.58,713,1009,10107838.99,14176.49,272.77857142857147,236.27857142857138,216.46904761904756,19.976190476190478,7.32,6.09,-0.05,59461.26,83.4
1624,ModernDistribution4770,Long Tail,South India,"Electronics,Fashion,Home,Sports,Grocery",4.7,1152,1622,21701844.37,18838.41,429.7785714285718,354.90000000000026,329.5357142857145,28.064285714285717,6.53,6.79,-0.03,118507.86,102.87
1625,NextDistribution4559,Mid,East India,"Fashion,Beauty,Home",4.19,1033,1426,3266081.37,3161.74,391.36904761904776,339.1000000000001,313.4119047619048,26.688095238095237,6.82,6.86,-0.04,105434.79,102.17
1626,QuickKart8273,Long Tail,South India,"Beauty,Electronics",4.08,1149,1594,12473841.88,10856.26,433.1952380952384,368.04047619047645,341.6809523809526,26.609523809523814,6.14,6.39,-0.03,107916.8,94.09
1627,SuperSupply4254,Mid,South India,Beauty,4.55,595,817,32003152.6,53786.81,225.83333333333334,196.72619047619045,182.28333333333333,15.776190476190473,6.99,6.19,0.01,52675.99,88.83
1628,NationalDistribution9462,Long Tail,North India,"Grocery,Electronics,Sports,Beauty",4.79,615,856,18806130.24,30579.07,221.95476190476194,189.77619047619046,178.44047619047615,11.535714285714286,5.2,6.15,-0.03,49516.74,80.65
1629,VertexCommerce6191,Premium,West India,"Electronics,Beauty",3.6,2166,2958,154157976.9,71171.73,821.0928571428572,705.8071428571429,633.1976190476191,73.64285714285714,8.97,5.54,0.02,148918.05,68.98
1630,FutureTraders5182,Long Tail,Central India,"Electronics,Grocery",4.13,752,1024,85776880.21,114065.0,278.17380952380955,234.01666666666665,218.68095238095233,16.335714285714285,5.87,5.55,0.0,51901.53,69.02
1631,QuickWholesale2639,Long Tail,East India,"Electronics,Sports,Beauty,Fashion",3.81,158,224,4587252.51,29033.24,60.014285714285705,49.79523809523809,44.278571428571425,5.5166666666666675,9.19,6.01,0.01,12594.11,79.71
1632,NextExports2383,Mid,West India,"Electronics,Beauty,Home",4.34,729,1001,18467992.12,25333.32,280.1833333333334,226.76666666666665,207.00714285714284,19.75952380952381,7.05,5.88,0.0,58423.02,80.14
1633,SmartWholesale5079,Long Tail,South India,"Electronics,Home,Grocery,Sports",4.96,555,761,5107286.05,9202.32,218.53095238095233,179.02380952380952,161.79761904761907,17.226190476190474,7.88,6.1,0.03,49479.09,89.31
1634,NationalHub3297,Long Tail,West India,Fashion,3.94,106,157,17659270.51,166596.89,45.8,39.18333333333334,36.73333333333333,2.783333333333333,6.08,6.31,-0.04,11291.23,106.52
1635,VertexEnterprise4437,Long Tail,East India,Electronics,4.79,81,111,262455.94,3240.2,31.735714285714288,25.485714285714284,23.952380952380953,1.5333333333333332,4.83,5.46,0.01,5173.67,64.67
1636,NationalHub3975,Mid,East India,"Beauty,Fashion,Sports,Electronics,Home",3.79,152,203,9479501.55,62365.14,62.62142857142858,51.26666666666667,41.86666666666667,9.4,15.01,5.55,0.18,9849.06,64.8
1637,TechTraders4343,Mid,East India,Fashion,3.95,650,902,20335167.72,31284.87,243.31904761904758,205.33095238095237,189.04523809523806,17.619047619047617,7.24,5.58,0.01,49590.01,76.29
1638,TechDistribution8708,Mid,North India,"Home,Sports,Grocery,Electronics,Beauty,Fashion",4.21,583,825,3102928.78,5322.35,208.5119047619047,178.85476190476186,168.66190476190474,11.026190476190475,5.29,5.03,-0.06,33437.52,57.45
1639,ReliableSupply9604,Long Tail,South India,"Beauty,Electronics",3.75,572,786,1621416.73,2834.64,208.59285714285707,174.44523809523804,162.21666666666658,12.978571428571428,6.22,5.29,-0.04,35799.74,62.81
1640,FutureDistribution4648,Long Tail,North India,Electronics,4.91,180,237,8659629.87,48109.05,64.85714285714286,57.46428571428571,54.2047619047619,3.2595238095238095,5.03,6.2,-0.12,16299.66,90.55
1641,ExpressTraders7800,Long Tail,Central India,Electronics,4.98,72,92,1006190.33,13974.87,27.06666666666667,22.90714285714286,21.430952380952377,1.4761904761904763,5.45,6.13,0.1,5906.08,82.03
1642,DigitalTraders8692,Long Tail,East India,"Grocery,Electronics",3.77,92,130,5770874.81,62726.9,36.05238095238095,31.36904761904762,28.852380952380955,2.5166666666666666,6.98,4.62,0.01,5223.31,56.78
1643,VertexImports2579,Long Tail,West India,"Sports,Grocery,Home",4.19,177,231,8410260.76,47515.6,62.971428571428575,52.150000000000006,51.0,1.35,2.14,5.75,-0.14,11845.42,66.92
1644,NextImports2346,Long Tail,North India,"Grocery,Fashion,Sports,Electronics,Home,Beauty",4.98,636,875,5122738.82,8054.62,237.82142857142856,203.73809523809516,189.21904761904756,14.519047619047619,6.11,6.43,-0.03,55002.93,86.62
1645,NextMart4024,Premium,East India,"Home,Grocery,Electronics,Beauty",3.65,640,884,8399657.58,13124.46,241.39047619047622,205.20000000000002,188.3142857142857,16.885714285714286,7.0,5.22,0.0,38327.97,59.89
1646,FutureImports3379,Long Tail,Central India,"Beauty,Grocery,Home,Electronics,Fashion,Sports",3.92,122,175,1629433.04,13356.01,43.27619047619048,35.22619047619048,32.94285714285715,3.283333333333333,7.59,6.72,0.06,11603.89,95.11
1647,QuickImports1786,Mid,South India,Sports,3.56,695,959,115197241.94,165751.43,258.8952380952381,215.37380952380948,200.3642857142857,16.176190476190477,6.25,6.01,-0.0,55081.14,79.25
1648,MegaWholesale4896,Long Tail,South India,Fashion,4.66,1210,1693,66102858.72,54630.46,463.0714285714287,386.27619047619066,355.89523809523826,32.29761904761905,6.97,5.55,-0.04,86762.97,71.76
1649,ExpressWholesale6634,Long Tail,South India,"Electronics,Grocery,Beauty",4.2,604,824,5804265.23,9609.71,223.3642857142857,192.75238095238092,175.6333333333333,17.11904761904762,7.66,5.78,0.01,43136.06,71.42
1650,ReliableTraders2930,Long Tail,East India,"Beauty,Sports,Fashion,Grocery,Home",4.14,644,863,29708725.78,46131.56,240.38809523809513,203.74761904761897,184.61190476190473,19.46904761904762,8.1,5.26,-0.01,41560.86,64.54
1651,ExpressEnterprise9993,Premium,West India,"Home,Sports,Fashion,Beauty,Grocery",4.68,723,1013,10696500.47,14794.61,275.95238095238096,232.95952380952377,214.28095238095233,18.678571428571427,6.77,5.02,-0.03,44536.4,61.68
1652,ModernEnterprise9504,Mid,East India,Sports,4.64,98,141,679677.06,6935.48,38.74285714285714,33.7,30.380952380952383,3.319047619047619,8.57,5.82,0.06,8002.17,81.65
1653,UrbanRetail8494,Mid,North India,"Beauty,Electronics,Fashion",4.15,113,152,1654072.79,14637.81,43.52619047619048,32.25,31.273809523809526,1.476190476190476,3.39,5.65,-0.06,8766.43,77.58
1654,SuperSupply2359,Mid,Central India,"Sports,Home,Fashion,Beauty,Grocery",4.22,1210,1687,91793811.68,75862.65,460.57142857142867,387.8428571428573,354.5833333333335,34.12619047619047,7.41,5.36,0.0,81999.21,67.82
1655,NextEnterprise1273,Premium,South India,"Grocery,Fashion,Sports,Home",4.83,1156,1548,48214349.26,41707.91,425.9761904761909,368.74761904761925,336.0380952380954,32.70952380952381,7.68,5.61,-0.0,81212.85,70.31
1656,ReliableRetail9697,Long Tail,South India,"Home,Grocery,Fashion,Sports,Electronics,Beauty",4.0,747,1042,61932814.07,82908.72,283.4976190476191,238.63095238095238,222.37142857142857,16.25952380952381,5.74,5.5,0.01,50562.88,67.69
1657,VertexRetail3491,Long Tail,Central India,"Electronics,Fashion",4.89,202,271,4204400.21,20813.86,72.39285714285714,59.80714285714286,56.538095238095245,3.2690476190476194,4.52,5.95,-0.15,15267.07,75.58
1658,DigitalSupply9548,Mid,West India,"Fashion,Home,Electronics,Sports",4.26,1287,1834,24990373.06,19417.54,487.3452380952385,414.7357142857145,375.17142857142875,39.964285714285715,8.2,5.35,0.01,81885.84,63.72
1659,PrimeMart6105,Mid,South India,"Home,Fashion,Sports,Electronics",3.92,133,195,6814641.79,51237.91,54.3,45.33333333333333,40.85714285714286,4.476190476190476,8.24,5.38,0.02,9369.88,70.45
1660,SmartTraders3625,Long Tail,South India,"Grocery,Electronics,Sports,Fashion,Beauty",3.71,166,220,343619.22,2070.0,65.51904761904761,50.607142857142854,48.45714285714286,2.4833333333333334,3.79,4.91,-0.06,10966.29,66.06
1661,QuickMarketplace4168,Long Tail,South India,"Sports,Beauty",3.92,1045,1458,118279641.54,113186.26,384.6833333333334,324.652380952381,301.2404761904762,23.66190476190476,6.15,5.18,-0.06,62686.9,60.04
1662,SmartDistribution7577,Long Tail,North India,"Electronics,Fashion,Home",4.11,199,272,2996087.45,15055.72,71.78333333333333,63.00476190476191,58.23571428571428,5.01904761904762,6.99,5.25,-0.01,12944.09,65.05
1663,ModernKart2921,Long Tail,Central India,"Grocery,Fashion,Sports,Beauty,Electronics,Home",3.58,670,958,2508747.76,3744.4,243.09999999999997,205.63571428571424,189.02142857142852,17.114285714285714,7.04,5.38,0.0,40832.27,60.94
1664,DigitalWholesale3045,Long Tail,Central India,"Electronics,Grocery,Beauty,Sports,Fashion",3.62,105,142,397124.06,3782.13,40.81666666666667,34.333333333333336,31.273809523809526,3.0595238095238093,7.5,5.32,0.03,6298.44,59.99
1665,FastKart7250,Long Tail,East India,"Beauty,Fashion,Electronics,Home,Grocery",4.16,629,879,3949320.82,6278.73,225.59761904761902,185.98095238095235,171.78571428571422,14.395238095238094,6.38,5.26,-0.02,38412.1,61.07
1666,NextBazaar2688,Long Tail,North India,"Beauty,Sports,Fashion,Home,Grocery,Electronics",3.89,648,885,36471142.68,56282.63,248.40714285714287,204.24523809523805,179.65952380952376,24.952380952380956,10.04,5.55,0.08,45778.37,70.86
1667,ValueSupply1928,Mid,North India,"Grocery,Home,Fashion,Sports,Beauty",3.63,1213,1650,20049509.99,16528.86,453.3976190476194,379.1404761904764,349.6904761904764,29.900000000000002,6.59,5.59,0.01,83155.19,68.72
1668,NationalCommerce7875,Long Tail,East India,"Sports,Home,Grocery",4.95,119,173,26248396.35,220574.76,41.81904761904762,38.53571428571429,36.74285714285715,2.042857142857143,4.88,6.47,-0.07,9312.92,78.26
1669,UrbanExports8955,Mid,South India,Electronics,4.0,1200,1677,5434278.45,4528.57,469.6880952380955,406.0928571428574,376.211904761905,30.547619047619044,6.5,4.98,-0.0,74106.88,61.86
1670,FastStore8993,Long Tail,Central India,"Fashion,Grocery,Beauty,Home",4.86,247,349,3152986.79,12765.13,97.84047619047617,81.57857142857144,74.25952380952381,7.319047619047619,7.48,6.06,0.05,20109.89,81.42
1671,ApexWholesale2615,Mid,Central India,"Beauty,Grocery,Sports,Electronics,Home",4.72,711,993,17587303.86,24736.01,270.0666666666667,223.31428571428566,204.9023809523809,19.311904761904763,7.15,5.45,-0.01,48632.26,68.4
1672,FutureMarketplace7911,Long Tail,West India,Fashion,3.64,687,940,6838466.61,9954.1,266.4452380952381,221.3928571428571,204.55476190476185,17.17142857142857,6.44,5.08,-0.03,44601.11,65.02
1673,ValueImports1420,Long Tail,South India,"Electronics,Home,Beauty,Fashion,Sports,Grocery",4.94,717,1012,2004889.05,2796.22,278.28571428571433,232.53809523809522,212.38095238095235,21.24047619047619,7.63,4.94,0.05,40521.45,56.59
1674,UrbanMart7752,Long Tail,North India,"Electronics,Home",3.52,719,989,50979540.67,70903.39,265.82619047619056,228.9261904761905,208.39761904761906,20.86190476190476,7.85,5.47,0.04,45598.98,63.51
1675,NextMart8307,Long Tail,North India,"Home,Sports,Grocery,Fashion",4.17,301,429,14243679.41,47321.19,111.48809523809523,91.62619047619046,82.15714285714284,9.469047619047618,8.49,6.52,0.0,27348.13,90.86
1676,ReliableEnterprise9966,Mid,East India,"Sports,Home,Fashion,Electronics",4.6,127,173,3968656.28,31249.26,50.47380952380953,41.60714285714286,37.64761904761905,3.9595238095238097,7.84,5.15,0.03,7779.39,61.26
1677,ModernCommerce9818,Premium,South India,"Home,Fashion,Beauty,Electronics",3.93,738,1006,37724109.25,51116.68,274.702380952381,224.63571428571427,210.3142857142857,16.68809523809524,6.07,5.45,-0.02,49879.05,67.59
1678,ModernMarketplace9146,Long Tail,South India,"Electronics,Sports,Beauty",4.3,256,367,4757421.56,18583.68,92.70714285714286,77.14761904761906,68.73809523809523,8.40952380952381,9.07,6.13,-0.01,20234.8,79.04
1679,ModernEnterprise8172,Mid,East India,"Fashion,Home,Beauty,Sports",3.75,253,322,7622357.56,30127.9,91.64999999999999,77.57142857142857,70.13809523809525,7.433333333333334,8.11,5.44,0.01,19262.78,76.14
1680,TechStore4109,Long Tail,Central India,"Fashion,Home",4.78,80,112,631604.49,7895.06,32.43809523809524,25.59285714285714,24.09285714285714,1.7499999999999998,5.39,5.0,-0.02,5575.76,69.7
1681,QuickMarketplace2244,Mid,South India,"Sports,Grocery,Home,Beauty,Electronics",4.4,148,202,15508692.76,104788.46,52.71190476190476,44.05952380952381,40.773809523809526,3.2857142857142856,6.23,6.25,-0.03,11645.64,78.69
1682,VertexDistribution7629,Long Tail,East India,Sports,4.32,169,208,982511.6,5813.68,64.27380952380953,52.64761904761905,48.11428571428572,4.533333333333333,7.05,5.4,-0.01,11153.69,66.0
1683,UrbanWholesale5815,Long Tail,Central India,"Home,Grocery,Sports,Fashion,Electronics,Beauty",4.27,296,394,8011087.25,27064.48,108.64999999999999,88.98809523809523,82.54523809523809,6.442857142857142,5.93,6.1,-0.03,25127.56,84.89
1684,NextTraders1668,Long Tail,South India,Home,4.42,846,1199,34624320.01,40927.09,316.2833333333335,267.33333333333337,243.78809523809528,24.911904761904758,7.88,5.67,0.0,61406.7,72.67
1685,TechTraders4677,Mid,South India,"Sports,Home",4.66,1257,1679,11096975.32,8828.14,473.766666666667,403.3571428571432,373.44285714285735,30.247619047619047,6.38,6.03,-0.01,104729.84,83.38
1686,SmartKart5862,Long Tail,South India,"Beauty,Fashion",4.08,575,810,7055602.16,12270.61,218.8333333333333,183.05714285714282,168.99523809523805,15.811904761904762,7.23,4.82,-0.0,32601.76,56.9
1687,ValueHub9496,Long Tail,Central India,"Beauty,Sports,Grocery,Home,Electronics",4.15,173,247,1336460.77,7725.21,67.48333333333333,55.71428571428571,54.04761904761905,1.6666666666666665,2.47,6.21,-0.1,15675.01,90.61
1688,ValueCommerce6972,Long Tail,South India,"Grocery,Beauty,Home,Sports,Fashion,Electronics",4.23,139,187,407770.21,2933.6,54.769047619047626,48.09761904761905,45.147619047619045,2.9499999999999997,5.39,5.16,0.03,9212.81,66.28
1689,ReliableMarketplace3109,Long Tail,North India,"Home,Electronics,Fashion,Beauty,Grocery",4.36,134,198,3167504.48,23638.09,44.69761904761904,37.73095238095238,36.54761904761905,1.5166666666666666,3.39,5.84,0.04,8702.8,64.95
1690,FutureExports4669,Long Tail,West India,"Sports,Beauty,Home,Electronics,Grocery",4.71,1271,1793,238101568.29,187334.04,486.8809523809527,401.8666666666669,360.52380952380963,42.67619047619048,8.77,6.44,0.05,118821.77,93.56
1691,PrimeHub1362,Mid,Central India,"Electronics,Beauty,Grocery,Fashion,Home",3.84,547,783,824068.47,1506.52,206.0547619047619,176.4595238095238,165.19047619047615,11.435714285714285,5.55,5.83,-0.06,40936.67,74.84
1692,PrimeImports6806,Long Tail,North India,"Sports,Electronics,Home,Fashion,Grocery",3.89,2871,3968,45984401.37,16016.86,1070.4976190476186,916.0976190476192,834.4285714285716,84.26190476190476,7.87,6.04,-0.0,234241.39,81.79
1693,VertexTraders8058,Mid,South India,"Grocery,Home,Electronics",4.47,774,1077,79307461.13,102464.42,295.91666666666674,249.52142857142863,233.2095238095238,17.12142857142857,5.79,5.27,-0.01,53233.88,68.96
1694,DigitalBazaar5991,Mid,East India,"Sports,Beauty",4.17,102,139,405609.86,3976.57,40.419047619047625,33.08571428571429,31.219047619047615,2.2,5.44,5.73,-0.1,8957.6,87.82
1695,TechMarketplace1867,Mid,East India,"Grocery,Beauty,Fashion,Home,Sports",4.36,1237,1688,7499845.13,6062.93,470.0095238095241,403.3071428571431,372.43809523809546,31.202380952380956,6.64,5.0,-0.02,73273.54,59.33
1696,VertexStore9679,Premium,West India,Electronics,3.71,744,975,6618587.08,8895.95,276.72619047619054,232.74761904761903,220.79047619047617,12.957142857142857,4.68,6.08,-0.07,60945.32,81.92
1697,NextMarketplace3938,Premium,South India,"Sports,Fashion",4.8,159,211,10342091.95,65044.6,61.55,49.466666666666676,45.183333333333344,4.283333333333333,6.96,5.68,-0.01,11746.29,73.88
1698,ApexExports7347,Mid,West India,"Beauty,Electronics,Home,Grocery,Sports,Fashion",4.58,693,987,6002339.24,8661.38,260.1547619047619,223.04047619047617,202.68095238095233,21.35952380952381,8.21,5.09,0.05,41796.68,60.31
1699,FutureHub8051,Long Tail,East India,"Beauty,Fashion,Home,Electronics,Sports,Grocery",3.64,62,83,1333275.29,21504.44,23.82857142857143,21.485714285714288,19.502380952380953,2.4833333333333334,10.42,4.94,0.04,4604.0,74.26
1700,FastSupply4286,Long Tail,South India,Fashion,4.09,649,901,38032052.69,58601.01,239.71666666666664,202.70476190476188,188.6880952380952,14.016666666666664,5.85,5.7,-0.03,45537.75,70.17
1701,TechDistribution1997,Long Tail,Central India,"Sports,Electronics,Home,Fashion,Grocery,Beauty",3.87,1060,1466,43535752.54,41071.46,386.63809523809545,315.954761904762,292.59047619047624,23.69761904761905,6.13,5.65,-0.01,74102.97,69.91
1702,ModernSupply6017,Long Tail,North India,"Home,Electronics,Fashion,Grocery,Sports,Beauty",4.94,710,1003,37214611.98,52414.95,253.65238095238095,205.82380952380944,186.21904761904756,20.521428571428572,8.09,5.69,-0.04,49625.64,69.99
1703,VertexTraders3978,Mid,Central India,"Grocery,Home,Electronics,Beauty,Sports",4.02,179,238,1331659.89,7439.44,71.94999999999999,61.63095238095238,53.09761904761905,8.533333333333333,11.86,6.2,0.02,15634.99,87.35
1704,ApexHub8220,Long Tail,South India,"Electronics,Fashion,Home",4.95,1237,1765,22680550.5,18335.13,460.79523809523846,391.9142857142859,357.31190476190494,34.93571428571428,7.58,5.7,-0.03,92382.5,74.68
1705,VertexKart9807,Long Tail,North India,"Beauty,Electronics",3.98,618,842,5042040.83,8158.64,237.03095238095236,196.57142857142853,180.99523809523805,16.576190476190476,6.99,5.09,-0.02,37770.75,61.22
1706,EliteMarketplace9494,Mid,South India,"Home,Electronics,Sports",4.53,30,42,507816.0,16927.2,11.81904761904762,7.535714285714286,7.535714285714286,0.0,0.0,5.39,-0.09,2049.04,68.3
1707,ModernTraders9978,Long Tail,West India,"Fashion,Grocery,Sports,Home",4.6,546,740,25342739.55,46415.27,200.84523809523802,163.93809523809517,150.71904761904756,13.41904761904762,6.68,6.2,-0.02,44731.4,81.93
1708,NextCommerce3316,Mid,South India,"Electronics,Grocery,Sports,Fashion",3.57,763,1038,3590438.5,4705.69,293.8500000000001,244.91428571428568,226.3119047619047,20.552380952380954,6.99,5.35,-0.04,50482.28,66.25
1709,MegaDistribution8871,Long Tail,Central India,"Fashion,Beauty,Electronics,Sports",4.03,82,107,1679885.67,20486.41,30.811904761904763,26.07857142857143,24.82857142857143,1.25,4.06,4.67,-0.04,5247.29,63.99
1710,DigitalCommerce3219,Long Tail,West India,"Electronics,Home,Beauty,Grocery,Sports",4.24,618,830,1210405.57,1958.59,243.92619047619044,202.02857142857135,186.10952380952378,16.11904761904762,6.61,5.18,-0.01,39480.34,63.88
1711,QuickSupply7177,Mid,North India,"Home,Beauty",3.79,1107,1564,11609006.65,10486.91,409.21428571428595,338.1309523809525,312.3761904761906,26.254761904761907,6.42,5.18,-0.01,68420.88,61.86
1712,UrbanCommerce8931,Premium,Central India,Beauty,4.96,244,351,2832147.54,11607.16,88.75000000000001,74.06428571428572,67.1547619047619,7.159523809523809,8.07,6.02,-0.0,18970.44,78.07
1713,NationalWholesale1682,Long Tail,South India,"Beauty,Home,Electronics",4.17,1083,1485,106531150.5,98366.71,397.6666666666669,331.73333333333346,311.6452380952382,20.454761904761902,5.14,5.61,-0.04,77481.7,71.68
1714,ModernExports1785,Long Tail,Central India,"Grocery,Sports,Fashion",4.98,540,728,1126092.36,2085.36,204.60952380952378,171.59523809523805,158.7190476190476,13.076190476190476,6.39,5.18,-0.02,33131.92,61.36
1715,QuickRetail6763,Premium,Central India,Home,4.52,31,47,204715.34,6603.72,10.685714285714283,9.209523809523809,8.959523809523809,0.75,7.02,5.15,-0.15,2002.27,64.59
1716,GlobalStore8491,Long Tail,South India,"Beauty,Grocery,Fashion,Home,Sports,Electronics",4.41,39,60,24140.97,619.0,15.60952380952381,11.526190476190475,10.526190476190475,1.0,6.41,6.0,-0.13,2824.1,72.41
1717,MegaDistribution7250,Premium,South India,"Home,Electronics,Fashion,Beauty,Grocery,Sports",4.52,145,190,2509805.92,17309.01,53.36190476190476,45.65238095238095,42.433333333333344,3.219047619047619,6.03,6.16,-0.02,11131.1,76.77
1718,TechDistribution4938,Long Tail,East India,Home,4.39,68,96,427461.84,6286.2,24.22380952380953,21.58095238095238,20.88095238095238,0.7,2.89,5.21,-0.08,4050.49,59.57
1719,SmartHub5033,Long Tail,Central India,"Fashion,Home,Beauty,Electronics",3.82,625,863,832344.29,1331.75,232.0333333333333,193.74999999999994,178.65476190476184,16.095238095238095,6.94,5.9,-0.08,51707.79,82.73
1720,GlobalDistribution5466,Mid,West India,"Beauty,Grocery,Home",3.55,86,121,8812819.26,102474.64,31.566666666666666,28.99761904761905,26.48095238095238,2.5166666666666666,7.97,5.92,0.03,6925.4,80.53
1721,ValueSupply5556,Mid,South India,Beauty,4.19,692,953,14582968.29,21073.65,246.73095238095232,206.67380952380947,189.99523809523802,18.26190476190476,7.4,6.05,-0.0,51985.5,75.12
1722,QuickKart8358,Mid,South India,"Home,Grocery,Electronics,Sports",3.7,31,38,62212.82,2006.87,13.835714285714285,10.216666666666667,9.683333333333334,0.5333333333333333,3.85,5.0,0.0,1918.74,61.89
1723,PrimeHub9797,Mid,East India,"Fashion,Electronics,Grocery,Beauty,Home,Sports",3.61,585,822,1164742.15,1991.01,219.1023809523809,182.52857142857138,169.21666666666664,13.311904761904763,6.08,5.0,0.04,33526.48,57.41
1724,ApexMart2777,Mid,North India,"Home,Beauty,Sports,Grocery,Fashion,Electronics",4.02,1790,2469,163087636.61,91110.41,681.9333333333335,562.366666666667,528.5404761904765,34.94285714285714,5.12,5.56,-0.03,130266.66,72.86
1725,ExpressRetail3082,Long Tail,Central India,"Electronics,Grocery",4.32,1625,2256,84777585.65,52170.82,604.3023809523812,509.8904761904765,466.2761904761908,45.457142857142856,7.52,5.15,0.01,97270.85,59.97
1726,MegaWholesale7358,Premium,South India,"Beauty,Electronics,Grocery,Sports",3.93,154,219,3223511.12,20931.89,57.8547619047619,50.56190476190477,48.169047619047625,2.7261904761904763,4.71,5.69,-0.11,11071.77,71.89
1727,SmartTraders1672,Long Tail,Central India,"Electronics,Fashion,Beauty,Home,Grocery,Sports",3.82,152,199,6429481.48,42299.22,58.43095238095239,47.34761904761905,43.838095238095235,3.7595238095238095,6.43,5.23,-0.02,10869.31,71.51
1728,MegaMarketplace1232,Long Tail,South India,"Fashion,Home",4.56,94,132,4497701.07,47847.88,33.88333333333333,26.98095238095238,23.19761904761905,3.783333333333333,11.17,5.85,0.01,7576.24,80.6
1729,GlobalDistribution1924,Long Tail,West India,"Fashion,Home,Beauty",4.05,713,962,24246042.59,34005.67,261.2833333333333,217.35476190476183,201.4428571428571,17.445238095238096,6.68,5.34,-0.01,48356.71,67.92
1730,PrimeRetail4014,Long Tail,South India,"Home,Grocery",4.96,194,269,9666381.86,49826.71,72.53333333333335,61.83095238095238,59.43095238095238,2.4,3.31,5.67,0.01,14716.44,75.86
1731,VertexBazaar5715,Mid,Central India,"Sports,Beauty,Electronics,Fashion,Grocery,Home",4.7,34,42,90443.42,2660.1,13.626190476190473,11.50952380952381,11.366666666666667,0.34285714285714286,2.52,4.43,-0.04,1795.66,52.81
1732,MegaStore2067,Long Tail,West India,"Grocery,Home",3.6,1140,1611,31918169.04,27998.39,433.37142857142885,368.7690476190478,338.804761904762,31.13095238095238,7.18,7.08,0.01,125611.05,110.28
1733,FutureKart3350,Long Tail,North India,"Electronics,Grocery,Fashion,Home,Beauty",3.9,565,763,681729.11,1206.6,219.20238095238096,184.55476190476193,171.47142857142856,14.833333333333334,6.77,5.49,-0.06,44309.79,78.56
1734,TechMarketplace1957,Long Tail,West India,"Electronics,Beauty",4.67,1217,1660,111085590.71,91278.22,459.29761904761943,385.98809523809547,356.39523809523826,31.342857142857145,6.82,5.66,-0.02,90310.34,74.33
1735,TechImports8805,Mid,Central India,"Electronics,Fashion,Sports,Home,Beauty",4.77,1249,1741,78047914.78,62488.32,453.8785714285717,379.8809523809525,347.7142857142859,33.449999999999996,7.37,5.31,0.02,80603.78,64.74
1736,NextImports9037,Long Tail,Central India,"Home,Grocery,Beauty,Fashion",4.53,61,81,626957.11,10277.99,21.297619047619047,18.821428571428573,17.08809523809524,1.7333333333333332,8.14,6.4,-0.02,5071.23,83.13
1737,SmartTraders9789,Long Tail,East India,"Sports,Beauty,Grocery",3.59,755,990,7222846.91,9566.68,279.2428571428572,240.41190476190476,220.78333333333327,20.545238095238094,7.36,5.31,0.03,46244.66,61.41
1738,QuickMart3626,Mid,East India,"Home,Fashion",3.51,169,228,8485330.85,50209.06,61.36904761904761,52.45952380952381,49.34285714285714,3.1166666666666663,5.08,5.64,-0.03,11723.03,69.37
1739,DigitalHub1697,Mid,West India,Beauty,3.99,106,132,3744967.85,35329.89,42.49285714285715,35.233333333333334,34.616666666666674,0.6166666666666667,1.45,5.09,-0.17,6958.82,65.65
1740,QuickSupply7844,Long Tail,West India,"Grocery,Fashion,Beauty,Electronics,Sports,Home",4.65,187,251,2919748.97,15613.63,74.1,65.55714285714286,59.090476190476195,6.466666666666667,8.73,6.21,0.07,16593.31,88.73
1741,ModernCommerce7535,Long Tail,South India,"Beauty,Sports,Grocery,Fashion",4.72,1780,2426,86012102.59,48321.41,668.211904761905,556.919047619048,511.07619047619085,47.40238095238095,7.09,5.73,-0.01,131146.93,73.72
1742,ApexRetail6954,Long Tail,West India,"Fashion,Sports,Grocery,Home,Electronics",4.17,191,268,8684443.19,45468.29,74.95714285714286,62.057142857142864,55.923809523809524,7.133333333333333,9.52,6.23,0.03,15096.51,79.04
1743,SmartTraders2780,Long Tail,Central India,"Home,Sports,Fashion,Beauty",4.54,721,997,74969138.3,103979.39,273.50476190476195,232.7666666666666,211.98095238095235,20.952380952380956,7.66,6.09,0.0,58513.08,81.16
1744,GlobalRetail6532,Premium,Central India,"Home,Grocery,Beauty,Electronics",3.84,63,84,3123144.58,49573.72,21.161904761904765,16.76190476190476,14.452380952380953,3.3095238095238098,15.64,6.45,0.11,4672.91,74.17
1745,GlobalSupply3823,Long Tail,East India,"Beauty,Grocery,Sports,Electronics,Fashion,Home",4.41,1743,2418,155897277.56,89441.93,655.0071428571431,554.9357142857147,508.8404761904765,47.8452380952381,7.3,6.48,-0.0,159075.68,91.53
1746,ValueCommerce8677,Long Tail,South India,"Grocery,Fashion,Beauty,Home,Electronics,Sports",3.73,168,240,10675914.57,63547.11,65.40714285714284,57.19761904761905,52.36428571428572,5.166666666666666,7.9,6.04,0.01,14844.27,88.36
1747,PrimeStore1351,Premium,North India,"Fashion,Beauty,Home,Grocery,Electronics,Sports",4.35,2226,3115,41455512.49,18623.32,847.7904761904762,703.259523809524,645.5452380952383,61.547619047619044,7.26,5.23,-0.01,143907.88,64.65
1748,PrimeCommerce6844,Mid,South India,Home,4.21,194,276,2117566.71,10915.29,73.21666666666667,59.664285714285725,52.03809523809525,7.626190476190477,10.42,6.13,0.09,14105.56,72.71
1749,PrimeCommerce6169,Long Tail,Central India,"Fashion,Home",4.37,73,126,222310.35,3045.35,23.09047619047619,16.707142857142856,16.564285714285713,0.14285714285714285,0.62,5.88,-0.16,4776.07,65.43
1750,DigitalStore3618,Mid,South India,"Beauty,Home,Fashion,Sports",4.35,105,152,4072419.61,38784.95,37.89047619047619,31.28809523809524,29.528571428571432,1.7595238095238095,4.64,5.79,-0.07,8284.28,78.9
1751,ReliableBazaar8693,Long Tail,East India,"Electronics,Grocery,Beauty,Sports",4.28,2891,4115,68642098.07,23743.38,1080.32619047619,903.5023809523809,836.9904761904762,71.10476190476192,6.58,5.47,-0.0,198069.91,68.75
1752,SuperStore1645,Mid,South India,"Electronics,Fashion",3.85,1221,1695,15707142.65,12864.16,450.9619047619052,380.5833333333336,353.7261904761907,27.60714285714286,6.12,6.41,-0.05,114469.73,93.83
1753,ApexExports6937,Premium,West India,"Beauty,Sports,Fashion,Electronics",3.97,202,280,4926800.61,24390.1,72.1547619047619,59.32142857142857,52.80476190476191,6.516666666666666,9.03,5.83,0.14,13905.57,68.84
1754,ModernStore7061,Mid,North India,"Fashion,Beauty,Electronics,Sports,Home",4.26,711,971,34401163.8,48384.2,271.8857142857143,232.1928571428571,218.85714285714283,13.50238095238095,4.97,5.36,-0.02,48049.8,67.77
1755,QuickDistribution3449,Long Tail,North India,"Grocery,Home",3.89,250,333,3038744.26,12154.98,90.30238095238094,76.02380952380952,66.56428571428572,9.65952380952381,10.7,5.74,0.06,17972.37,71.89
1756,VertexEnterprise9105,Long Tail,North India,"Fashion,Home,Grocery,Beauty,Electronics,Sports",3.7,167,232,25786073.91,154407.63,61.43333333333333,50.207142857142856,45.63809523809524,5.069047619047619,8.25,5.34,-0.02,10136.72,60.7
1757,NationalMart9526,Long Tail,North India,"Beauty,Fashion,Home,Grocery,Electronics",4.8,223,309,6691728.1,30007.75,82.45476190476191,68.80952380952381,59.400000000000006,9.40952380952381,11.41,6.13,0.12,19048.8,85.42
1758,DigitalMart8355,Long Tail,West India,"Fashion,Electronics,Sports",3.66,581,824,1697707.33,2922.04,214.21666666666664,182.00952380952378,164.72380952380948,17.869047619047613,8.34,5.29,0.06,36857.75,63.44
1759,SuperImports2314,Mid,East India,Home,4.71,1214,1668,225621540.57,185849.7,463.40476190476215,389.71666666666687,357.17142857142875,32.74523809523809,7.07,5.45,0.01,84340.32,69.47
1760,VertexKart1314,Long Tail,East India,Fashion,3.67,650,892,13260051.69,20400.08,245.72142857142853,214.647619047619,194.72857142857137,19.919047619047618,8.11,5.58,-0.0,45302.41,69.7
1761,QuickKart5428,Long Tail,West India,"Beauty,Sports",4.75,1157,1607,53968079.39,46644.84,428.59047619047635,368.62619047619063,341.9690476190477,27.240476190476194,6.36,5.94,-0.04,90916.77,78.72
1762,ModernHub6672,Long Tail,East India,"Grocery,Beauty,Sports",4.47,176,250,4646398.74,26399.99,63.252380952380946,51.71904761904763,46.766666666666666,4.9523809523809526,7.83,5.65,-0.03,12928.45,73.46
1763,FastStore8370,Premium,North India,"Beauty,Home",4.29,1773,2451,75814681.75,42760.68,660.8857142857146,547.4595238095242,506.566666666667,43.226190476190474,6.54,5.43,-0.02,120161.87,67.96
1764,NextStore3901,Long Tail,East India,"Home,Grocery,Electronics,Beauty,Sports,Fashion",4.46,256,336,10335922.15,40374.7,89.28095238095237,76.43095238095238,68.72142857142858,7.909523809523809,8.86,5.64,0.03,16702.75,65.25
1765,PrimeWholesale2235,Mid,North India,"Grocery,Fashion",4.15,1124,1621,27343639.76,24327.08,431.45238095238136,370.48095238095266,340.5738095238097,32.40714285714286,7.51,6.7,0.0,113819.14,101.44
1766,ModernWholesale2153,Mid,South India,Sports,4.32,2232,3058,262457024.45,117588.27,816.6476190476191,695.7119047619049,639.7761904761908,56.88571428571429,6.97,5.63,0.0,152003.62,68.19
1767,SmartRetail2329,Long Tail,South India,"Beauty,Home,Electronics,Grocery,Sports,Fashion",4.54,183,238,2286961.87,12497.06,64.24285714285715,54.59285714285715,48.50000000000001,6.092857142857143,9.48,5.23,0.05,11055.2,60.41
1768,MegaExports2301,Long Tail,West India,"Electronics,Sports,Beauty,Home,Grocery,Fashion",3.75,2335,3302,113138345.93,48453.25,866.1023809523808,731.6500000000003,671.4047619047622,64.41190476190475,7.44,5.25,0.03,147945.53,63.44
1769,ExpressMart2003,Mid,West India,"Grocery,Fashion,Beauty,Electronics,Sports,Home",3.72,815,1121,17884064.15,21943.64,306.15238095238124,264.9428571428572,243.77380952380952,21.419047619047618,7.0,5.72,-0.03,59723.39,73.37
1770,SmartDistribution9880,Mid,Central India,"Electronics,Sports,Fashion,Grocery,Beauty",4.29,2622,3603,28606851.5,10910.32,970.4119047619046,813.1476190476192,753.2476190476193,61.46666666666667,6.33,6.39,-0.04,226725.17,86.6
1771,EliteSupply5861,Long Tail,Central India,"Electronics,Sports,Fashion,Grocery,Beauty,Home",3.66,161,229,727498.76,4518.63,63.49761904761906,56.75476190476191,51.83809523809524,4.916666666666667,7.74,5.63,0.01,12739.1,79.12
1772,FutureExports4944,Long Tail,Central India,"Sports,Home,Fashion,Beauty,Grocery",4.8,735,995,17911886.24,24369.91,265.90000000000003,219.50952380952378,195.99999999999994,24.00952380952381,9.03,6.13,0.03,54843.41,74.72
1773,PrimeTraders6639,Long Tail,North India,"Sports,Home,Grocery,Electronics,Beauty,Fashion",4.44,701,939,3430764.79,4894.1,261.23809523809524,219.8166666666666,208.26190476190473,12.054761904761904,4.61,5.18,-0.05,44184.35,63.21
1774,PrimeCommerce6922,Long Tail,Central India,"Electronics,Beauty,Sports,Home",3.67,134,179,6548235.87,48867.43,54.640476190476186,44.838095238095235,38.838095238095235,6.0,10.98,5.7,0.05,10985.23,81.98
1775,FastExports6227,Long Tail,West India,Grocery,3.89,648,907,6214053.87,9589.59,232.6142857142857,196.57142857142853,180.6333333333333,16.63809523809524,7.15,5.16,0.01,38239.96,59.01
1776,ReliableExports4117,Mid,South India,"Beauty,Home,Sports,Fashion,Grocery,Electronics",3.89,713,975,5924269.77,8308.93,258.3547619047619,211.5166666666666,192.3785714285714,20.92142857142857,8.1,5.4,0.06,43207.23,60.6
1777,ValueTraders8563,Long Tail,East India,"Electronics,Home",4.91,1128,1554,10775565.48,9552.81,417.53571428571456,349.34285714285727,323.8357142857143,28.066666666666666,6.72,7.39,-0.03,128893.03,114.67
1778,SmartExports7317,Long Tail,West India,"Beauty,Sports,Grocery,Electronics",4.75,38,53,74192.84,1952.44,12.985714285714284,10.369047619047617,8.669047619047618,1.7,13.09,4.91,0.19,2030.29,53.43
1779,SmartSupply6991,Mid,North India,"Home,Beauty",3.67,1329,1850,123231067.5,92724.66,501.54047619047645,410.66904761904783,381.10000000000014,32.31904761904762,6.44,5.64,-0.05,96220.29,72.62
1780,QuickTraders3455,Long Tail,East India,"Fashion,Sports,Grocery,Electronics,Home,Beauty",3.91,137,189,1214272.65,8863.3,51.476190476190474,46.150000000000006,42.11666666666667,4.033333333333333,7.84,5.78,-0.05,11118.3,81.16
1781,QuickHub5972,Premium,Central India,"Electronics,Beauty",4.01,553,760,5377549.35,9724.32,210.43809523809517,181.71904761904756,168.80238095238093,13.583333333333332,6.45,7.36,-0.05,65988.03,119.98
1782,VertexExports9177,Long Tail,West India,"Fashion,Beauty",3.9,103,146,652202.56,6332.06,38.39047619047619,30.29047619047619,28.757142857142856,1.5333333333333332,3.99,5.22,-0.15,7472.6,72.55
1783,FutureStore2096,Long Tail,East India,"Beauty,Electronics",4.9,1207,1644,20594221.39,17062.32,458.4714285714289,396.27619047619066,362.1642857142859,35.61190476190476,7.77,5.49,0.02,83653.86,69.54
1784,NationalTraders4545,Long Tail,West India,"Grocery,Home,Fashion,Electronics",4.55,829,1143,6507779.55,7850.16,313.6809523809525,264.67857142857144,246.1238095238095,19.72142857142857,6.29,5.44,-0.01,55366.38,66.95
1785,EliteCommerce6089,Long Tail,Central India,Home,4.75,1218,1668,13915594.44,11424.95,462.92857142857173,391.9071428571431,362.4380952380955,29.802380952380954,6.44,6.45,-0.04,116451.08,95.61
1786,ModernExports7117,Long Tail,South India,"Electronics,Grocery,Fashion,Home,Beauty",4.96,133,185,7580136.53,56993.51,51.523809523809526,42.30714285714286,36.94047619047619,5.366666666666666,10.42,6.0,0.09,11497.93,86.45
1787,ValueRetail4431,Long Tail,East India,"Beauty,Electronics,Grocery,Fashion,Home",4.73,1283,1755,77675085.3,60541.77,495.3547619047623,409.20238095238125,382.40238095238124,29.383333333333336,5.93,5.72,-0.04,98632.85,77.0
1789,ModernEnterprise4750,Premium,Central India,"Sports,Fashion,Grocery",4.48,116,141,719902.07,6206.05,39.221428571428575,31.304761904761907,28.638095238095232,2.6666666666666665,6.8,5.6,0.01,7705.4,66.43
1790,ApexTraders1317,Long Tail,East India,"Fashion,Beauty",4.87,699,1000,6579648.77,9412.95,276.0857142857143,229.00714285714284,209.49761904761903,19.652380952380952,7.12,5.14,-0.02,45638.14,65.29
1791,SmartMarketplace6269,Mid,North India,Beauty,3.56,92,123,2341640.9,25452.62,33.38809523809524,26.82857142857143,25.00952380952381,2.319047619047619,6.95,5.88,0.0,5951.38,64.69
1792,SuperSupply4165,Long Tail,East India,"Beauty,Grocery,Home,Electronics",4.74,675,917,7693025.78,11397.08,262.23095238095243,217.5166666666666,199.84761904761902,19.752380952380953,7.53,5.7,-0.04,51251.58,75.93
1793,ExpressRetail4659,Long Tail,North India,"Home,Electronics",4.19,615,818,5277053.04,8580.57,217.69523809523807,182.66666666666663,165.29047619047614,17.95952380952381,8.25,5.37,0.0,38369.76,62.49
1794,FastCommerce8941,Long Tail,East India,"Grocery,Beauty,Fashion",4.14,1225,1739,5475310.56,4469.64,451.9071428571431,384.25238095238115,353.39761904761923,31.688095238095233,7.01,5.36,-0.0,80815.71,66.08
1795,GlobalBazaar9259,Premium,East India,"Fashion,Sports,Electronics,Grocery,Beauty",4.89,695,983,219549367.38,315898.37,261.22857142857146,219.75952380952378,207.3595238095238,12.399999999999999,4.75,5.5,-0.08,50046.74,72.11
1796,GlobalHub5851,Premium,North India,"Beauty,Electronics,Home,Fashion",3.97,1236,1705,11905314.09,9632.13,477.15238095238135,396.2785714285716,359.7380952380954,38.74047619047619,8.12,6.27,-0.01,104634.4,84.72
1797,SuperImports7259,Long Tail,Central India,"Sports,Beauty,Electronics,Fashion,Home,Grocery",3.6,94,137,3204707.22,34092.63,34.930952380952384,33.25476190476191,31.888095238095243,1.3666666666666665,3.91,4.9,-0.02,5631.09,59.91
1798,FastRetail8427,Premium,East India,"Beauty,Home,Electronics,Fashion,Grocery",4.04,1262,1752,29313105.89,23227.5,481.1904761904766,402.9023809523812,366.12142857142874,37.766666666666666,7.85,6.26,0.01,109456.3,86.87
1799,ModernBazaar8816,Premium,East India,"Fashion,Home,Electronics,Beauty,Grocery",4.03,1109,1522,11249265.36,10143.61,411.5047619047622,338.90714285714296,309.6761904761906,30.64761904761905,7.45,5.34,0.01,72177.09,65.08
1800,ValueImports6306,Premium,West India,"Sports,Beauty,Electronics",4.49,67,99,8624462.54,128723.32,25.769047619047623,19.04285714285714,16.709523809523812,2.583333333333333,10.02,6.15,0.12,5492.24,81.97
1801,ModernMarketplace1645,Long Tail,Central India,"Grocery,Electronics,Home",3.9,1644,2273,16534316.76,10057.37,620.2000000000003,535.3833333333336,493.83571428571463,43.29761904761905,6.98,6.02,-0.02,132904.32,80.94
1802,SmartStore9565,Long Tail,South India,"Sports,Fashion,Beauty,Electronics,Home,Grocery",3.69,168,246,1975310.7,11757.8,62.49523809523809,55.916666666666664,51.06666666666667,4.8500000000000005,7.76,5.67,0.0,11892.3,70.79
1803,FutureCommerce2329,Mid,West India,"Electronics,Home",3.56,581,782,55257735.58,95107.98,209.86190476190475,171.447619047619,157.8380952380952,13.609523809523811,6.48,6.08,-0.02,45625.1,78.53
1804,QuickBazaar2018,Mid,Central India,Beauty,4.8,1271,1784,120676931.56,94946.44,483.0166666666671,399.77142857142877,369.56666666666683,32.238095238095234,6.67,5.32,-0.04,83281.06,65.63
1805,UrbanEnterprise5272,Mid,South India,"Beauty,Fashion,Electronics,Sports,Grocery,Home",4.17,749,1033,33868974.93,45218.93,284.6738095238096,229.5261904761905,213.00714285714287,16.685714285714287,5.86,6.45,-0.09,70978.01,94.89
1806,ReliableKart1859,Long Tail,South India,Sports,3.62,2272,3161,21039891.06,9260.52,856.6976190476191,721.7761904761905,663.4928571428574,59.61666666666666,6.96,5.09,0.01,134769.68,59.5
1807,NextEnterprise4811,Long Tail,South India,Electronics,4.73,1415,1956,6955029.55,4915.22,543.8000000000003,457.25238095238126,415.68809523809546,42.647619047619045,7.84,5.31,0.01,91451.54,64.72
1808,ModernSupply7484,Mid,North India,"Grocery,Home",4.13,698,980,1837899.15,2633.09,267.73333333333335,229.86904761904756,209.7904761904761,20.91190476190476,7.81,5.35,0.02,45098.42,64.61
1809,ReliableStore1657,Mid,South India,"Beauty,Electronics,Sports",4.82,97,125,574882.57,5926.62,33.411904761904765,29.416666666666668,25.67142857142857,3.7452380952380953,11.21,6.31,0.0,7876.04,81.2
1810,NextMarketplace9052,Premium,North India,Fashion,4.33,141,186,3235742.38,22948.53,54.333333333333336,46.680952380952384,41.49761904761905,5.183333333333334,9.54,5.26,0.07,9238.34,65.52
1811,GlobalHub9785,Long Tail,North India,"Electronics,Grocery,Home,Beauty,Sports,Fashion",3.65,1176,1662,78097912.66,66409.79,443.73571428571466,369.8928571428574,333.7023809523812,36.6904761904762,8.27,5.93,0.0,97640.56,83.03
1812,EliteWholesale4302,Long Tail,Central India,"Grocery,Home,Sports,Beauty,Fashion,Electronics",4.73,1276,1757,23893579.83,18725.38,466.2500000000004,394.1095238095241,360.70952380952406,33.900000000000006,7.27,5.71,0.01,93314.37,73.3
1813,QuickStore5675,Mid,West India,"Fashion,Home,Grocery",3.57,97,131,2996335.82,30890.06,35.06666666666666,28.423809523809528,26.323809523809523,2.1,5.99,6.75,0.02,8436.67,86.98
1814,EliteStore1682,Premium,West India,"Grocery,Sports,Beauty,Electronics",4.16,660,906,5558548.31,8422.04,257.1285714285714,211.98809523809518,190.24285714285713,21.745238095238097,8.46,6.24,0.03,59106.76,89.56
1815,GlobalRetail5892,Premium,South India,Sports,4.32,25,35,2589273.14,103570.93,10.116666666666665,8.783333333333333,8.783333333333333,0.0,0.0,4.82,-0.27,1518.32,60.73
1816,NextMarketplace5134,Long Tail,South India,"Home,Beauty,Electronics",4.63,622,845,9656092.91,15524.27,230.53095238095239,187.54047619047614,168.89523809523808,18.978571428571428,8.23,5.89,-0.02,47421.73,76.24
1817,TechRetail3964,Mid,East India,Home,3.78,710,983,28478033.79,40109.91,262.37380952380954,223.43809523809517,207.0261904761904,16.57857142857143,6.32,5.94,-0.06,56975.39,80.25
1818,QuickMarketplace3707,Long Tail,West India,"Sports,Beauty,Home,Fashion",3.78,596,823,16493149.04,27673.07,223.21190476190472,188.34285714285713,172.35476190476186,15.988095238095237,7.16,5.32,-0.08,40554.34,68.04
1819,TechWholesale1511,Long Tail,Central India,"Grocery,Home,Fashion,Electronics,Sports",4.38,67,91,380710.13,5682.24,20.711904761904762,18.919047619047618,18.08571428571429,0.8333333333333333,4.02,6.3,-0.25,5561.43,83.01
1820,TechMart8291,Mid,West India,Home,3.53,1145,1610,12837169.15,11211.5,431.9071428571432,357.3261904761906,331.25476190476206,27.271428571428572,6.31,6.31,-0.0,105425.15,92.07
1821,GlobalSupply7108,Mid,North India,"Fashion,Electronics,Grocery,Sports,Beauty",4.36,759,1084,5407093.4,7123.97,290.90714285714296,246.8857142857143,222.54047619047617,24.345238095238095,8.37,6.6,-0.05,76531.03,100.83
1822,UrbanMart3323,Mid,East India,"Sports,Electronics,Home,Grocery",3.99,1663,2265,39518342.36,23763.28,626.8476190476194,531.8952380952385,498.5880952380956,34.14047619047619,5.45,5.24,-0.01,105820.56,63.67
1823,ExpressHub1235,Long Tail,North India,"Electronics,Sports",4.39,627,890,2740646.18,4371.05,242.24047619047616,199.2666666666666,175.07142857142856,24.52857142857143,10.13,6.3,0.1,55415.89,88.38
1824,PrimeExports3511,Long Tail,South India,"Fashion,Beauty,Home,Sports,Electronics,Grocery",3.54,119,169,2035631.32,17106.15,44.18571428571428,38.06904761904762,34.87619047619047,3.1928571428571426,7.23,6.09,0.0,9140.79,76.81
1825,ExpressSupply8630,Long Tail,West India,"Sports,Beauty,Electronics,Grocery",4.44,545,752,5233873.02,9603.44,200.70714285714283,169.83809523809518,156.45476190476188,14.583333333333334,7.27,5.12,-0.03,30251.17,55.61
1826,MegaImports2032,Long Tail,East India,Grocery,4.61,68,107,996378.06,14652.62,27.021428571428572,21.071428571428573,19.928571428571427,1.476190476190476,5.46,5.75,0.04,5023.48,73.87
1827,FastKart5455,Premium,South India,"Sports,Beauty,Fashion",3.81,1102,1558,4165549.11,3779.99,432.9428571428573,362.41666666666674,334.9000000000001,28.15952380952381,6.5,5.38,-0.04,76943.31,69.95
1828,NextExports1774,Long Tail,East India,"Beauty,Electronics,Grocery,Home,Fashion,Sports",3.69,1331,1824,8388751.64,6302.59,494.85952380952426,416.89761904761934,379.71190476190503,39.08571428571428,7.9,6.2,0.02,115222.53,86.7
1829,FutureTraders8741,Long Tail,Central India,Grocery,4.51,1104,1560,2703308.86,2448.65,411.66904761904783,343.11190476190495,317.1357142857144,27.976190476190474,6.8,5.23,-0.0,70717.38,64.06
1830,ModernExports6681,Mid,West India,"Sports,Home,Fashion",4.94,635,884,10948090.42,17241.09,244.81666666666666,200.76904761904754,185.58571428571423,15.683333333333334,6.41,5.07,-0.05,39198.94,61.73
1831,SmartWholesale9102,Long Tail,Central India,"Beauty,Home,Sports,Fashion,Grocery",3.78,556,766,54514169.8,98047.07,216.497619047619,181.60714285714283,167.72142857142853,14.028571428571428,6.48,5.81,-0.0,43597.45,78.55
1832,SmartCommerce6876,Long Tail,West India,"Beauty,Electronics,Home",4.72,1120,1553,141378357.39,126230.68,424.9785714285717,364.0333333333335,331.20238095238096,33.69761904761905,7.93,5.81,0.02,86399.16,77.14
1833,VertexCommerce9850,Long Tail,South India,"Sports,Fashion,Electronics,Grocery,Beauty",4.43,719,1001,2796016.71,3888.76,272.4523809523809,229.4166666666666,212.47857142857134,17.438095238095237,6.4,5.05,-0.03,42555.22,59.19
1834,UrbanBazaar9912,Long Tail,North India,"Fashion,Sports,Beauty,Electronics,Grocery",4.55,64,82,1210634.33,18916.16,21.711904761904762,16.51904761904762,14.476190476190476,2.0428571428571427,9.41,5.94,0.12,4430.16,69.22
1835,TechMart3698,Long Tail,South India,Grocery,3.58,628,887,2273159.0,3619.68,230.54047619047617,195.49285714285713,185.51428571428568,10.311904761904762,4.47,6.2,-0.06,54308.89,86.48
1836,NationalImports7435,Long Tail,South India,"Home,Beauty,Electronics,Fashion,Sports,Grocery",4.78,208,294,11003209.9,52900.05,82.15714285714286,72.96428571428571,68.4047619047619,4.80952380952381,5.85,5.41,-0.03,13845.18,66.56
1837,NextImports8432,Mid,South India,"Sports,Beauty,Electronics",4.46,1587,2175,29035423.28,18295.79,602.0904761904765,516.7333333333338,467.7500000000004,50.516666666666666,8.39,5.7,0.02,120219.24,75.85
1838,DigitalRetail7653,Mid,East India,"Fashion,Electronics,Grocery,Sports,Beauty,Home",4.94,615,849,3941340.51,6408.68,228.48095238095235,191.88333333333333,174.7,18.183333333333334,7.96,5.3,0.02,37076.49,60.29
1839,GlobalKart1265,Long Tail,North India,"Grocery,Electronics",4.37,32,48,1084137.13,33879.29,12.192857142857143,11.576190476190476,10.992857142857144,0.5833333333333333,4.78,4.79,-0.03,2102.27,65.7
1840,EliteWholesale2168,Mid,North India,Fashion,4.57,693,973,12631306.84,18226.99,263.8952380952381,220.63095238095235,206.04523809523806,16.75238095238095,6.35,5.17,-0.07,44264.43,63.87
1841,QuickKart5918,Mid,East India,"Electronics,Beauty,Home,Grocery",3.85,720,1027,17977872.79,24969.27,263.5238095238095,220.94761904761904,196.69523809523807,24.75238095238095,9.39,5.12,0.06,42188.38,58.68
1842,VertexMarketplace8838,Long Tail,Central India,"Fashion,Home,Beauty",4.87,99,130,1769885.03,17877.63,32.838095238095235,26.861904761904757,25.49523809523809,1.3666666666666667,4.16,7.37,-0.06,8814.29,89.03
1843,ExpressKart9191,Long Tail,East India,Sports,3.72,626,891,2961023.75,4730.07,232.63571428571424,188.2571428571428,174.7880952380952,14.528571428571428,6.25,5.15,-0.04,35696.91,57.12
1844,ExpressWholesale7287,Long Tail,Central India,Home,4.25,1179,1638,22396069.93,18995.82,443.99047619047644,373.42380952380967,348.7619047619049,26.754761904761907,6.03,6.62,-0.03,116286.07,98.88
1845,ApexMarketplace6751,Long Tail,West India,Beauty,3.72,1084,1480,23942988.33,22087.63,424.5190476190478,351.97142857142865,323.5166666666667,29.154761904761905,6.87,5.71,0.03,80524.18,74.35
1846,FastBazaar2508,Mid,North India,"Electronics,Beauty,Sports,Fashion",3.85,93,137,2550028.21,27419.66,32.91666666666667,27.316666666666666,24.81666666666667,2.5,7.59,5.75,-0.04,5700.7,61.3
1847,VertexTraders1562,Mid,East India,"Sports,Electronics,Beauty,Fashion,Home,Grocery",4.53,1153,1603,61256330.62,53127.78,429.17142857142886,366.23095238095254,332.9142857142859,33.983333333333334,7.92,5.53,0.04,76189.96,66.14
1848,UrbanKart3103,Mid,Central India,"Sports,Beauty,Fashion,Home,Grocery",4.63,137,212,3410055.45,24890.92,52.180952380952384,44.5452380952381,38.56190476190476,5.983333333333333,11.47,5.32,-0.03,8995.62,65.66
1849,FastExports7359,Long Tail,Central India,"Electronics,Grocery,Beauty,Sports,Home,Fashion",4.17,218,292,6354765.55,29150.3,76.94285714285715,67.13095238095237,56.52142857142858,10.776190476190475,14.01,5.85,0.06,14065.29,64.52
1850,SuperMart3666,Long Tail,North India,"Electronics,Home,Sports,Grocery,Fashion,Beauty",4.98,187,252,19706967.33,105384.85,70.14999999999999,61.12142857142858,54.38809523809524,6.7333333333333325,9.6,5.75,0.04,12555.29,67.14
1851,PrimeRetail8899,Mid,West India,"Home,Beauty,Electronics,Sports,Grocery",3.94,727,1002,49835907.08,68550.08,274.5857142857143,226.93333333333334,206.66190476190476,22.271428571428572,8.11,5.12,-0.0,46397.57,63.91
1852,EliteEnterprise7172,Long Tail,North India,Beauty,4.35,778,1078,13619899.39,17506.3,295.6380952380954,252.0809523809524,233.92857142857144,18.152380952380952,6.14,4.9,-0.04,47254.58,60.74
1853,ApexWholesale9083,Long Tail,South India,"Fashion,Home",4.87,154,204,4293644.87,27880.81,55.91190476190475,45.55238095238095,41.80952380952381,4.076190476190476,7.29,5.91,0.0,10393.54,67.49
1854,SmartHub1387,Long Tail,West India,"Sports,Electronics,Grocery,Beauty",4.84,1068,1444,35158652.5,32920.09,403.4214285714288,351.4666666666668,318.80952380952397,33.490476190476194,8.3,6.24,-0.02,94490.58,88.47
1855,NationalDistribution7034,Long Tail,Central India,"Sports,Beauty,Electronics",4.48,1230,1673,182764226.78,148588.8,470.3857142857146,392.9476190476193,357.65714285714296,36.32380952380953,7.72,6.14,0.01,101246.35,82.52
1856,ReliableExports7918,Mid,North India,"Beauty,Electronics,Home,Fashion",3.75,650,914,609849.62,938.23,247.68095238095242,205.047619047619,189.39761904761903,15.792857142857144,6.38,5.44,0.02,45351.44,69.88
1857,FutureTraders7575,Long Tail,Central India,Home,4.18,1074,1473,16408445.33,15277.88,394.564285714286,336.25714285714304,314.36904761904776,22.471428571428568,5.7,5.18,-0.03,66871.69,62.38
1858,EliteStore4060,Long Tail,South India,"Electronics,Sports",4.52,112,153,784325.23,7002.9,36.016666666666666,30.157142857142862,28.457142857142863,1.7,4.72,6.14,-0.02,8755.34,78.17
1859,ApexSupply2898,Long Tail,Central India,"Grocery,Home,Sports,Fashion,Electronics,Beauty",3.78,133,193,142925.64,1074.63,48.05952380952381,42.40714285714286,39.22142857142857,3.1857142857142855,6.63,5.73,0.03,9954.77,74.85
1860,DigitalHub7401,Long Tail,North India,"Fashion,Sports",3.64,106,132,2208246.32,20832.51,43.69523809523809,36.94285714285714,33.38333333333334,3.5595238095238093,8.15,5.52,-0.02,8357.76,78.85
1861,TechStore9594,Long Tail,East India,Grocery,3.66,1150,1629,29912790.89,26011.12,444.01666666666694,376.1666666666668,354.48809523809535,21.67857142857143,4.88,5.89,-0.06,91793.73,79.96
1862,ExpressEnterprise4498,Long Tail,South India,"Electronics,Home,Fashion,Beauty,Sports",4.69,157,226,2405786.78,15323.48,55.38571428571428,48.43571428571429,44.166666666666664,4.269047619047619,7.71,5.38,0.0,10135.91,64.56
1863,EliteSupply9870,Mid,North India,"Beauty,Sports,Fashion,Electronics",3.7,543,774,1566575.86,2885.04,201.0190476190476,170.20714285714283,152.1738095238095,18.53333333333333,9.22,5.0,0.08,31831.09,58.62
1864,ApexHub5047,Long Tail,West India,"Fashion,Grocery,Sports,Electronics,Beauty,Home",3.8,1332,1843,18661204.9,14009.91,505.1380952380955,426.8000000000004,387.9000000000003,39.349999999999994,7.79,6.0,-0.01,112856.7,84.79
1865,MegaWholesale6250,Long Tail,West India,"Home,Fashion,Sports,Grocery,Electronics,Beauty",3.75,75,113,490699.99,6542.67,26.002380952380953,21.2,19.166666666666668,2.033333333333333,7.82,5.3,0.17,4508.85,60.12
1866,QuickTraders4681,Long Tail,South India,"Sports,Home",4.73,1683,2272,12778817.1,7592.88,631.9642857142858,533.3000000000002,491.88571428571464,42.41428571428571,6.71,5.19,-0.02,107237.21,63.79
1867,ExpressEnterprise2229,Premium,West India,"Grocery,Beauty,Fashion,Electronics,Sports",4.48,2823,3917,18804571.1,6661.2,1061.0095238095237,900.6952380952381,836.2714285714286,66.25714285714285,6.24,5.42,-0.01,186183.02,66.14
1868,PrimeBazaar2390,Mid,South India,Beauty,4.52,1629,2249,9605642.13,5896.65,597.4738095238098,498.89761904761934,454.24523809523834,45.48571428571429,7.61,5.58,0.03,112743.86,69.25
1869,ModernMart9770,Mid,Central India,"Electronics,Home,Grocery,Fashion,Beauty,Sports",4.44,64,86,1149904.9,17967.26,22.745238095238093,20.485714285714284,19.252380952380953,1.2333333333333334,5.42,5.0,-0.07,3985.76,62.28
1870,QuickEnterprise3248,Long Tail,West India,"Beauty,Grocery,Sports",3.56,1293,1810,15219396.59,11770.61,499.5261904761907,411.9857142857145,377.55952380952397,35.319047619047616,7.07,5.67,0.01,97415.26,75.4
1871,ExpressCommerce9728,Long Tail,Central India,Sports,4.84,90,122,6865412.27,76282.36,33.04047619047619,25.188095238095244,22.654761904761905,2.533333333333333,7.67,5.59,-0.05,6908.38,76.76
1872,ModernDistribution6311,Mid,South India,"Electronics,Home,Grocery,Fashion,Beauty,Sports",4.75,631,845,7367590.46,11676.05,221.47142857142853,180.8142857142857,169.3380952380952,12.00952380952381,5.42,5.37,-0.04,39248.49,62.2
1873,GlobalWholesale6488,Long Tail,Central India,"Home,Sports",3.75,49,62,112210.44,2290.01,18.933333333333337,15.983333333333333,14.983333333333334,1.0,5.28,4.93,-0.2,2878.44,58.74
1874,GlobalEnterprise3281,Long Tail,East India,"Home,Sports,Beauty,Grocery",4.51,775,1095,1432614.52,1848.53,299.4857142857144,244.55714285714282,226.02142857142852,20.928571428571427,6.99,5.3,-0.02,51819.28,66.86
1875,UrbanExports5775,Long Tail,South India,"Sports,Home,Grocery,Electronics,Fashion,Beauty",4.98,638,890,2845203.89,4459.57,239.09285714285713,200.27380952380946,183.25476190476186,17.51904761904762,7.33,4.99,0.01,36745.71,57.6
1876,FutureRetail7416,Long Tail,West India,"Sports,Home,Fashion,Grocery,Beauty",3.87,1082,1519,10543503.9,9744.46,400.2452380952383,332.0119047619049,304.9095238095239,28.10238095238095,7.02,5.53,0.02,71360.84,65.95
1877,SmartMart2180,Long Tail,East India,"Grocery,Beauty,Home",3.66,625,852,21802966.76,34884.75,235.82857142857142,207.56666666666666,192.2571428571428,15.509523809523811,6.58,5.38,-0.06,41458.47,66.33
1878,GlobalEnterprise5174,Long Tail,West India,"Grocery,Beauty,Electronics,Sports",4.87,114,152,2186801.95,19182.47,43.34047619047619,36.9404761904762,35.57380952380952,1.3666666666666667,3.15,5.56,-0.25,9516.44,83.48
1879,MegaSupply9020,Mid,Central India,"Grocery,Home,Beauty,Electronics,Fashion",4.45,153,214,4364861.15,28528.5,58.52619047619047,47.590476190476195,44.80714285714286,2.783333333333333,4.76,6.06,-0.03,13005.38,85.0
1880,SmartHub3013,Long Tail,East India,"Beauty,Sports,Home,Electronics",4.16,105,151,3085673.65,29387.37,37.30714285714286,31.65714285714286,27.74047619047619,3.916666666666666,10.5,5.51,0.07,6354.03,60.51
1881,PrimeMart2760,Long Tail,Central India,Electronics,4.64,769,1050,10560385.81,13732.62,285.12380952380954,241.74999999999997,228.7,13.966666666666667,4.9,5.77,-0.04,57661.33,75.08
1882,GlobalKart1981,Long Tail,North India,"Fashion,Electronics,Beauty",4.91,758,1027,9430830.66,12441.73,285.38809523809533,242.13095238095238,222.5380952380952,22.09285714285714,7.74,6.09,-0.02,65013.2,85.77
1883,ValueRetail4776,Long Tail,South India,"Grocery,Home,Sports",4.81,2259,3095,39140120.91,17326.3,837.7476190476191,704.0071428571431,648.8928571428575,60.990476190476194,7.28,6.03,-0.01,178341.07,79.12
1884,TechBazaar6189,Long Tail,South India,"Grocery,Home,Sports,Electronics,Beauty",3.88,113,158,3040095.36,26903.5,42.911904761904765,35.90238095238095,28.80952380952381,7.592857142857143,17.69,5.58,0.14,6976.94,61.74
1885,PrimeMarketplace5419,Mid,West India,"Fashion,Grocery,Electronics,Beauty",3.9,774,1044,28125563.15,36337.94,267.7357142857143,216.14999999999998,195.15952380952376,21.46666666666667,8.02,6.88,0.02,77808.59,100.92
1886,ValueRetail4965,Long Tail,West India,Fashion,4.45,183,260,4867485.45,26598.28,68.7642857142857,56.55952380952382,51.40714285714286,5.152380952380953,7.49,6.13,0.07,14010.92,76.56
1887,FastStore1051,Premium,South India,"Fashion,Sports",3.89,1136,1536,166809616.05,146839.45,430.7357142857146,362.23571428571455,331.5476190476192,31.588095238095242,7.33,5.18,0.01,72647.72,63.95
1888,SuperRetail4804,Mid,North India,"Beauty,Grocery,Sports",3.54,274,348,3534489.49,12899.6,108.35000000000001,88.51666666666668,82.23333333333333,6.283333333333333,5.8,6.19,-0.01,24928.18,90.98
1889,SuperTraders3463,Long Tail,West India,Beauty,4.44,103,164,563536.89,5471.23,36.96666666666667,32.59047619047619,29.857142857142858,2.733333333333334,7.39,5.26,0.04,6001.43,58.27
1890,ValueEnterprise9584,Long Tail,East India,"Beauty,Electronics,Home,Grocery,Fashion",4.73,1716,2323,5702432.61,3323.1,639.6404761904763,531.9976190476193,494.96666666666704,39.23095238095238,6.13,5.7,-0.03,124759.26,72.83
1891,NationalMarketplace7355,Premium,West India,Beauty,4.48,591,807,7002809.3,11849.09,216.09523809523807,178.6666666666666,164.84999999999997,13.983333333333333,6.47,7.2,-0.05,67569.3,114.33
1892,PrimeMarketplace7187,Long Tail,South India,"Home,Fashion",4.39,83,124,23263647.54,280284.91,28.769047619047623,25.402380952380952,24.56904761904762,0.8333333333333333,2.9,5.99,0.0,7279.73,87.71
1893,QuickMart5075,Long Tail,East India,"Fashion,Sports,Home,Grocery",3.53,59,89,3327952.44,56405.97,20.185714285714287,14.502380952380951,12.692857142857141,1.8095238095238093,8.96,6.84,0.11,5767.89,97.76
1894,ApexRetail2059,Mid,West India,"Grocery,Beauty,Electronics,Home",3.9,1214,1677,30782678.34,25356.41,466.55476190476224,394.66428571428594,364.4357142857144,30.978571428571428,6.64,5.03,0.03,72962.77,60.2
1895,ApexCommerce6890,Long Tail,West India,Beauty,5.0,135,194,920668.47,6819.77,48.673809523809524,41.60714285714286,35.19047619047619,6.916666666666666,14.21,5.3,0.02,8789.02,65.1
1896,ValueMart6705,Long Tail,South India,"Beauty,Sports,Grocery,Electronics",3.9,636,859,12024232.26,18906.03,225.90714285714284,183.8238095238095,172.11428571428564,12.959523809523812,5.74,7.35,-0.05,72751.11,114.39
1897,EliteRetail9473,Long Tail,Central India,"Home,Beauty,Fashion",4.95,201,275,3094050.71,15393.29,75.56904761904762,59.93333333333334,53.864285714285714,6.069047619047619,8.03,5.59,0.05,13416.63,67.08
1898,FutureKart4745,Mid,North India,"Electronics,Beauty",4.25,629,842,53601177.84,85216.5,223.1166666666666,182.46190476190472,167.23571428571424,15.86904761904762,7.11,6.09,0.03,46143.12,73.48
1899,ReliableKart5102,Mid,North India,"Electronics,Grocery",3.7,136,190,3089122.85,22714.14,49.283333333333346,41.61666666666667,40.11666666666667,1.5,3.04,5.07,-0.09,9184.52,67.53
1900,SmartWholesale8141,Long Tail,East India,"Beauty,Fashion,Home",4.95,1318,1811,11888579.76,9020.17,481.58333333333377,398.99523809523845,364.9809523809526,34.32380952380952,7.13,6.39,-0.02,119011.18,90.37
1901,DigitalHub9528,Long Tail,North India,"Fashion,Beauty",3.95,611,861,5305325.22,8683.02,228.80000000000004,189.7452380952381,175.54285714285712,14.56904761904762,6.37,5.46,-0.06,41449.5,67.95
1902,MegaMarketplace3882,Premium,East India,Grocery,3.91,596,804,47302794.6,79367.11,219.19285714285715,186.0619047619047,171.22619047619042,15.169047619047618,6.92,5.38,0.04,40960.47,68.73
1903,GlobalMarketplace2262,Long Tail,North India,"Beauty,Fashion,Grocery,Electronics",4.07,670,952,9693185.7,14467.44,252.03095238095233,214.96190476190466,197.14047619047614,17.821428571428577,7.07,5.07,0.01,38197.26,57.01
1904,EliteBazaar3033,Premium,West India,Home,4.01,140,192,8637545.17,61696.75,52.99285714285714,41.483333333333334,35.916666666666664,6.566666666666666,12.39,5.76,0.03,11318.19,80.84
1905,ReliableDistribution4060,Long Tail,South India,"Sports,Fashion,Grocery",4.44,127,184,695585.87,5477.05,49.45952380952381,42.1,39.266666666666666,2.833333333333333,5.73,5.85,-0.07,10636.41,83.75
1906,EliteEnterprise5461,Mid,Central India,Home,3.75,1151,1574,6768885.92,5880.87,448.4166666666671,371.22142857142876,336.509523809524,36.56190476190476,8.15,5.31,0.02,72044.93,62.7
1907,NationalDistribution1931,Long Tail,West India,Grocery,4.73,64,90,508980.05,7952.81,22.204761904761902,18.96904761904762,18.185714285714283,0.7833333333333332,3.53,5.2,0.14,3602.72,56.29
1908,SmartWholesale3167,Mid,South India,"Electronics,Beauty",3.61,769,1033,28919083.58,37606.09,285.67142857142863,232.23571428571427,214.47619047619042,18.00952380952381,6.3,7.2,-0.03,86189.85,112.08
1909,SuperHub2800,Mid,South India,"Home,Grocery,Sports,Fashion,Electronics",3.68,2309,3242,52022842.88,22530.46,875.0857142857141,730.2785714285716,676.9285714285716,54.599999999999994,6.24,5.28,-0.0,149609.77,64.93
1910,DigitalTraders9665,Mid,West India,"Grocery,Electronics,Sports,Fashion,Beauty,Home",4.89,97,122,3748224.93,38641.49,35.11666666666667,28.154761904761905,26.904761904761905,1.25,3.56,5.42,0.03,7938.03,81.84
1911,SuperImports9514,Mid,East India,"Grocery,Sports,Beauty,Home",4.76,743,1055,10685387.0,14381.41,274.93809523809523,235.46428571428567,217.88571428571422,17.57857142857143,6.39,5.12,-0.01,45607.63,61.38
1912,EliteBazaar9187,Long Tail,South India,"Grocery,Beauty,Home,Sports,Fashion",4.56,1162,1598,106073729.3,91285.48,447.75000000000034,374.85476190476214,348.57380952380976,26.280952380952378,5.87,5.4,-0.04,82360.85,71.0
1913,PrimeMarketplace7021,Long Tail,East India,Fashion,3.76,1129,1576,9927989.82,8793.61,419.2023809523812,358.39761904761923,330.68095238095253,28.66666666666667,6.84,4.83,-0.04,64872.16,57.46
1914,TechCommerce8982,Mid,South India,"Beauty,Sports,Grocery,Fashion,Home",4.46,629,898,4663933.52,7414.84,232.19523809523804,201.41904761904757,184.8428571428571,17.07619047619048,7.35,6.14,-0.02,52338.79,83.34
1915,ValueEnterprise3411,Long Tail,West India,Fashion,4.04,87,117,561595.93,6455.13,35.78095238095238,29.07857142857143,25.728571428571428,3.3500000000000005,9.36,6.01,0.16,6011.95,69.1
1916,SmartKart4720,Long Tail,West India,"Sports,Fashion,Home,Grocery,Electronics",4.99,673,923,13003995.74,19322.43,264.9214285714286,228.68571428571425,208.62142857142854,20.064285714285717,7.57,5.06,0.05,42045.19,62.47
1917,GlobalTraders3136,Long Tail,West India,"Beauty,Sports,Grocery,Fashion",4.72,124,172,2633249.51,21235.88,48.349999999999994,40.61666666666667,36.85,3.7666666666666666,7.79,5.32,-0.02,8182.33,65.99
1918,DigitalCommerce1870,Long Tail,East India,"Fashion,Electronics",4.69,1236,1742,34447370.46,27870.04,461.86190476190507,383.21190476190503,348.77380952380975,34.6047619047619,7.49,6.35,-0.04,108572.56,88.06
1919,DigitalCommerce9397,Mid,Central India,"Sports,Beauty,Electronics,Home",4.83,623,880,2106060.87,3380.52,238.9428571428571,196.61666666666662,180.40476190476184,16.211904761904762,6.78,5.32,-0.01,40313.08,64.71
1920,PrimeCommerce6430,Long Tail,South India,Beauty,4.41,635,882,3927802.81,6185.52,214.79047619047614,178.65952380952376,167.79999999999995,11.109523809523811,5.17,5.76,-0.07,41180.06,64.95
1921,MegaKart9347,Long Tail,South India,"Fashion,Electronics,Grocery,Beauty,Sports",4.13,561,761,1728215.95,3080.6,207.95,175.71904761904761,165.80238095238093,10.083333333333334,4.85,5.76,-0.06,42149.99,75.13
1922,VertexTraders6684,Premium,Central India,"Home,Electronics,Beauty,Fashion,Sports",3.64,120,160,710616.7,5921.81,42.75714285714286,37.99047619047619,35.07380952380952,2.916666666666667,6.82,6.06,-0.09,9517.55,79.31
1923,SuperEnterprise8987,Long Tail,West India,"Home,Electronics,Grocery",4.81,356,505,17516469.66,49203.57,142.54285714285712,123.53809523809522,116.33571428571427,8.202380952380953,5.75,5.79,-0.07,29524.77,82.93
1924,ModernImports8206,Mid,East India,"Electronics,Grocery,Sports,Beauty,Fashion",3.82,1129,1554,34809571.76,30832.22,429.1761904761908,354.0142857142859,327.94523809523827,27.319047619047623,6.37,5.32,-0.05,79211.83,70.22
1925,VertexSupply5518,Long Tail,West India,"Fashion,Electronics",3.98,599,817,1723866.31,2877.91,236.2833333333333,197.75952380952376,177.83571428571423,20.623809523809523,8.73,4.97,0.01,35205.95,58.77
1926,DigitalKart3178,Premium,South India,Electronics,3.74,1236,1772,30807400.25,24925.08,470.2857142857145,403.009523809524,367.3476190476192,36.88809523809523,7.84,6.03,0.02,99724.17,80.94
1927,GlobalKart2085,Long Tail,South India,"Fashion,Beauty,Sports,Grocery,Home",4.78,619,864,80006234.01,129250.78,234.27857142857138,201.82380952380947,186.14047619047616,16.683333333333334,7.12,5.27,-0.02,42260.96,68.38
1928,ExpressEnterprise2082,Long Tail,South India,Home,4.11,1192,1657,12872906.5,10799.42,455.3071428571431,378.3904761904763,356.87142857142874,23.185714285714287,5.09,5.35,-0.05,81238.68,68.27
1929,UrbanStore8530,Long Tail,East India,"Sports,Beauty",3.72,110,141,1384398.54,12585.44,37.22857142857143,31.63571428571428,29.18571428571429,2.45,6.58,6.48,-0.02,9835.57,89.41
1930,NationalHub9520,Premium,East India,"Home,Beauty,Sports,Grocery,Fashion,Electronics",3.53,665,935,125475926.1,188685.6,258.0047619047619,208.70238095238096,190.7523809523809,18.78333333333333,7.28,5.24,-0.0,44602.94,67.27
1931,FastCommerce9336,Long Tail,East India,"Fashion,Sports,Electronics,Grocery,Home",4.18,1125,1535,42346783.77,37641.59,429.1690476190479,367.72380952380973,337.2166666666668,30.507142857142856,7.11,5.79,0.0,84810.41,75.66
1932,ReliableRetail4587,Long Tail,South India,"Beauty,Electronics,Home,Fashion,Grocery,Sports",3.51,684,923,3733382.35,5458.16,255.4452380952381,218.3166666666666,199.6785714285714,19.638095238095236,7.69,5.22,0.02,45298.57,66.42
1933,NationalCommerce7760,Long Tail,West India,"Electronics,Grocery",4.58,688,930,3925253.76,5705.31,251.49285714285713,212.00952380952378,200.34047619047612,12.919047619047618,5.14,5.43,-0.04,47823.43,69.51
1934,VertexTraders2086,Long Tail,East India,"Home,Sports,Electronics,Beauty,Grocery",4.6,1718,2370,47323718.61,27545.82,644.5880952380955,535.8238095238097,492.9214285714288,45.56904761904762,7.07,5.34,-0.01,113501.93,66.18
1935,ExpressKart6468,Long Tail,East India,"Beauty,Sports,Fashion,Grocery",4.72,674,939,5159016.44,7654.33,264.58095238095234,231.76904761904757,213.84047619047618,18.128571428571426,6.85,4.91,0.04,40767.05,60.49
1936,QuickMarketplace4506,Long Tail,West India,"Fashion,Beauty,Grocery",3.82,627,892,11916797.55,19006.06,222.9547619047619,186.31904761904764,169.61666666666667,17.702380952380953,7.94,5.14,0.02,37738.85,60.19
1937,VertexEnterprise3701,Mid,East India,"Home,Fashion",4.44,37,49,94841.16,2563.27,15.026190476190477,13.25952380952381,11.75952380952381,1.5,9.98,5.55,-0.03,2990.62,80.83
1938,PrimeStore1139,Long Tail,South India,"Home,Grocery,Beauty,Electronics,Sports",4.12,664,924,2632750.33,3964.99,254.39761904761912,205.30952380952377,190.48333333333326,15.476190476190476,6.08,5.06,-0.01,42048.62,63.33
1939,TechTraders3909,Long Tail,North India,"Beauty,Electronics,Fashion,Grocery",4.8,771,1063,9992737.86,12960.75,283.2119047619048,238.79047619047617,222.90476190476184,16.71904761904762,5.9,5.23,-0.02,47521.69,61.64
1940,MegaHub6075,Premium,East India,"Home,Sports,Electronics",4.17,588,826,8866847.61,15079.67,226.99047619047616,192.29523809523803,176.9023809523809,15.392857142857142,6.78,7.59,-0.0,76321.8,129.8
1941,PrimeKart1003,Premium,South India,Grocery,3.81,613,875,132694948.77,216468.11,221.60238095238094,178.71428571428567,165.39523809523806,14.519047619047619,6.55,6.17,-0.03,50234.4,81.95
1942,UrbanMart5774,Mid,Central India,"Beauty,Sports",4.04,225,307,10540926.23,46848.56,82.5047619047619,67.15238095238095,61.16904761904762,6.183333333333334,7.49,5.89,-0.07,18452.28,82.01
1943,SuperMarketplace5259,Long Tail,South India,"Electronics,Grocery,Home,Sports,Beauty",4.22,699,967,3655004.15,5228.9,257.1714285714285,213.5333333333333,197.10714285714278,16.75952380952381,6.52,6.28,-0.01,58676.77,83.94
1944,MegaSupply6548,Long Tail,South India,"Grocery,Electronics,Beauty,Home,Sports,Fashion",4.35,731,1015,7859071.88,10751.12,275.70476190476194,233.70714285714283,212.42619047619044,21.28095238095238,7.72,7.1,0.04,81079.69,110.92
1945,QuickSupply4852,Long Tail,East India,"Beauty,Home,Grocery,Fashion",4.7,602,827,5197945.85,8634.46,228.89999999999995,199.51666666666665,186.8047619047619,12.961904761904762,5.66,5.98,-0.03,47595.96,79.06
1946,SmartExports3543,Long Tail,North India,"Fashion,Sports,Beauty",4.58,1138,1569,8912121.18,7831.39,417.8809523809527,344.0285714285715,319.2809523809525,25.747619047619047,6.16,5.23,-0.02,69470.75,61.15
1947,UrbanHub2764,Long Tail,West India,Grocery,4.24,2344,3258,15500451.8,6612.82,891.2,743.2928571428573,686.2285714285715,59.147619047619045,6.64,5.04,-0.01,141200.35,60.52
1948,DigitalEnterprise6451,Mid,East India,"Sports,Electronics",4.2,31,38,112190.28,3619.04,12.933333333333334,11.599999999999998,10.766666666666666,0.8333333333333333,6.44,5.71,-0.11,2310.81,74.54
1949,ValueSupply3008,Mid,Central India,"Sports,Beauty",4.87,2153,2962,46423983.59,21562.46,807.8285714285714,690.8309523809526,628.3738095238098,63.540476190476184,7.87,5.52,0.0,152320.03,70.91
1950,FutureHub7402,Long Tail,South India,"Home,Fashion,Beauty,Sports,Electronics",4.93,701,982,55158578.79,78685.56,267.2166666666667,224.65238095238092,209.10952380952375,17.076190476190476,6.39,5.93,-0.03,55432.92,79.08
1951,MegaWholesale5131,Premium,West India,Electronics,4.45,146,185,6638072.01,45466.25,58.19285714285715,53.05952380952381,49.38333333333333,4.9261904761904765,8.47,6.54,0.02,14317.0,98.06
1952,SmartWholesale6356,Mid,West India,"Beauty,Sports,Home,Fashion",3.69,1244,1766,15712958.83,12631.0,482.95476190476217,402.4761904761907,375.7690476190478,28.54047619047619,5.91,5.87,-0.03,100139.84,80.63
1953,EliteMart7812,Long Tail,North India,"Grocery,Fashion,Electronics",3.65,757,1030,80200029.85,105944.56,290.28571428571433,242.3833333333333,221.79047619047617,20.735714285714288,7.14,5.18,-0.02,50263.81,66.49
1954,NextBazaar9115,Long Tail,East India,"Fashion,Electronics,Sports",4.17,2353,3275,54441243.44,23136.95,874.0547619047619,727.2880952380951,659.8190476190476,68.80238095238096,7.87,5.88,0.01,181980.74,77.41
1955,VertexCommerce6524,Long Tail,North India,"Fashion,Beauty,Electronics,Grocery,Sports,Home",3.83,122,158,21559922.09,176720.67,48.514285714285705,39.59761904761904,36.53095238095238,3.066666666666667,6.32,5.24,-0.05,8723.37,71.5
1956,ModernImports9273,Long Tail,East India,"Grocery,Fashion,Sports,Electronics",4.11,336,459,6459537.14,19224.81,128.5190476190476,108.13571428571426,100.85,7.285714285714286,5.67,5.4,-0.04,20671.51,61.71
1957,MegaTraders9964,Long Tail,East India,"Grocery,Sports,Fashion,Beauty",4.57,100,144,1555509.05,15555.09,39.685714285714276,36.28571428571428,34.142857142857146,2.142857142857143,5.4,5.43,0.0,6318.73,63.19
1958,ValueMarketplace2028,Long Tail,West India,"Electronics,Home,Grocery,Sports",4.28,632,889,2922457.22,4624.14,232.42857142857136,194.7190476190476,175.7738095238095,19.445238095238096,8.37,5.97,-0.0,47965.99,75.9
1959,ApexRetail8360,Long Tail,East India,"Beauty,Grocery,Fashion,Sports",4.98,1081,1490,32895028.01,30430.18,399.4166666666669,332.9357142857145,305.21428571428584,28.554761904761904,7.15,6.01,0.0,89668.51,83.03
1960,NationalRetail1664,Long Tail,South India,"Electronics,Fashion,Home,Grocery,Beauty,Sports",3.93,1714,2363,179595548.35,104781.53,643.1214285714289,543.109523809524,509.8095238095241,35.0,5.44,5.24,-0.01,108905.55,63.61
1961,MegaStore5483,Mid,Central India,"Fashion,Beauty,Electronics,Sports",3.66,701,977,6841601.45,9759.77,248.46904761904761,213.4785714285714,199.27380952380943,14.454761904761904,5.82,5.2,0.0,41564.14,59.38
1962,ExpressMarketplace4496,Long Tail,Central India,"Beauty,Electronics,Home,Sports,Grocery",3.76,758,1044,4895940.29,6459.02,283.602380952381,232.65476190476195,212.74285714285713,20.745238095238097,7.31,5.2,-0.01,47639.82,62.85
1963,EliteBazaar4281,Long Tail,North India,"Home,Electronics,Fashion,Beauty,Sports",3.87,1259,1769,24747357.64,19656.36,486.55238095238127,410.5261904761908,371.4833333333335,40.90952380952381,8.41,6.42,0.02,119814.3,95.24
1964,TechStore3127,Mid,East India,"Electronics,Home,Fashion,Beauty",4.67,785,1082,6052034.58,7709.6,301.2095238095239,258.1190476190476,240.047619047619,18.27142857142857,6.07,5.03,-0.04,48311.84,61.62
1965,EliteCommerce2599,Long Tail,East India,"Home,Sports,Beauty,Electronics,Fashion,Grocery",4.42,697,960,1493309.0,2142.48,252.4476190476191,214.46666666666667,196.42142857142852,18.68809523809524,7.4,5.25,-0.01,45039.63,64.71
1966,UrbanWholesale1054,Long Tail,South India,"Sports,Grocery,Electronics,Beauty,Home",3.62,610,838,2280852.58,3739.1,229.0833333333333,195.39999999999992,177.4333333333333,18.466666666666665,8.06,6.14,-0.01,52883.44,86.69
1967,ModernStore9199,Mid,Central India,"Fashion,Electronics,Beauty",3.87,97,131,5395807.58,55626.88,33.97619047619048,28.383333333333336,27.400000000000006,2.626190476190476,7.73,5.25,-0.01,6111.58,63.01
1968,PrimeCommerce3890,Mid,West India,"Electronics,Beauty,Home,Sports,Fashion",4.08,647,902,17784442.67,27487.55,242.21428571428572,209.78095238095239,193.85000000000002,16.264285714285712,6.71,6.38,-0.03,57479.73,88.84
1969,TechDistribution2415,Mid,North India,"Grocery,Home",4.53,113,144,10042935.36,88875.53,38.826190476190476,31.990476190476194,29.873809523809527,2.1166666666666667,5.45,5.91,-0.02,8301.86,73.47
1970,NationalWholesale9762,Premium,South India,"Home,Fashion",3.86,715,967,3175495.52,4441.25,263.102380952381,224.80238095238093,206.2333333333333,19.211904761904762,7.3,5.6,0.01,50527.97,70.97
1971,NationalEnterprise7593,Premium,South India,"Home,Electronics,Sports,Fashion,Beauty,Grocery",4.12,685,959,11102568.46,16208.13,261.8738095238095,222.1809523809523,201.14523809523803,21.535714285714285,8.22,6.62,-0.03,69801.56,102.05
1972,ApexExports2096,Long Tail,South India,"Grocery,Beauty",3.53,50,70,1271392.71,25427.85,17.145238095238092,14.585714285714287,14.135714285714288,0.45,2.62,7.68,-0.05,5355.65,107.11
1973,GlobalDistribution1687,Mid,North India,"Beauty,Grocery,Sports,Fashion,Home,Electronics",4.95,694,964,1837185.64,2647.24,261.9571428571429,225.6261904761905,203.69047619047612,22.27857142857143,8.5,5.23,0.02,45058.75,64.93
1974,FutureKart7103,Long Tail,East India,"Electronics,Grocery",4.01,1143,1560,6317531.11,5527.15,433.26904761904797,364.6952380952383,336.80000000000007,29.228571428571428,6.75,7.01,-0.02,122940.88,107.56
1975,VertexBazaar2908,Mid,Central India,"Electronics,Home,Beauty,Sports,Grocery,Fashion",4.52,155,223,4805052.98,31000.34,57.576190476190476,49.114285714285714,45.81190476190476,3.3023809523809526,5.74,5.98,0.08,11883.54,76.67
1976,VertexEnterprise1532,Long Tail,East India,"Beauty,Grocery,Home,Electronics",3.72,175,244,4067433.04,23242.47,63.73809523809523,48.52857142857143,44.62857142857143,3.9,6.12,5.65,-0.06,14127.33,80.73
1977,MegaWholesale2746,Mid,North India,"Grocery,Beauty,Home",4.69,731,1015,6973800.55,9540.08,285.86666666666673,235.98333333333338,215.34999999999997,21.5,7.52,5.53,0.04,49890.6,68.25
1978,ValueStore9699,Long Tail,East India,"Fashion,Home,Beauty,Electronics,Sports,Grocery",3.57,215,294,8181947.46,38055.57,77.9738095238095,65.31904761904761,60.32619047619048,5.492857142857143,7.04,5.4,-0.01,14463.54,67.27
1979,TechMart6369,Long Tail,South India,"Home,Sports,Beauty,Electronics",3.96,586,847,3115865.57,5317.18,206.54761904761895,175.61904761904756,160.5238095238095,15.761904761904761,7.63,5.22,0.0,34983.43,59.7
1980,NationalMarketplace2640,Long Tail,East India,Fashion,4.65,620,821,5612790.13,9052.89,233.34285714285713,199.2571428571428,184.13809523809522,15.452380952380953,6.62,6.72,-0.01,60287.25,97.39
1981,ModernCommerce3027,Mid,South India,Home,4.1,1259,1737,8197013.31,6510.73,457.8309523809527,375.93571428571454,344.26428571428585,33.33809523809524,7.28,5.84,-0.01,97313.43,77.48
1982,NextKart5530,Long Tail,East India,"Grocery,Electronics",4.11,645,880,3289082.07,5099.35,246.35476190476192,211.1738095238095,192.89523809523808,19.27857142857143,7.83,5.25,0.02,40794.79,63.25
1983,UrbanDistribution7613,Long Tail,North India,"Grocery,Electronics,Home,Beauty,Fashion",4.23,120,178,270194.32,2251.62,44.80238095238096,38.19285714285714,35.59285714285714,2.6,5.8,5.43,-0.11,8733.69,72.78
1984,MegaHub2126,Long Tail,North India,"Electronics,Home,Grocery,Beauty",4.86,661,892,3661964.41,5540.04,250.26190476190476,216.5047619047619,201.66904761904757,15.369047619047619,6.14,5.15,0.0,42713.29,64.62
1985,ExpressKart8687,Mid,East India,Electronics,4.9,192,294,4304519.03,22419.37,76.60714285714286,64.1547619047619,61.16904761904762,2.9857142857142858,3.9,5.37,-0.11,14389.62,74.95
1986,PrimeCommerce3758,Premium,South India,"Electronics,Home,Fashion,Grocery,Sports",4.69,1633,2287,5336148.33,3267.7,608.2595238095241,507.05476190476236,460.45952380952417,49.71190476190477,8.17,5.68,0.01,116520.13,71.57
1987,SmartHub9350,Long Tail,South India,"Sports,Electronics,Grocery,Fashion,Beauty",4.71,587,827,15574486.2,26532.34,227.23571428571424,193.84523809523805,179.40238095238095,14.442857142857143,6.36,5.54,-0.02,42577.35,72.66
1988,NationalDistribution5477,Long Tail,Central India,Sports,3.93,645,909,7557429.36,11716.94,237.0809523809524,203.36666666666662,193.26428571428568,10.302380952380952,4.35,5.69,-0.07,46872.35,72.67
1989,VertexImports7364,Long Tail,South India,"Fashion,Beauty,Sports,Electronics,Grocery,Home",3.57,712,1002,41441978.57,58205.03,278.5000000000001,233.47619047619042,211.95238095238093,22.200000000000003,7.97,5.9,0.01,60059.75,84.35
1990,ApexMart5413,Long Tail,South India,"Home,Sports,Fashion,Beauty,Grocery",4.31,43,61,114808.04,2669.95,17.142857142857142,15.492857142857144,14.959523809523809,0.5333333333333333,3.11,4.44,0.0,2463.28,57.29
1991,ValueMart9153,Long Tail,North India,Sports,4.47,683,938,35365398.46,51779.5,247.92142857142852,206.35952380952378,185.4928571428571,22.7,9.16,5.75,0.0,50473.01,73.9
1992,SmartMarketplace4020,Mid,Central India,"Grocery,Fashion,Home,Beauty",4.94,140,210,5445391.07,38895.65,54.830952380952375,43.73095238095238,40.214285714285715,3.516666666666667,6.41,5.45,0.07,9983.24,71.31
1993,PrimeImports7467,Long Tail,South India,"Fashion,Sports,Electronics,Beauty,Home,Grocery",3.71,696,926,12720102.31,18276.01,271.3952380952381,217.74523809523808,198.0238095238095,20.197619047619053,7.44,5.74,0.03,49627.2,71.41
1994,GlobalExports2814,Mid,North India,"Electronics,Grocery,Sports",4.35,702,965,23836040.55,33954.47,266.92380952380955,221.97380952380945,205.647619047619,17.326190476190476,6.49,6.34,-0.03,59269.96,84.43
1995,GlobalTraders3365,Long Tail,South India,Home,4.5,136,200,4191922.64,30822.96,52.90714285714286,43.91428571428572,39.654761904761905,4.2595238095238095,8.05,5.93,0.06,9725.69,71.51
1996,SuperImports4302,Long Tail,South India,"Electronics,Home,Grocery,Fashion,Beauty,Sports",3.52,680,952,10723886.53,15770.42,266.3714285714286,231.11666666666667,217.4880952380952,13.771428571428572,5.17,6.3,-0.07,65147.76,95.81
1997,ExpressMart8167,Long Tail,North India,"Home,Fashion,Grocery,Beauty",4.19,104,139,436184.46,4194.08,35.150000000000006,30.55,28.03095238095238,3.5190476190476185,10.01,5.68,0.04,6137.81,59.02
1998,SuperHub2006,Premium,North India,Beauty,3.61,585,790,2820654.79,4821.63,220.69285714285712,192.96428571428564,179.62857142857135,13.335714285714285,6.04,5.13,-0.08,38332.71,65.64
1999,UrbanDistribution5705,Premium,South India,"Grocery,Home,Fashion,Beauty",4.25,142,183,2601926.25,18323.42,53.904761904761905,45.87142857142857,44.3547619047619,1.5166666666666666,2.81,5.03,-0.07,9299.32,65.49
2000,ExpressEnterprise9676,Mid,North India,"Fashion,Beauty,Electronics",4.23,626,839,1772253.68,2831.08,232.3333333333333,190.14523809523803,180.34285714285707,10.052380952380952,4.33,5.37,-0.02,40520.22,64.73
229,NextTraders3007,Long Tail,East India,Home,4.17,0,0,0.0,0.0,0.0,0.0,0.0,0.0,0.0,0.0,0.0,0.0,0.0
251,ModernExports8739,Mid,North India,"Grocery,Fashion,Sports,Electronics,Home,Beauty",4.74,0,0,0.0,0.0,0.0,0.0,0.0,0.0,0.0,0.0,0.0,0.0,0.0
332,UrbanMart9019,Long Tail,Central India,"Home,Fashion,Beauty",3.82,0,0,0.0,0.0,0.0,0.0,0.0,0.0,0.0,0.0,0.0,0.0,0.0
363,PrimeRetail5668,Long Tail,North India,"Fashion,Sports,Home",4.1,0,0,0.0,0.0,0.0,0.0,0.0,0.0,0.0,0.0,0.0,0.0,0.0
562,FutureRetail1004,Mid,South India,"Sports,Fashion,Grocery,Home,Electronics",3.59,0,0,0.0,0.0,0.0,0.0,0.0,0.0,0.0,0.0,0.0,0.0,0.0
611,FastMarketplace2960,Premium,West India,Fashion,4.27,0,0,0.0,0.0,0.0,0.0,0.0,0.0,0.0,0.0,0.0,0.0,0.0
641,QuickMart2393,Premium,West India,Grocery,4.18,0,0,0.0,0.0,0.0,0.0,0.0,0.0,0.0,0.0,0.0,0.0,0.0
725,ExpressWholesale4878,Long Tail,Central India,Grocery,4.39,0,0,0.0,0.0,0.0,0.0,0.0,0.0,0.0,0.0,0.0,0.0,0.0
856,ExpressImports9837,Mid,Central India,Grocery,3.52,0,0,0.0,0.0,0.0,0.0,0.0,0.0,0.0,0.0,0.0,0.0,0.0
1232,TechMart2822,Mid,South India,"Sports,Home,Beauty,Grocery",4.99,0,0,0.0,0.0,0.0,0.0,0.0,0.0,0.0,0.0,0.0,0.0,0.0
1559,ModernBazaar9775,Long Tail,Central India,"Home,Sports,Grocery,Beauty,Electronics",4.18,0,0,0.0,0.0,0.0,0.0,0.0,0.0,0.0,0.0,0.0,0.0,0.0
1788,FastBazaar6582,Long Tail,Central India,"Home,Beauty",4.47,0,0,0.0,0.0,0.0,0.0,0.0,0.0,0.0,0.0,0.0,0.0,0.0
